fen,dataset_next_move,side_to_move,stockfish_bestmove,score_before,score_after,delta
rnb2k1q/3ppp2/7b/1N3Bpr/QP3Pn1/P7/2PPN1R1/1RBK4 b - - 2 24,a8a4,black,a8a4,516,493,-23
1rbq1b1r/ppp1k3/Q1npp1p1/5p1p/1PPP4/P3P1P1/R1B1KP1P/1NB3NR b - - 1 19,b7a6,black,b7a6,543,514,-29
r2qkbnr/p1pbpppp/3p4/1pn5/1P4P1/2NP4/P1P1PP1P/R1BQKBNR w KQkq - 1 6,b4c5,white,b4c5,357,353,-4
rnb5/3pbp2/3k1n1r/pp4pp/2P2Pq1/K1NpB2N/PP2P1BP/R5R1 w - - 0 21,c3b5,white,c3b5,-307,-337,-30
r3kbnr/7p/qpnp1pp1/R1p1p3/4P1QP/5NPR/1PPP1P2/1NB1KB2 b kq - 2 12,a6a5,black,a6a5,-9,-3,6
r2k1b2/p1qppp1r/npbp3p/P1n1B3/1RP3p1/NP1P3P/4P1B1/4K1N1 w - - 0 24,a3b5,white,a3b5,-938,-945,-7
2rk1bnr/N3pp2/1p2b3/1pp3Pp/5q2/P1NP4/R1P1P1P1/2QK1B2 w - - 1 23,c1f4,white,c1f4,589,619,30
r1bqkr2/ppppnp2/2n1p1p1/P3N3/1bP1P3/3P1P2/1PQ1K1pP/1RB2BNR w q - 3 16,f1g2,white,f1g2,-520,-519,1
rnbqkbr1/2p1pp1p/1p1p1np1/pP1P4/P6P/1QP5/4PPPR/RNB1KBN1 b Qq - 1 9,c8b7,black,c8b7,167,166,-1
2b1kbnr/rpp2p2/pQ2q3/3pp1pp/1n1P4/2P2N2/PP2PPPP/R1B1KBNR w KQk - 6 11,b6e6,white,b6e6,322,322,0
1rbq1b1r/1p1p1k2/p3pp1p/2pP3P/1P1n1PR1/1Q4P1/P1P1PN2/RN1K1B2 w - - 4 20,b3d3,white,b3d3,211,232,21
4kbnr/rppqppp1/7p/pb6/PP1P1P1P/3PBN2/4KPPR/RN2QB2 b k - 2 17,a5b4,black,a5b4,-449,-482,-33
1n1qkb1r/1ppn2pp/3r1p2/1B1ppP2/P7/Bp3PNR/1QPP2PP/4K1NR w k - 1 18,b2b3,white,b5d7,362,352,-10
1nb1kb1r/2p2pp1/1p1Npq2/2Pp2n1/p4N1p/P7/1P1P2PP/R1BQKB1R b KQk - 0 15,c7d6,black,c7d6,71,60,-11
r1bqkbnr/p2pp1p1/Bp5p/2p1np2/4PN2/2P5/PP1PKPPP/RNBQ3R w kq - 0 7,a6c8,white,a6c8,136,116,-20
1rbq3r/1p1pk1p1/2np3p/p3pn2/4p3/2PP2P1/PP2NPBP/RN2R1K1 w - - 0 18,d3e4,white,d3e4,-547,-523,24
5knr/1p2p2B/p2qbp1b/2Pr2P1/3P4/P1P1PN2/1B2Q3/RN2K3 b Q - 0 25,d6g3,black,d6g3,223,241,18
rnb2bn1/3pk1p1/1ppqpp2/pB5r/1P2PP1P/B2P2R1/P1P5/RN1QK1N1 b Q - 1 17,h5b5,black,d6f4,238,233,-5
rn1k2nr/4p1bp/2p1b3/3p1pp1/pp1P2PP/R1PqB2N/4PP2/1N1QKBR1 w - - 0 16,d1d3,white,d1d3,483,498,15
1rbq2n1/2pp2p1/p1nb1kBr/2P1Npp1/1P3P1P/P3P3/6PB/RN3RK1 b - - 2 23,d6e5,black,d6e5,544,571,27
2b3r1/rp6/n1p2P1p/p3B1k1/PPP1p3/3Pn2P/4P3/RN2KBNR w - - 1 25,b1d2,white,d3e4,436,415,-21
r5n1/pppb1kbr/2n1ppq1/1P1p2P1/2P3P1/P2RP3/R2P4/1NBQKBN1 b - - 0 20,c6e5,black,h7h1,236,201,-35
rn1q1bnr/1b5p/ppk5/2Np4/2B2p2/1PP1P2Q/P2PKPR1/RNB5 w - - 1 18,h3e6,white,h3e6,435,429,-6
rnb2knr/pp4qp/3p1p1Q/N3b2P/1P1pP1R1/2PB1PP1/P7/R1B2KN1 b - - 3 22,g8h6,black,g8h6,350,334,-16
3knb1r/Npq1p2p/n2P1pp1/p1p5/P2P1P2/R3r2N/1PKQP1PP/2B2B1R b - - 5 16,e8d6,black,e8d6,-358,-371,-13
1nbrk3/2p5/rp2p2b/p2P1B1p/3P2pN/P1P1N1P1/1P3n2/R2Q1KR1 w - - 4 24,f5g6,white,f5g6,672,696,24
r1bqkb2/ppppp3/n4pp1/P2r1PP1/1PPPn2p/N7/2QBP2P/R3KBNR b KQ - 0 15,d5d4,black,d5d4,-198,-209,-11
1rb1qbnr/p1pkpppp/1p6/3p4/1n5P/2PPPP2/PP4P1/RNBQKBNR w KQ - 3 8,c3b4,white,c3b4,378,387,9
2r1kbn1/pp2q1pr/1n2pp1p/1P2p1P1/b1p1PP2/B2P4/P1PN1K1P/R1NQ3R b - - 3 21,e7a3,black,e7a3,454,465,11
rnbq1bnr/2ppk2p/8/pp2p1p1/2P2pP1/3P3N/PP2PP1P/RNBQKB1R w KQ - 2 9,f1g2,white,f1g2,160,185,25
rnbqkb1r/p1p1pppp/3p1n2/1p6/3N4/PP2P3/2PP1PPP/RNBQKB1R w KQkq - 0 6,f1b5,white,f1b5,166,168,2
r1bR4/pppp4/3k4/4N3/P1PPnp2/8/4P1PP/nNBQKBR1 w - - 1 19,d8e8,white,d1d3,1115,1195,80
rnb1k1nr/p2pbp1p/1p4p1/4P3/1p4q1/P3Q1PB/2PP4/RNB1K1NR w Qkq - 4 18,h3g4,white,h3g4,628,609,-19
r1q2knr/1pN2p1p/2n5/p2pp1p1/P2P4/bP5P/1BP2PP1/1RQ1KBNR b K - 4 13,a3b2,black,a3b2,-41,-44,-3
1nq5/r1ppk1b1/bp4n1/pP4pr/2P1p1Pp/N1BP1PNB/P2RK2P/6R1 w - - 12 26,g3f5,white,g3f5,-378,-396,-18
N2q2k1/pb4pr/1p1pp2n/5pb1/1BP1P2p/1P1P3P/P4PP1/RQ2KBNR b - - 6 22,g5f6,black,d8a8,-350,-366,-16
1n1qk2r/rp2b2p/p1pp1P2/4p3/2P3b1/P3Q2N/1P1PPP2/RNB1KB2 b Qk - 0 14,e7f6,black,e7f6,-261,-258,3
1nb2b1r/1p1pkpB1/r7/pNpP1qN1/1PP1B2P/4n2P/P2K1P2/R2QR3 b - - 4 22,f5f2,black,f5f2,-385,-348,37
1rbq2r1/p1pp1k1p/np4pn/b3p3/P3pQ2/5NP1/2PPKP1P/RNB2B1R b - - 3 15,e5f4,black,e5f4,757,750,-7
r5kr/P6p/3b3P/1qppp3/2P3PP/3PP3/R1N5/2BK1BNR w - - 2 26,c4b5,white,c4b5,878,917,39
3q1rk1/2pn3p/rp4Bb/p1Pp2p1/PPbQ1p2/4P1P1/RBP2P1P/1N2K1R1 b - - 4 18,f8f6,black,d7f6,102,132,30
2b2k1r/rp3ppp/2p1p1n1/3p4/Q2K3P/1PP3P1/P3B3/RNB3R1 b - - 0 21,a7a4,black,e6e5,-591,-588,3
r1b2b1r/pp1kn1p1/n4p1p/3ppP2/P1P3PP/4K2B/3NP2R/R1B3N1 b - - 3 19,d5d4,black,d5d4,268,257,-11
r3kb2/3nn1p1/p1p1bp2/p2Q1PNr/4p1Pp/2P4P/RP2P1K1/1NB2BR1 w q - 1 22,d5e6,white,d5e6,618,647,29
r1bq2nr/pp3kpp/3b4/n1P1pp2/P2p1P1P/2NPP2N/2P3P1/1RBQKB1R w K - 1 11,c5d6,white,h3g5,507,491,-16
rnbqk1nr/p1pp3p/4pppb/8/1p6/1P2PQ1P/P1PP1PP1/RNBK1BNR w kq - 0 7,f3a8,white,f3a8,396,404,8
1rb2bn1/p1pk1ppr/n6p/1pqpp3/3P3P/P2Q1N2/1PPBPPP1/RN2KB1R b Q - 3 12,e5e4,black,e5e4,-285,-261,24
r1b2nkr/pq2n3/5p2/B1bp3p/1p4PN/1P3PP1/PQPKP3/4RBNR w - - 0 22,b2f6,white,b2f6,197,234,37
r1bn3k/p1p1r1p1/3P1np1/RB5p/4P3/2PP3P/1P4PR/1NBK2Q1 b - - 0 22,c7d6,black,d8b7,-763,-776,-13
5kqb/1b5p/rPp1p3/3p1p1P/1P1n4/5PP1/PNQPP3/R2K1BNR w - - 1 26,c2c5,white,c2c5,460,427,-33
rnb1k2r/p1pp1ppp/1p2p3/5nq1/2Nb1B2/6P1/PPP1PP1P/R2QKBNR w KQkq - 2 8,f4g5,white,f4g5,586,580,-6
1nbk4/r4r2/pp1Pp2b/2P1P1Pp/3p1NP1/P7/3P3R/RNBQ1B1K b - - 0 23,h6g5,black,f7f4,-703,-715,-12
rnN1kB1r/3p1n2/2p1p2p/pP3p2/5N1q/P2P4/2P1PPPP/R2QKB1R b KQkq - 0 14,h4f4,black,h4f4,-427,-425,2
rnb2bn1/pBp1kppr/3p4/1N6/1P1PpPpP/P2q3R/2Q1PK2/R5N1 w - - 2 17,c2c7,white,c2c7,544,543,-1
rn3b1r/p2kppp1/P4n1p/1ppb4/5PPP/R1P1PN2/B1PP4/1NBKR3 b - - 1 21,d5f3,black,d5f3,504,499,-5
r1b1kb1r/pp2p1pp/3p1n2/2p3B1/Pq1P1pPP/1PN1nP2/3KP3/R2Q1BNR w kq - 2 16,d1c1,white,d1c1,-613,-605,8
1rbqkbnr/n1ppp2p/Qp3pp1/8/4P3/1P5N/P1PP1PPP/RNB1KB1R b KQk - 1 8,c8a6,black,c8a6,525,523,-2
rnb1kb1r/1p1p1p1Q/1q2p3/p1Pn2p1/P5P1/2P2P2/1P2P2P/RNB1KBNR b KQ - 0 10,b6b2,black,b6b2,-44,-29,15
r1b1kb1r/ppppn1pp/2n1pq2/5p2/1P3P1P/8/P1PPPKP1/RNB1QBNR w kq - 1 6,b1c3,white,b1c3,-140,-169,-29
rnbqkb1r/1ppp2p1/8/p2np2p/P7/2NQP2P/1PPP1PP1/1RB1KB1R b Kkq - 1 9,d5e7,black,d5e7,258,263,5
1nb2br1/3qk1pp/rpp1B3/p2ppp2/8/NP2P2P/P1PP1PP1/R1BQK1NR w - - 2 13,e6d7,white,e6d7,728,714,-14
rnbqk2r/pppp4/4pnp1/2N2p2/5bp1/7P/PPPPPP1N/R1BQKB1R w KQkq - 0 9,d2d4,white,d2d4,-187,-193,-6
2b1kbnr/rpBp2p1/n6p/p1p2p2/Q1P5/P2PPp1N/RP4qP/1N2KB1R b Kk - 1 13,g2h1,black,g2h1,402,344,-58
r1b2rk1/p2pnp2/1pp5/n1b1p1pp/P4PPP/1P2q3/1BPPBN2/RQ2K1NR w KQ - 0 17,d2e3,white,d2e3,615,612,-3
2b1k1n1/1p1npp1r/rqp5/p2pb1Pp/P2P1NP1/1PB1PP2/2P3BR/1N1Q1K2 b - - 0 23,e5f4,black,e5f4,361,309,-52
r1bqkb1r/1pppp1pp/p1n2p2/8/3P1n2/P1N3PN/RPP1PP1P/2BQKB1R w Kkq - 1 7,h3f4,white,h3f4,455,464,9
rnb2k2/1p1pn2r/p3pp2/1Bp4p/PbP1Pp1q/1Q4PP/1P1P1K2/RNB3NR w - - 0 15,g3h4,white,g3h4,445,446,1
rn1q1b1r/p1pkppp1/1p5n/5b1p/1Pp5/P1Q5/3PPPPP/RNBK1BNR w - - 1 12,e2e4,white,e2e4,122,128,6
r1b2r2/2pn1k2/pp1p1Np1/B3p2p/P1PQ2nP/1P3PP1/N3P2R/3RKB2 w - - 1 26,d4d5,white,d4d5,728,747,19
1nb1kbnr/3qp1pp/2pr4/pp3p2/P2p4/1PN1PP2/1BPPQ1PP/R2K1BNR w k - 3 11,e3d4,white,e3d4,179,172,-7
rnb1kb1r/pppp2pp/4p1n1/2q5/4p3/1P1P3P/P1PB1PP1/RN1QKBNR b kq - 0 8,e4d3,black,e4d3,224,215,-9
1nb1q2r/3pn1b1/3k3p/1p2ppp1/2QpP2P/pP3NPR/P2BBP2/1RK3N1 w - - 0 25,d2b4,white,d2b4,99999,100000,1
r1bqkbnr/pppp1ppp/8/1Pn1p3/5P2/N6P/P1PPP1P1/1RBQKBNR b K - 0 6,d8h4,black,d8h4,99998,99999,1
1nb1k2r/2pp1p2/rp2pnp1/7p/5PP1/PB5N/2KbP1RP/RNB5 b k - 1 19,d2c1,black,d2c1,531,525,-6
rnbqkb1r/1ppp1p1p/p2np1p1/4PP2/7P/1QP3P1/PP1P2B1/RNB1K1NR b KQq - 0 9,d6f5,black,d6f5,127,124,-3
1nb2b1r/7p/rp1q1k1R/p1p2Pp1/P2pQP2/R5P1/1P1P4/1NB1KBN1 b - - 0 17,f8h6,black,f8h6,84,168,84
1rb1rk2/p2p2bp/1pP1Ppn1/3P2p1/Pn4P1/8/2NP1PBP/R1B1K1NR w - - 1 26,c2b4,white,c2b4,437,456,19
rnb1kbnr/1p2p3/p2q1p1p/2pp3P/1P6/2N3R1/P1PPPPP1/R1BQKBN1 w Qkq - 0 9,b4c5,white,b4c5,269,249,-20
rnbq1kr1/1p1pbp2/p1p2n1p/1P2p1p1/3PP1P1/B4N1B/P1P2PRP/RN1QK3 b Q - 0 13,e7a3,black,e7a3,326,333,7
r1b2k2/p5b1/Bq1p1pr1/2p5/P2Np1pp/1Pn1P3/2PK1PPP/RNB4R w - - 4 25,b1c3,white,a6c8,-601,-615,-14
r2qkr2/5p1p/3pb2n/1ppp2p1/pP2n2P/2PBP3/PB1P1P2/RN3K1R w q - 4 19,d3b5,white,f1e1,-704,-736,-32
1nb3nr/rp1p2kp/7b/2p1pp2/pP2B1p1/3P2P1/P1PQPK1P/RNB3NR w - - 2 16,d2c3,white,d2d1,497,484,-13
3qkb1r/1rpnp2p/7n/1p1p1pP1/p1PP3R/1PNBP3/P2B1PP1/R3K1N1 b Qk - 1 15,e7e5,black,d5c4,343,327,-16
1r2kbnr/Rpp1p2p/5p2/6pP/qP6/2QP1P2/2P1PRK1/1N6 w k - 2 26,a7a4,white,a7a4,623,589,-34
rnb4r/pp2kBp1/3p3p/2Q3b1/5P2/1PnqP1PP/P1PP4/RNB1K1NR w - - 1 20,c5c7,white,c5c7,672,662,-10
2bqkbnr/4pp2/rppp2pp/8/pP4Q1/2nPP1PP/PBP2PBR/RN2K1N1 b Qk - 7 13,c8g4,black,c8g4,342,316,-26
r1bqk2r/1ppp3p/n1B3pn/p3ppb1/P3P1P1/3K3N/1PPP3P/RNB2Q1R w kq - 4 12,c6b5,white,c6b5,-396,-436,-40
r1bqkb1r/p1pppp1p/n4n2/1p1N3Q/P6p/4P3/1PPP1PP1/R1B1KBNR b KQkq - 1 6,f6h5,black,f6h5,518,512,-6
r2q1b1r/pp2kppp/n2p4/P1p1p3/4PnbN/R5P1/1PPP1P1P/1NBQKB1R b - - 0 10,g4d1,black,g4d1,479,481,2
rn2kb1r/1p1b1pp1/pq2p1Bp/2pp4/P2P1PnP/1P2P2R/1QP5/RNB2KN1 w - - 0 19,a4a5,white,d4c5,-254,-300,-46
rnB1k3/p1p1np2/5rp1/1p1Np1P1/1P2P3/b5qb/P1PP1Q1P/R1B1K2R b KQq - 0 19,g3f2,black,g3f2,99995,99996,1
1nbk1b1r/2r3p1/p1p1Qn1p/5P1N/1PPN4/2B5/P3PPBP/R2K1R2 b - - 0 21,c8e6,black,c8e6,-755,-771,-16
rnb2b1r/pp1p2pp/5k1n/2P1p3/3PB1p1/N6N/PBq1PP1P/1R1Q1RK1 w - - 0 15,d1c2,white,d1c2,758,759,1
2b1k1nr/1ppnqp2/r2P2pp/p7/3Q1P1P/P1b1pN2/1P1PP1P1/RNB1KB1R w KQk - 1 13,b1c3,white,b1c3,479,533,54
rnb1k1nr/1ppp1q1p/p3pppb/8/3P1PP1/PP2P2N/2P4P/RNBQKB1R w KQkq - 0 8,c2c4,white,f1g2,121,119,-2
1nb1q2r/rkpp1ppn/p4b2/2p2BNp/1PP2P1P/N2pP1P1/P2K4/2Q4R w - - 0 25,c1b1,white,g5h7,-553,-559,-6
r2q1bnr/4p1pn/2p5/pP1P3p/RPP2Pk1/3b4/1B1PN2P/3K3R b - - 1 25,h5h4,black,d3e2,591,618,27
1n2qk1r/rp3p2/p4P2/1NPQp1pp/3P2b1/2P4B/P4P1P/R1B1K1NR w KQ - 0 20,b5d6,white,d5d6,657,712,55
r2qkbnr/pppb1ppp/n3p3/3p4/Q1P1P3/7N/PP1PKPPP/RNB2BR1 b kq - 1 6,d7a4,black,d7a4,754,730,-24
5bkr/3b2pp/n3pp1n/rpq5/1PpP2PP/RQ3P2/8/1N1K2NR b - - 1 24,c5d4,black,c5d4,903,916,13
rn4nr/p1pq1kp1/1p1bb2p/3ppP2/2P2P2/P5Q1/1P1PNKPP/RNB2B1R w - - 5 11,g3g6,white,g3g6,547,530,-17
r1b1kb1r/2q1p1p1/p1p2p1n/1p1pPP2/1P5p/P6P/1P1PB1P1/RNBQK1NR w KQkq - 2 12,e2h5,white,e2h5,229,231,2
r1bqk2r/ppppNppp/8/4p3/1nP3PP/b7/1P1PPP2/RNBQKB1R w KQkq - 1 9,b2a3,white,e7f5,538,507,-31
rnb2bnr/1p1p4/p1q2ppB/2PkP2p/7P/N1P2N2/PP2P1P1/R3KB1R w KQ - 0 14,h6f8,white,h6f8,255,254,-1
rnn1kbr1/4ppp1/2p1b3/pp1p3p/1P5P/P1P1PP2/RB1PK1P1/1N2QBNR b q - 5 15,g7g5,black,b8d7,-677,-668,9
rnb1kbnr/pp1q1ppp/3pp3/2p5/4P3/2N1Q1PP/PPPP1P2/R1B1KBNR w KQkq - 4 7,b2b3,white,b2b3,70,75,5
1r2kbnr/pb1n3p/Bpq2pp1/2p1p3/1P2pP2/NN5P/P1PP2PR/R1BQ1K2 w k - 4 17,a6b5,white,a6b7,-213,-230,-17
r1b2knr/3q3p/1N1pp2b/p4p1P/1pPP2p1/P2KQP1R/4P1P1/1R3BN1 w - - 9 24,b6d7,white,b6d7,204,214,10
rnb1kb1r/p2p1ppp/1p3n2/7B/1P3P2/P1P1P2N/3P1qPP/RNBK1R2 b kq - 2 17,f2f1,black,f2f1,940,940,0
rn1qkb1r/pppb1ppp/7n/3pp3/3P1B2/N2Q3N/PPP1PPPP/R3KBR1 b Qkq - 1 6,e5f4,black,e5f4,421,411,-10
rn1q1b1r/3ppk2/b4ppn/ppp2P1p/2P4P/P3N3/1P1PP1PR/R1BQKBN1 w Q - 3 10,c4b5,white,c4b5,54,39,-15
2b1k1nr/1pqp2b1/n2Bp3/p4pPp/P1rP1P2/1NP2BP1/3QP3/Rn2K1NR b KQk - 4 22,b1d2,black,b1d2,535,541,6
7r/2pbnpBp/1Pk3p1/pp2p3/3PPPPq/8/P1n1K2P/1N2RBNR w - - 1 21,e1c1,white,e1c1,-253,-251,2
1nbqkbnr/2ppp2p/r7/pp3pp1/1P5P/N2PB3/P1PQPPP1/R3KBNR b KQk - 0 7,f8g7,black,f8g7,168,177,9
3qkbnr/rppbpppp/n2p4/p6Q/P3P3/6P1/1PPP1PBP/RNB1K1NR w KQk - 1 9,h5a5,white,h5a5,135,134,-1
r1b2b2/1p2pk2/5N1n/p4P2/PPPP1n1p/5pr1/7P/RN1RK3 w - - 0 25,h2g3,white,h2g3,-563,-577,-14
r1bq1b1r/3n1kp1/1pnppp1p/p1pPN3/P5P1/N1PK4/1P1QPP1P/R1B2B1R b - - 2 14,d7e5,black,d7e5,370,370,0
1rbqkbnr/pppp4/2n1pppp/N7/1PP5/8/P2PPPPP/R1BQKBNR b KQk - 0 7,c6b4,black,c6b4,108,111,3
r3nk1r/p2nb2p/b6N/1ppp2pP/PP2Pq2/5PRN/2PPBKP1/R1B1Q3 w - - 2 24,h3f4,white,h3f4,600,599,-1
2rq1bnr/p1nppk1p/1p6/1Pp2p1p/P5P1/2N2b1B/2PPPK2/R1B1Q1NR w - - 2 15,e2f3,white,e2f3,280,280,0
1n1k1b1r/1rpbpppp/1p3n2/1q1p4/p2PPBP1/2P2P2/1P1K2BP/RNQ3NR b - - 4 16,d5e4,black,d5e4,144,153,9
1nbqk2r/rpppnpb1/7p/4N1p1/pPPPP3/B3Q3/P4PPP/RN2KB1R b KQk - 0 9,d7d6,black,d7d6,-55,-47,8
r1bk1bnr/pppn1pp1/3Q3p/4P3/P1P4P/3q3R/RP2PP2/1NB1KBN1 w - - 1 11,d6d3,white,d6d3,747,741,-6
rnb1k2r/1p1p1pp1/p2b3n/q1p1p3/PPP1P1Pp/2N5/3P1P1P/R1BQKBNR b KQkq - 2 10,c5b4,black,c5b4,62,60,-2
r1b1kb2/p2p1pp1/n7/2p1p2n/1pPPP1P1/7B/RP1K1Q2/1N4R1 w q - 2 20,d4e5,white,g4h5,592,605,13
rnbqkbnr/4p1p1/2p5/3p1pPp/2p1PPQP/p6B/PP1P4/RNB1K1NR w KQkq - 0 10,g4g3,white,g4g3,-255,-225,30
rnq1k2r/3p2p1/ppp2n1p/2b2p1P/P2P1pP1/1PP2Q2/4PP1R/3RKBN1 b kq - 0 18,f5g4,black,f5g4,282,298,16
rnb2bnr/1p1p1k1p/p3p1p1/5p2/1PQq4/7N/P1P1PPPP/RNB1KB1R w KQ - 0 10,h3g5,white,h3g5,709,682,-27
rnb1kb1r/ppqp1p1p/B1p1n1p1/4p3/3PP1P1/1P6/P1P1NP1P/RNBQK1R1 b kq - 0 9,b8a6,black,b8a6,398,386,-12
r1bqk2r/2pp1ppp/5n2/1pn1p3/NPP5/P5PN/3PPPBP/R1BQK2R w KQkq - 0 11,a4c5,white,a4c5,621,630,9
4r2r/p1qk1ppp/npp4n/3p4/1P1P1P1b/2PBP2P/P6P/RN1K2NR b - - 4 22,a6b4,black,a6b4,759,783,24
1r1qkb1r/pp2pp1p/n2p1n2/2p3Bb/2P4P/N2P4/PP2PPB1/R2QK1NR b KQk - 2 10,f8g7,black,f8g7,25,25,0
1nr2bnr/p2bpkpp/2pp1p1P/qp2P3/1P1P3R/P1N5/2PK1PP1/R1BQ1BN1 b - - 0 13,a5c7,black,a5d8,-226,-206,20
r1b1qbnr/pBp1p2k/2n4p/3pPp2/5P2/N6P/PPPP1KP1/R1B3NR b - - 0 12,c8b7,black,c8b7,725,724,-1
1r1q2n1/1bnp1k2/2p2ppP/p3p3/pP6/R1P1KN2/3PQ2P/1NB2B1R w - - 1 21,e3f2,white,h6h7,433,434,1
3rk1n1/p2b4/2p4r/1p1p1pp1/2BPPPp1/B1P1K2N/P1Q4P/RN5R b - - 1 25,h6h3,black,h6h3,-466,-453,13
3k1br1/1bq1ppp1/4rn1p/pNpp4/1pPP1P2/1P2B1PP/P6Q/2KR2NR b - - 0 21,c7c8,black,c7c8,113,105,-8
rn2kbnr/pp3pp1/7p/1PpQ4/4p1b1/4qN2/PB2PPBP/RN2K2R w KQ - 2 16,f2e3,white,f2e3,684,641,-43
rn1k1b1r/pp1b1ppp/4pn2/1qpp4/4PPP1/1P1P3P/P1PB4/RN1QKBNR b KQ - 2 9,b5b6,black,b5b6,-91,-92,-1
rnq1kbnr/pp1bp1p1/2pp4/5p1p/5P1P/3P4/PPPBPKP1/RNQ2BNR w kq - 1 7,g1f3,white,g1f3,-58,-57,1
2q1k1r1/2p2pbp/rpnp1Pp1/pP2p3/P3P1n1/7N/RBPPK1BP/1N1Q1R2 b - - 0 17,g7f6,black,c6b4,-356,-394,-38
1r1qkbnr/pbp1p1p1/1pP4p/3pnp2/5B2/P2P4/RP2PPPP/1N1QKBNR w Kk - 2 11,f4e5,white,f4e5,455,428,-27
2b5/rq1pbkrp/npp1pp1n/p7/2PP4/NP2P1PN/PB3P1P/R3KBR1 b - - 0 17,d7d5,black,d7d5,698,683,-15
rnb1kbnr/4q1p1/1p3p2/p1ppp2p/P4PPP/2PPPR2/1P6/RNBQKBN1 b Qkq - 0 11,h5g4,black,h5g4,295,292,-3
r1b2k1r/p2p4/2p2Bp1/1pb2N1p/n3P1P1/1P1p3B/1P3P1P/R2QK1NR w - - 0 23,d1d3,white,d1d3,768,799,31
rnbqkb1r/p1p5/1pn3pB/4pp2/P1P5/1P1P1NP1/4PPBP/RN1QK2R w KQkq - 5 16,h6f8,white,h6f8,321,325,4
r4b1r/p4k2/Pp1n2p1/4p2p/P1pp1pPP/2PP1P2/NB1KP3/1R1Q1B1b w - - 3 24,c3d4,white,g4g5,370,349,-21
r1bqkbr1/2pppp1p/ppn2np1/8/PP1P4/7N/2P1PPPP/RNBQKB1R w KQq - 1 7,d4d5,white,c2c3,-15,-12,3
rnb2b1r/pp3pp1/2pkp3/q2p3p/6nP/N1PP3R/PP2PPP1/R1B1KBN1 w Q - 0 10,g1f3,white,f2f3,-704,-690,14
rnb5/2qpk1rp/1pp1p1p1/pN3P2/1Pn2P1N/P2B2KP/5QP1/R1B2R2 b - - 1 19,g6f5,black,c6b5,-310,-344,-34
2k2rn1/pb1p4/2p1p2r/NpB3p1/3n1Pp1/3P2PN/PPP2P1q/R1Q1K2R b KQ - 3 19,h2h1,black,h2h1,513,512,-1
r1b1qbnr/2Npkp1p/1pn5/Q1p5/P1P1PBp1/3P3N/1P3KPP/1R3B1R b - - 0 14,f7f6,black,f7f6,-383,-418,-35
r1b1kb1r/2p1n1p1/1pp1pp1p/p3q3/Pn2PPP1/1P3Q1P/N1PP4/R1B1K1NR b KQkq - 2 14,e5a1,black,e5a1,761,783,22
rnb2qnr/p1p1kp1p/Bp4pb/3p2P1/PP1pPP2/2P1B3/7P/RN1QK1NR b KQ - 1 12,d4e3,black,b8a6,135,123,-12
2b2bnr/rp2p1p1/p1nq2p1/2p1k1Bp/1Pp1P1P1/N2P1P1P/P6R/R2BK1N1 b Q - 5 17,e5e6,black,e5e6,590,571,-19
rn1qk1nr/1bpp1pB1/p2P2p1/1p2p3/7P/N2P4/PP2PPPN/RQ2KB1R b KQkq - 3 11,h8h5,black,h8h5,-278,-275,3
1r1q1bn1/2k1p1pr/B4p1p/Ppp1n1NP/P2Q2b1/B1pP4/N4P2/2R1K2R b - - 3 23,d8d4,black,d8d4,656,638,-18
1rbk1b1r/pp2p2p/2p2pqn/2Pp2p1/1n3P2/PP2P3/1B1PK1PP/RN1Q1BNR b - - 0 14,b4d3,black,b4d3,405,440,35
rn2k1n1/p1p1q3/3b1p1P/1p2pbRp/3Pp3/PP1Q1N2/2P2P1P/RNB1K3 b - - 1 17,f6g5,black,f6g5,358,397,39
rn1q1b1r/p1ppkppp/b3p2n/1p6/1P5P/2N1P3/P1PPQPP1/R1B1KBNR b KQ - 3 6,e7e8,black,e7e8,-77,-91,-14
r6r/1ppkq1pp/5p1n/p1B2b1Q/3p1Nn1/PP3P2/R1PNP2P/4KB1R w K - 0 21,c5e7,white,c5e7,724,695,-29
rn1q1br1/2pppkpp/b6n/pp5P/4P2R/6P1/PPPPBP2/RNB1K1N1 w Q - 0 9,d2d4,white,g1f3,-586,-570,16
r1b1kb1r/nppp2p1/5p1n/P4q2/4Pp1p/N5PP/P1PPQ3/R1BK1BNR w kq - 0 13,e4f5,white,e4f5,644,634,-10
r1bqkbn1/pp4p1/n3pp1r/2pp2Pp/P2PN2P/1QP5/1P2PP2/R1B1KBNR b KQ - 3 10,h6h8,black,h6h8,-57,-71,-14
rn3rk1/pRpqpp1p/2P3pb/6P1/P2pb2P/3P1N2/1P1PB3/1NBQK2R b - - 4 16,e4c6,black,e4c6,116,102,-14
1r1q1bn1/1b1ppk1r/n6p/PpP3p1/4P1p1/B4PP1/P1PNQ1BP/R4K1R w - - 0 18,h2h4,white,d2b3,-188,-206,-18
rnb2b1r/1p1p1kpp/pq5n/4p3/5p1P/2pN1P2/P1PPP1P1/R1BQKBNR b K - 1 15,b8c6,black,b8c6,163,160,-3
rnb3r1/p1q1pkbp/2p2pp1/1B1p4/P3NP2/4P2P/1PPP2P1/R1B1QKNR w - - 7 12,b5d3,white,b5d3,165,171,6
rnb1k2r/pp1p4/6pp/3P1pq1/1n1P1p1P/BP6/P1PK1QP1/R4BNR b q - 0 15,g5d8,black,g5d8,-564,-593,-29
2b4r/2pkq2p/n2p4/pr1QbP2/1p2KPn1/3B3N/PPPP2PP/R1BN1R2 w - - 19 20,d3b5,white,d5e6,313,347,34
7r/r2kbp1p/pp2p2q/1NpnP2P/b5pB/P2P1N2/RPP1QPPR/3K1B2 w - - 6 25,b5a7,white,b5a7,406,412,6
1n1qkb1r/r2ppppp/bp6/p1p4n/P1P4P/1P1P4/3BPPP1/RN1QKBNR w KQk - 0 10,g2g4,white,g2g4,126,131,5
rqb1kb2/pp1pnNpr/2p5/2n2pB1/1P1Pp3/P1P2PP1/4P2P/RN1QKB1R b Qq - 0 15,c5e6,black,c5e6,70,98,28
rnbqkb1r/1p1p3p/4pppn/2p5/p1P2P2/PP1PP3/R3N1PP/1NBQKB1R b Kkq - 1 8,d7d5,black,d7d5,46,47,1
r1bqkbr1/3pp1n1/ppp5/1P2Pppp/2BP2PP/5Q2/1PP2P2/RNB1K1NR b - - 1 19,h5g4,black,h5g4,-372,-364,8
rn2kbnr/3b4/1p1pp1pp/p1p1Nq2/P4P2/1P1PP2P/1RP3P1/2BK1BR1 w kq - 1 22,e5c4,white,e5d7,-742,-744,-2
rn1q2nr/1pp1k1b1/5p2/p1Pp1bpp/P2Pp1P1/7P/1PQBPP2/RN2KBNR w K - 9 16,g4f5,white,g4f5,309,304,-5
2b1k2r/3q1pb1/r1pppn2/pp5p/P1P1PP1N/R2Q2P1/1P3K1P/1NB2B1R b k - 0 18,b5c4,black,b5b4,-263,-262,1
r2q1bn1/p2p4/1ppPppp1/n3P1p1/1P2k3/2P1N1P1/PQ3P1r/1RBK2NR w - - 0 25,b2c2,white,h1h2,1031,99992,98961
1nbk3r/1rp1b1pp/p2qpp2/3p2Q1/p3PP1N/NP5P/P1PP2P1/R1BK3R b - - 7 14,f6g5,black,f6g5,712,734,22
r1kq3r/ppp1np1p/2Qp2p1/b1P1pb2/4n2P/3P3N/PP1BN3/R1K2B1R b - - 0 20,a5d2,black,a5d2,876,923,47
rnb1k1nr/pp1pq1p1/2p1p3/5p1p/3P1P1P/b1N1K3/PPP1P1PR/1RBQ1BN1 w kq - 2 9,b2a3,white,b2a3,313,322,9
rnb2b1r/ppppk1pn/4pq1p/8/3PPp2/2N3PP/PPP2P2/R1BQKBNR w - - 5 11,c1f4,white,c1f4,344,330,-14
rnb1kb2/3qp1p1/8/p1pBnp2/1p4P1/P1Pp4/1P1PNr2/R1BQKN1R w Qq - 2 20,e1f2,white,e2g3,-542,-552,-10
rnb1k2r/ppp1pp1p/7n/1P4p1/P1B1P1q1/8/2PP1P1P/bNB1K1NR b Kkq - 1 12,g4e4,black,g4e4,1023,1024,1
1nbq1kr1/r7/1pp2pp1/p1bp1np1/3PPPP1/PPP4P/3B2R1/RN2KB2 w Q - 1 20,g4f5,white,g4f5,-660,-662,-2
1rb1kb1r/ppq4p/1np1pn2/1B3pP1/PP1P4/4PQ1R/3P1PP1/RNB2KN1 w k - 3 13,g5f6,white,g5f6,292,295,3
r1bk1bnr/pq4pp/1pnp4/2p1p1N1/P4Bp1/3P2P1/RPPN1P1P/3QK2R b - - 5 16,g8f6,black,e5f4,721,714,-7
1rb2bkr/1p1np2p/6q1/p1pp1PN1/nPP3P1/5P1P/3P1K2/RNBQ1B1R b - - 0 18,g6g5,black,g6g5,-134,-106,28
rnb1kb1r/pp1p1p1p/4p2n/q1p3p1/1P6/P7/2PPPPPR/RNBQKBN1 b Qkq - 0 6,a5c7,black,c5b4,27,26,-1
rnbB1knr/3p1p1p/3bp3/ppp3p1/1P1P2P1/3KPN1P/P1P2P2/RN1Q1B1R w - - 1 13,b4c5,white,b4c5,808,786,-22
rnb1kbnr/ppB4p/2p5/1q1pp3/5p2/1P1P3P/P1PQPPP1/RN2KBNR b KQkq - 0 9,d5d4,black,b8d7,-130,-140,-10
rnb1kb2/pp1p2p1/7r/q1p1p2p/4Pp1N/BPN2B2/P1PP1nPP/R2QKR2 w Qq - 0 12,f1f2,white,e1f2,278,266,-12
rn2kb1r/ppp1pppp/2qpbn1B/8/8/2PP4/PPQ1PPPP/RN2KBNR b KQkq - 4 6,g7h6,black,g7h6,372,371,-1
r1bk2nr/1pp3pp/Q3pp2/n5P1/4pP2/1P3N1B/PbPK3P/RN5R b - - 0 15,a8a6,black,a8a6,717,706,-11
r1bqkbnr/1pppp1pp/p3n3/8/P1P2p1P/1P3P2/3PP1PR/RNBQKBN1 b Qkq - 0 7,d7d5,black,g8f6,93,78,-15
r1bk1br1/pp1pN3/n4p1p/8/8/N3Q1P1/PPP1PPPn/1RB1KB1R w - - 2 14,e7g8,white,e7g8,873,923,50
rnbqkb1r/2p1p2p/1p4pn/p2P1p2/8/1P1P1PPN/P3P2P/RNBQKB1R b KQkq - 0 7,f8g7,black,d8d5,-49,-58,-9
rnb3nr/pp1qp1bp/2Qpk3/2p2p2/2P1P2P/4KPp1/PP1PN1P1/RNB2B1R w - - 2 13,e4f5,white,e4f5,29,35,6
1r3bnr/2q3pp/2ppk3/p3p3/5P2/pPP1PN2/N1BP2QP/1RB2K1R w - - 1 26,c1a3,white,c1a3,714,705,-9
r1bk1bnr/2pn2pp/p2p1p2/1N1qp1B1/Pp6/2NP1P2/1PPKP1PP/1R1Q1B1R w - - 9 13,c3d5,white,c3d5,481,473,-8
r2qkbnr/p1pnp3/1p1p4/1N3ppp/1QBP4/4PP1b/PPP2KPP/R1B3NR b kq - 1 9,h3g2,black,c7c6,-284,-359,-75
rn2k2r/p1pp1p1p/2b2Bpn/3P4/4p3/pPN4P/R1P1P1PR/3QKBN1 b kq - 0 14,e8g8,black,h6f5,-827,-877,-50
rnb1kbr1/1p1pppq1/2p4p/P5p1/4n3/3NP1P1/RBPP3P/2Q1KB1R b K - 2 15,g7g6,black,g7h7,340,331,-9
1n3br1/1bpk4/3p4/1P1P1Ppp/4q3/P1PN3P/1B1nB2K/RN5R b - - 1 25,e4e2,black,e4e2,99998,99999,1
r1b1kbn1/2Bqp3/n1p3pr/3p1p1p/pP2P2P/P2P1NP1/R1p2P2/1N1QKB1R b Kq - 1 16,c2d1q,black,c2d1r,865,869,4
rn2q1nr/pbpp2pp/Qp3pk1/1Nb1p3/2P3P1/N2P4/PP2PPBP/R1B1K2R w KQ - 0 12,a6b7,white,a6b7,587,606,19
r2qk1nr/pbpp1pb1/2n5/3Bp1p1/1P2P2p/P4Q1N/1B1P1PPP/RN2K2R w KQkq - 0 12,f3f7,white,f3f7,99999,100000,1
1n2qn1r/rp1bpp1p/1kp3pb/p2p2P1/P2PPB1P/2NB1NQ1/1PP2P2/R4K1R w - - 7 19,f4c7,white,f4c7,99999,100000,1
rnb1kb1r/1q2pp1p/pp4pn/2ppP3/P5P1/3P4/1PP2PBP/RNBQ1KNR w k d6 0 11,e5d6,white,e5d6,398,374,-24
rnbk1bnr/3ppq2/2p2ppp/1p2N1P1/p7/2NP1P2/P1P1P1RP/R2QKB2 w Q - 0 16,e5f7,white,e5f7,595,588,-7
rn1qkbn1/pppbp1pr/7p/5p2/1PP2P2/8/P2PP1PP/RNBK1BNR w q - 0 7,e2e3,white,g1f3,-671,-674,-3
rn1q1b1r/p3k1n1/bN4pp/2pp4/p2Pp3/1QP5/1P1BPp1P/RN1K1B1R b - - 0 20,a4b3,black,a4b3,620,610,-10
r2qkbnr/2p1p1p1/bpn2p2/QP1p4/2P1P1p1/P6P/R2P1PP1/1NB1KB1R b Kkq - 0 13,c6a5,black,c6a5,699,673,-26
r1bqkb1r/1ppp2p1/p3p3/3n4/P2P1NBP/2PP4/1P1Q1P1P/RNB1K1R1 b Qkq - 0 14,d8h4,black,d8h4,-483,-494,-11
1nb2k1r/7p/rp1p4/pq3ppP/2P5/B2PP1p1/P2K2B1/R5Nn w - - 0 22,c4b5,white,c4b5,-51,-36,15
1r1qr2b/1pp4p/2n1p1k1/p5p1/1PN1Ppn1/7P/P1P1KPBR/1QB3N1 w - - 2 25,h3g4,white,h3g4,54,55,1
rn1qk2r/p2bp1bp/1p1P2pB/2p2p2/6P1/Pp6/4PP1P/RN1QKBNR w KQkq - 0 11,h6g7,white,h6g7,493,414,-79
r1b2bnr/1ppkq1pp/p7/4pp1P/1P1P4/5PPN/PP1PR3/RNBQKB2 w Q - 2 14,d4e5,white,d4e5,606,600,-6
r1b1k1nr/p1p3p1/4P2p/1pP5/1n1p4/P4KPB/P2PP2P/R4QNR b - - 1 21,g8e7,black,b4c6,-605,-625,-20
rnb2b2/1q2kprp/pp3np1/1p2p1N1/1P1PpB1P/8/P1P2PK1/R2Q3R w - - 0 24,f4e5,white,d4e5,-499,-545,-46
rn2kbnr/p6p/b2p1pp1/P1p1p1N1/3RP2P/1PpPKR2/1BP1P1P1/4QB2 w - - 4 25,d4d6,white,d4d6,209,191,-18
rnq2bnr/1ppk1p1p/4pPp1/3p4/P1P1B3/P2P2PP/4PK2/RNBQ2NR b - - 0 14,d5e4,black,d5e4,-252,-251,1
r4bnr/p3kq2/n2pppp1/2p2P1p/1P4PP/1b1PP1R1/PP1N4/R1B1K1N1 w - - 1 22,d2b3,white,b4c5,-685,-704,-19
1rbk2nr/4p1bp/4Bp2/p3P1pn/1pp3P1/qPN2P2/2PP2QP/RNBK2R1 b - - 0 24,a3a1,black,a3a1,293,301,8
r1b1qb1r/pp1kpp1p/2p5/3pn1Bn/1P3P2/PQP5/3PPNPP/RN2KB1R w KQ - 3 17,f4e5,white,f4e5,427,406,-21
1nbqk1n1/5pr1/r2ppbp1/1p3P1p/1Qp1P1PP/2P1R3/PP1P3N/RNB1KB2 w Q - 0 15,g4g5,white,b4b5,-113,-99,14
4kbr1/rq1npp1n/3p2pp/pbp5/1P1P3P/P1P1PPK1/2N3P1/R1BQ2NR b - - 0 22,b5a4,black,b5a4,407,398,-9
rnq1kbn1/1bpppp2/2N5/6pr/7p/3pP1P1/PP1P1P1P/1RB1K1NR w Kq - 0 11,g3g4,white,c6e5,-977,-989,-12
r1bqkbnr/pp2p1p1/2np4/1Pp2p1p/P1P5/2N4N/3PPPPP/R1BQKB1R w KQkq - 1 7,b5c6,white,b5c6,371,362,-9
r2k1bn1/1pp1nr2/2Pp3p/p4b2/1P1pB1p1/PQB4N/3N1P1P/R3K1Rq b Q - 2 24,f7f6,black,d6d5,-361,-368,-7
rnb3n1/k2pb1r1/1p3pqp/p1p1P1p1/P1Pp2PN/1P6/1R1P1PRP/2BQ2KN w - - 10 25,h4g6,white,h4g6,118,135,17
1rb2bnr/6pp/3kpp2/1pp5/p1P1P1n1/P1K1RP2/RP1P2qP/1NBN4 w - - 8 24,b2b4,white,f3g4,-853,-922,-69
r1b2b2/1p3p1r/2kpqn2/p1n1p1pp/2PP2PP/PP3P2/3KN3/R2Q2NR b - - 7 23,h5g4,black,h5g4,547,567,20
r1bqkbn1/pp1pp1p1/5prB/2p1n2p/3N4/NP1P3P/P1P1PPP1/R2QKB1R w KQq - 7 8,d4e6,white,d4e6,-308,-311,-3
r1bq1b2/ppppk3/5prn/2n3pp/1PQ5/4PPP1/P1PP2BP/1RB2KNR w - - 2 13,b4c5,white,b4c5,260,234,-26
rnbqk2r/p4p1p/1p3n1b/2ppp1p1/5BP1/N1QP4/PPP1PP1P/R3KBNR b KQkq - 1 8,d5d4,black,d5d4,401,419,18
rn3br1/p2ppkpp/b1p2p1n/q7/1p3P2/P1P1P3/1PNPQ1PP/R1B1K1NR w KQ - 1 12,c3c4,white,c3c4,-375,-422,-47
2b1k1nr/rppp1ppB/n3p3/p7/6Pq/b2P1P2/PPP1P2P/R1BQ1KNR b k - 2 8,a3c5,black,a3c5,434,464,30
rnb1kbnr/p1ppq2p/4pp2/1p4p1/P3N3/RP4P1/2PPPP1P/2BQKBNR b Kkq - 0 6,b5b4,black,b5b4,290,308,18
4kbnr/rp1qp2p/p1n5/8/P1p2pQ1/1P1Pp1PP/RBN2P2/3K2NR w k - 1 18,g4d7,white,g4d7,137,104,-33
1nk1Bb2/r1p2pr1/p1n1N3/2q1P2p/3P2P1/7P/PP3K1P/1RB3NR w - - 1 23,e6c5,white,e6c5,480,483,3
2bqk1n1/rBpn4/3p3r/PpP1pp1p/5pP1/PRNP4/4P2P/2BQK1bR w K - 2 17,h1g1,white,b7c8,-218,-217,1
Rnb2b1r/2qknpp1/1pp1pP1Q/1B1p4/4P1P1/3P4/1BP2N1R/1N2K3 w - - 1 26,h6h8,white,h6h8,633,690,57
rq2kb1r/1b1pnp1p/1p6/p3p1P1/1PP1P2p/8/N1PPQPR1/R3KBN1 b Qq - 2 19,a5b4,black,a5b4,355,343,-12
r1bqkb1r/p1p4p/1n1Q4/1Pn3p1/3Pp3/1P2KP2/P5PP/RN3B1R w q - 0 21,d6d8,white,d6e5,-454,-497,-43
rnb1q2r/p1pppkbp/1p3p2/P7/1N3Np1/R5n1/1PPPPP1P/2BQKBR1 w - - 4 13,a3g3,white,a3g3,496,493,-3
r1b2bnr/4pk2/n4qp1/1ppp3p/p1PP2pP/PPN1PN2/4BP1R/1RBQK3 w - - 1 15,f3g5,white,f3e5,266,258,-8
r1b1qb1r/pppkpp1p/3p1n2/4n1N1/P4P2/6K1/1PPPP2P/RNBQ1BR1 w - - 2 10,f4e5,white,f4e5,280,270,-10
1rq1kbn1/1ppn2p1/p2p3r/3p3P/1P3pP1/3b4/P1PNPP1R/RQ2KBN1 w Q - 0 18,e2d3,white,g4g5,70,82,12
2bqkbr1/4ppp1/rNnp4/3B3p/ppPN1P2/4P2P/PP1P4/R1BQK2R b KQ - 0 20,c6d4,black,c6d4,-311,-303,8
rnbqkbnr/1pp1p1pp/p4p2/8/QP6/2p1PP1P/P2P2P1/RNB1KBNR b KQkq - 1 6,c8d7,black,c8d7,72,61,-11
rnb1k1nr/pppp2p1/B3p3/5P1p/7q/b3P2P/PPPP1P2/RNBQK1NR w KQkq - 0 6,a6e2,white,a6e2,230,219,-11
rnbqkb1r/2pppp1p/1p5n/pN4p1/2P5/1P5N/P2PPPPP/R1BQKBR1 b Qkq - 1 6,c7c6,black,e7e5,-47,-33,14
r1bqkbnr/ppp2p1p/3pp1p1/n7/7N/4PP2/PPPP1KPP/RNBQ1B1R w kq - 2 6,g2g3,white,g2g3,-97,-90,7
rn1q2nr/p1pp2kp/b2b1p2/1p2pPp1/2PP4/1Q3NP1/PP2P2P/R1B1KBNR b KQ - 0 11,b5c4,black,b5c4,211,207,-4
r2k2r1/1bqn1p1p/2pp2p1/p3pNb1/PP1PP3/2p2B2/1B3P1P/RQ3KNR b - - 1 20,c3b2,black,c3b2,462,436,-26
1nbq1k1r/4r3/pp2pnP1/2pp3p/2PP1pP1/BP5R/PQ2PP1N/RN2KB2 w Q - 0 20,b1c3,white,b1d2,474,452,-22
r2knb1r/p3p2p/2P2p2/3B2P1/2Pp4/1P1nB3/2RKQ3/1N5R w - - 0 23,e3d4,white,d2d3,829,891,62
1r1q1bnr/2pkp3/2npb1pp/pp2Pp2/1PBN4/5P1P/P1PPK1P1/R1BQ2NR b - - 0 13,c6d4,black,c6d4,619,613,-6
r1bqk1nr/1ppp4/2n1p2p/p4p2/6p1/1PNP2PP/PbPKPP2/2RQ1BNR b kq - 0 10,d8e7,black,d8e7,528,507,-21
1n2kb1r/r4pp1/2b1p3/pppP3p/4p1n1/B1N2PPP/P3K1B1/1R4NR w k - 0 17,d5c6,white,d5c6,232,227,-5
rn3b2/pq2kp1r/1ppppnp1/1N2PP1p/3P3P/BP6/P1P3P1/RQN1KR2 b Q - 0 16,c6b5,black,c6b5,-91,-88,3
r1b2bn1/4k1pr/7p/pppp1p2/PP1B2P1/7P/2PPP2R/RNQ1KBN1 w - - 0 20,d4c5,white,d4c5,902,882,-20
1rb2b1r/4k1p1/1Q1p3n/pnP2p1p/P2Pp2P/1P1p2P1/2NK1P2/1RB2BNR b - - 0 22,b8b6,black,b8b6,-299,-293,6
3q1b1r/1bpQpk2/r5p1/p1n2p1p/3P1P1P/N1P1PnP1/PP1B1N2/R2K1BR1 b - - 2 19,c5d7,black,c5d7,628,622,-6
r3kbn1/p2n1pr1/b2pp3/1ppP1PPp/NPq3P1/7B/P1P1PR2/R1BQK1N1 w q - 0 19,d5e6,white,d5e6,225,222,-3
2bqkb1r/rpppppp1/5n1p/pP6/8/N1P1n1PB/PB1P1P1P/R1Q1K1NR w KQk - 1 14,f2e3,white,d2e3,381,343,-38
r1bqk1nr/pppp3p/2nbppp1/8/P7/2P3PN/1P1PPP1P/RNBQ1K1R b kq - 3 7,d6f8,black,d6f8,513,508,-5
rn1k1QnR/2qb2b1/p1ppp3/8/2p3P1/N6N/PP1PPP2/R1B1KB2 b Q - 4 14,g7f8,black,g7f8,17,29,12
1nb1kbn1/2pp1p2/r1B3p1/1P2pq1r/p3P2p/P2PQ3/1B2NPPP/RN3K1R b - - 0 20,f5g5,black,f5g5,-147,-143,4
r1b2knr/ppp2pb1/2q1p1pp/n2p4/P7/N2P4/1PPKPPPP/R1BQ1BNR w - - 2 11,c2c3,white,g1f3,-113,-157,-44
rn1qkbn1/2pppppr/Q7/7p/8/3PBb2/PPP1PPPP/RN2KBNR b KQq - 0 8,b8a6,black,b8a6,521,533,12
r1bq1bnr/2pppk1p/5pp1/pp6/6n1/N2P1P1K/PPP1P1PP/R2QBBNR w - - 6 9,h3g4,white,h3g4,154,139,-15
rnbq1b1r/1pppk1pN/p3p2n/5p2/2PP4/P7/RP1BPPPP/1N1QKB1R b K - 0 8,h6f7,black,h6f7,-165,-164,1
1n2kb1r/rpq2p1p/p2pp2n/2p3p1/3P2b1/N1P1P1P1/PP1K1P1P/R1B1QBNR b k - 2 12,c7c6,black,c7c6,84,117,33
r1bqkbnr/1ppp2pp/p1n5/5p2/5p2/BP1P3P/P1P1PKP1/RN1Q1BNR b kq - 0 6,d8h4,black,d8h4,99998,99999,1
r1b4r/pp1p4/n1pbkp2/3nP1p1/6P1/BPP2B1P/P2P4/R1QKN1q1 b - - 0 22,d6e5,black,d6e5,528,562,34
r3k1nr/p4ppq/1pnpb2p/8/2PPpP2/PP2B1bP/4P1K1/RN3BNR w kq - 3 19,g2g3,white,g2g3,-611,-599,12
rn1qkr2/Bb1ppp1p/2p4b/1p2P2n/P4PpP/R1PP3R/1P1QB1P1/1N2K1N1 w q - 4 20,e2g4,white,e2g4,237,229,-8
1rbqkb1r/pp1pppp1/5n2/6Bp/1np1P2P/3P1N2/PPP2PP1/RN1QKBR1 b Qk - 0 8,c4d3,black,c4d3,15,14,-1
r1bq1bnr/p2k4/2n4p/PPp1pp2/1P2p1PP/6P1/1BQP4/RN2KBNR b K - 1 16,c6b4,black,c6b4,-32,-30,2
1rbqkbnr/1ppppp1p/6p1/p1P5/8/B6P/P1PPPPP1/RN1QKBNR w KQk - 0 6,b1c3,white,b1c3,458,457,-1
r1b1kb2/2p1n3/pp1p1Qp1/n7/2B1PP2/Pq1P2pP/2PNR3/R1B1K1N1 w q - 0 20,f6f7,white,f6f7,809,799,-10
1rbk3r/ppp2pp1/4pn2/PN5p/Q1pb1P1q/4P1R1/3P2PP/2B1KBNR b K - 3 18,f6d5,black,f6e4,-551,-580,-29
2bq1bnr/4k2p/n3p1p1/1ppp3B/2r2p1P/1PN1P2Q/R1PP1PP1/2B1K1NR w - - 2 16,b3c4,white,b3c4,289,306,17
1r3k1r/pp1b2pp/n3Q3/3p3P/1bp2pn1/BPPPPN2/P2KP1PR/1R3B2 b - - 1 19,d7e6,black,d7e6,191,196,5
r1bqk1r1/pp1np1bp/n2p2p1/8/3pP3/P6P/1PPKN1P1/RNB1QBR1 w q - 0 13,d2d1,white,d2d1,-211,-224,-13
rn1qkbn1/ppp2p1r/8/3pp1pp/1PPP4/P3B1PN/4PP1R/RN1QKB2 b Qq - 0 10,g5g4,black,g5g4,-380,-400,-20
rn1qk1r1/p1p1ppb1/5np1/3p2Bp/Pp1P3P/1RP2PPR/1P2P3/1N1QKBN1 w q - 1 11,c3b4,white,c3b4,543,537,-6
r2qk1r1/p2p1ppp/b1nbp2n/1pp1P3/1P4P1/B2P3P/P1P1KP2/R2Q1BNR w q - 0 12,e5d6,white,e5d6,-235,-249,-14
4kbr1/6pp/r1pP1B1P/P7/3PN2P/1b4P1/P3P1BR/R2QK3 b Q - 0 25,b3d1,black,b3d1,-850,-860,-10
5qnr/p1pkrp2/1p1pb1pb/2n1P2p/5B2/NP4P1/P1PKPPBP/R2QN2R w - - 12 14,e5d6,white,d2c1,164,193,29
3rk2r/p1pb1ppN/7p/1PPppn2/3PP3/1P4Rq/5PP1/1NB1KBR1 b k - 0 25,h3h4,black,h3h4,338,324,-14
2r2b2/3kppr1/pP1Bn3/3p2pp/P1p5/5P1P/Q1PPNKB1/RN5R b - - 0 25,e7d6,black,d7d6,-763,-765,-2
r1bk4/ppp2p2/5b2/3qB1pp/Pn1N3P/1P2P3/N1PP1nP1/R2QKBR1 w Q - 3 21,e5f6,white,e5f6,843,908,65
r2q1b1r/1pp2ppp/2k1p2n/p2pn3/PPP3bP/2RP4/Q3PPP1/RNB1KBN1 b Q - 0 15,d5d4,black,d5d4,93,92,-1
rn3b1r/p1pq1k2/bp3Ppp/3ppPB1/8/NQPP4/PP2BK1P/1R4NR w - - 2 20,f5g6,white,f5g6,352,359,7
2bq1bn1/rpppk1pr/n1B1p3/p6p/1P2p3/N2Q4/P1PPKPPP/R1B3NR w - - 10 14,c6e4,white,c6e4,112,108,-4
r2kqbnr/2p1pppp/pp1p4/1P6/P1b2P1P/6P1/2QNP3/RNBK1B1R b - - 0 13,a6b5,black,c4d5,-379,-350,29
rn2qbnr/N2pp1pp/bp1k4/8/2pP2PP/4PQ2/1PP2PR1/R1B1KBN1 b Q - 1 14,a8a7,black,a8a7,-6,-30,-24
r1bqkb1r/2pp1ppp/2n4B/pp1n2Q1/3p3P/P6R/1PP1PPP1/RN2KBN1 b Qkq - 0 8,d5e7,black,c6e7,275,321,46
1qb1k1r1/2rp3p/ppBbppp1/2p1nP2/PnPP2P1/BP5P/1R1NP2R/3QK1N1 b - - 5 23,e5c6,black,e5c6,435,428,-7
1n1qkb1r/1p2p1p1/1rpp3p/3P1p2/pP2n1b1/B1Q3P1/P1P1P1BP/RN1K2R1 w k - 2 19,g2e4,white,g2e4,-451,-452,-1
rnbqk1nr/1p1p2pp/3b4/p1p1pp2/P2P4/2P1P1PB/1P3P1P/RNBQK1NR b KQkq - 1 8,g8f6,black,c5d4,-116,-139,-23
rnbq3r/3pk1pp/pp3n1b/4p3/1pP1Pp2/NR1P1Q2/P4PPN/R1B1KB2 w Q - 0 14,a3c2,white,a3c2,-89,-81,8
r1bqkb1r/1pp1pp1p/p2p4/4n1N1/1P3n2/2PPP3/P2QKPPP/RNB2B1R w kq - 3 9,e3f4,white,e3f4,385,382,-3
rn2k2r/2p1n3/b2pBb1p/pq4p1/1RP1p3/3QPPP1/1P2K2P/2B3NR b q - 1 25,e4d3,black,e4d3,920,942,22
r1bqkbr1/pppppppp/2n2n2/4P2P/2P5/7N/PP1P1PP1/RNBQKB1R b KQq - 0 6,c6e5,black,c6e5,-33,-30,3
r1b3nr/p1npbk2/4pppp/1pp3Q1/2B2P2/P1N1P3/1PPP2PP/1RB1K1NR w K - 5 13,g5g3,white,g5g3,556,587,31
1rbqkb2/n2ppppr/1pp1P3/p7/6Pp/BPPN3P/P1QPBP2/R3K1Nn b Q - 1 16,d7e6,black,d7e6,198,189,-9
r1b1kbnr/p1pp2pp/2n1p3/1p2qp2/3P2P1/2Q4B/PPP1P2P/RNBK2NR w kq - 2 8,d4e5,white,d4e5,572,574,2
2r1kb1B/pp2pp2/n1p1b3/1B4pp/1P1Pp1n1/5q1P/P1PNNP2/R3QK1R b - - 0 17,g4e3,black,g4e3,99998,99999,1
rnbqkbnr/1p1pp3/p1p2p1p/6p1/8/3KPPPN/PPPP3P/RNB1QBR1 w kq - 0 9,d3e2,white,b2b3,-106,-120,-14
1Q4nr/p2bp1b1/3k4/1n1P1p1p/8/N3PpP1/P2P1K1P/2r2BNR b - - 3 25,d6d5,black,b5c7,-539,-600,-61
rnb3n1/1ppk2pr/3p3B/3Bpp1p/pQ2P1Pq/PR1P4/RPP1KP1b/1N6 w - - 0 22,d5g8,white,h6e3,-479,-517,-38
2bqk1r1/rpp2p1p/2P1p1pb/4n3/1P1p2P1/2P1P3/P2BNP1P/RNQ1KR2 b Q - 1 14,e5d3,black,e5d3,588,575,-13
rnb1kb1r/1p1ppp2/1qp3p1/pB5p/1P4P1/N3PN2/P1PP3P/R1BQKR2 w Qkq - 2 12,c1b2,white,c1b2,245,268,23
rb1qkr2/n4p1p/1N3n2/p1pppbp1/2PP3Q/4PPPP/PP2K3/R1B2BNR b q - 6 19,g5h4,black,g5h4,639,632,-7
rnb3qr/pp2pk1p/6pb/1Pp2p2/2npNQP1/7N/PBP2P1P/3RKB1R w - - 6 19,f1c4,white,f1c4,391,381,-10
rnb1kb2/pp1ppp1p/1qr2P1n/6p1/2p3P1/PPP4B/RB1PP2P/1N1QK1NR w Kq - 2 11,b3c4,white,b3c4,-166,-170,-4
r1k2bn1/1p1nQ1r1/6p1/p1p1pp2/1qP1p1bP/2NB1P1N/PP1P3P/R1B2K1R b - - 1 22,g4h3,black,g4h3,781,769,-12
rn1q1knr/pb3B2/1pp3p1/3p1P1p/PP6/2N3P1/RBPP1P1P/3QK1NR b K - 0 14,f8f7,black,f8f7,-401,-407,-6
rnbqkb1r/p1ppppp1/1p5p/6n1/8/PP1PP2P/2PN1PP1/R1BQKBNR b KQkq - 2 6,c8b7,black,e7e6,-97,-92,5
r1b1k2r/p2pb2N/2n2npp/8/2p3q1/PRP1B2p/2Q1PK1P/5NR1 w kq - 4 26,h7f6,white,h7f6,297,305,8
rnb1kb1r/pp1pnpqp/4p1p1/2p5/1P3P2/4P3/P1PPBKPP/RNBQ2NR w kq - 3 7,c2c3,white,c2c3,34,32,-2
1nb2br1/rq3p2/p3kn2/1p1pp2Q/NPP1PPp1/6PP/PB1P2K1/R4BNR b - - 0 23,f6h5,black,f6h5,421,391,-30
r1bqkb1r/pp1p1p2/2N1pnp1/5n2/3P2pP/4P3/PPP1NP1R/R1BQKB2 b Qkq - 0 12,b7c6,black,b7c6,553,531,-22
rnq3nr/1bp1kp2/pp2p1pp/3p2b1/3PP1PP/N1P4R/PP1QNP2/1R2KB2 w - - 0 12,h4g5,white,h4g5,192,195,3
1rq1k2r/p1p2b2/1pnp1p1b/3np1Np/2P1P1PP/PP1B4/3P1P2/RNBK1Q1R w k - 1 15,g5f7,white,e4d5,329,332,3
r1bqkb1r/pp4pp/2p1pp1n/3p4/1n1P3P/N6R/PBP1PPP1/1R1QKBN1 b kq - 0 8,f8d6,black,f8d6,248,256,8
rnbqk1nr/1p1p1pp1/2Q5/4p2p/pb2P3/1PPP1N2/P2B1PPP/RN2KB1R b KQkq - 0 10,d7c6,black,d7c6,576,546,-30
1n2kbr1/1rq1pp1p/p7/1pp1PP2/2p4p/NPB1K2P/P2P1P2/R3QB2 b - - 1 21,c7d7,black,b8c6,370,328,-42
rn1qkb1r/4pn2/p1p3pp/2PpP3/1P3NP1/2B5/P1QP1P1P/RN1bKR2 b Qkq - 0 16,d1c2,black,d1c2,633,588,-45
rn4N1/5k1r/p3b1p1/1pbppp1p/2P1P1QB/3q1P1P/PP4P1/RN2K1R1 b Q - 2 23,d3e3,black,h5g4,753,787,34
rnbk1bnr/pppqppp1/8/7p/3pPPP1/5Q2/PPPP3P/RNB1KBNR b KQ - 1 6,h5g4,black,h5g4,200,188,-12
r2qkbnr/3npp1p/pNppb3/6p1/1p5N/PP1P4/1RP1PPPP/2BQKB1R b Kkq - 0 10,d8b6,black,d8b6,462,440,-22
1rb2qkr/p1pp3p/n1P1p1p1/1p3pn1/5PP1/PP1BPQ1P/4K3/RNB3NR w - - 1 16,f4g5,white,f4g5,443,446,3
1q1rkb1r/4pppp/1pp1b3/pB1p1P1N/3P2n1/NP2P3/PBnK2PP/2RQ1R2 b - - 5 19,c2e3,black,c2e3,-144,-124,20
2r1qkn1/1b4b1/1pp1ppp1/6pr/p1pPPP2/8/1PNB2PP/RQ2KB1R w - - 0 26,a1a4,white,f1e2,-185,-176,9
rnbk3r/pp2bp1p/2q5/1Nppp1p1/1P2P2n/B4N1P/P1PP1PP1/2RQKB1R w K - 1 13,b4c5,white,f3h4,155,125,-30
1n1qkbn1/4pppr/rp1p3p/pN6/2p5/2P2bPB/PPQPPP1P/R1B1K2R w KQ - 0 13,e2f3,white,e2f3,474,439,-35
r1bqkr2/p1p2p2/3Pp3/3B2pQ/Pb5p/2NP4/2RP1PPP/4K1NR b Kq - 0 18,e6d5,black,e6d5,-252,-212,40
r1b1kb1r/p1q1ppp1/1p1p1n1Q/n1p5/P2PN3/1P2P3/2P2PPP/RNB1KB1R b KQkq - 0 9,h8h6,black,h8h6,619,614,-5
r1bk2nr/bppp1p1p/n1q1p1p1/p4PP1/7N/6QP/PPPPP2K/RNB2B1R b - - 4 14,g6f5,black,g6f5,96,101,5
r2qkb1r/ppp1pp1p/n5pn/3p1b2/PP5P/6P1/2PPPPBN/RNBQK2R w KQk - 5 8,c1b2,white,c1b2,122,120,-2
1r4nr/p1p3b1/2Pqpkpp/1R3p2/1P1p1PP1/B2P3N/1NPKP2P/2Q2B1R w - - 1 20,b5c5,white,b5b8,602,595,-7
1rb2b1r/3ppk1B/1pn4n/2p3P1/P1P3pp/BK2P2P/3PN1q1/R5NR b - - 2 21,h8h7,black,g2h1,769,770,1
1rbq1bnr/p1pp1kp1/8/1pnp3p/P1P1N3/3B2PP/1P2NP2/R1BQK2R w KQ - 0 14,e4g5,white,e4g5,440,433,-7
rnbqkb1r/p2p1ppp/4p3/1pp4n/3N1B2/3P1N2/PPP1PPPP/R2QKB1R b KQkq - 1 6,h5f4,black,h5f4,472,495,23
r1b2k1r/1pq1p2p/2n4b/p1pp1PpP/2P1n3/7Q/PP1PPP1R/1RB1KBN1 b - - 2 14,d5c4,black,d5c4,492,497,5
r1bqkbnr/1ppnp2p/p2p4/5pp1/5B2/1PPP4/P2NPPPP/R2QKBNR w KQkq - 0 6,f4g5,white,f4g5,163,159,-4
rnb2k1r/p2p3p/2p1pq1n/1p4pP/1PP1Nbp1/P2PKN2/1R2P3/2BQ1B1R w - - 0 16,e3f2,white,e3f2,-61,-59,2
r1b1k1nr/ppp5/n3p3/3p1pPp/P1P4N/1Pb1P3/3P1qPP/RNBK1B1R w kq - 0 13,b1c3,white,b1c3,-581,-577,4
rnbq1bnr/1p1kp1p1/2p4p/3p1p2/8/B1p2N1P/P1PPPPPR/RQ1K1B2 w - - 0 9,f3e5,white,f3e5,-435,-443,-8
5bnr/2pkp2Q/3rb3/1p1p4/pP1n1p1P/P3P1P1/2PP1PB1/RNB1KR2 b Q - 1 17,h8h7,black,h8h7,35,26,-9
r5nr/pp1b2k1/n3pp1p/q7/P3P1NP/3pQP2/1R1b2B1/1NB1K2R w K - 0 26,c1d2,white,c1d2,437,425,-12
r1b1kbn1/n2p1p1r/pp6/1Qp3p1/R1P1p3/4B1N1/1P2PPPP/1N2KB1R b Kq - 6 15,a6b5,black,a6b5,-15,-15,0
2bq1k2/2pnb1r1/5pp1/pp1Bp3/1P4pP/B1P4R/P1NPPn2/RQ2K3 w Q - 0 26,h3e3,white,h3g3,-147,-147,0
r1bq1b1r/Np2kppp/3pp3/2p4P/P7/4P2B/1PPP4/R1BQ1KNR w - - 1 12,a7c8,white,a7c8,556,582,26
r4knr/pp2ppbp/n1q5/3pP1p1/8/4Q1PN/PPbP1P1P/RNB1KR2 w Q - 3 16,d2d4,white,d2d4,-539,-463,76
rnq2b1r/2Qb1k2/p3pB2/3P1p1p/1p2P2P/P2P1P1n/1PKN2P1/R4BNR b - - 0 21,c8c7,black,c8c7,549,501,-48
rn1qkb1r/pp2pppp/3p4/2P1n3/5PbP/5NP1/P1PPP3/RNBQKB1R w KQkq - 1 7,f4e5,white,f4e5,350,340,-10
2bqkb1r/r1pppp2/2n2npp/pp4P1/1P2P2P/7B/P1PP1P2/RNBQK1NR w KQk - 2 8,g5f6,white,g5f6,218,208,-10
rnb4r/3k2pP/p1p1p2n/1pbp1p2/P3N3/1P5P/2PNPP2/1RBQKB1R w K - 1 13,e4c5,white,e4c5,896,904,8
1rbr4/pp1p1Nk1/2nb1p1p/2Q3p1/8/N1PPBP2/PP1KP1Pn/2R2BR1 b - - 0 21,d6c5,black,d6c5,-450,-443,7
rn2qbnr/p1p1k1p1/4p1p1/2Pp2p1/PP1PP3/R1p4b/5PP1/1N1QK2R w K - 0 17,h1h3,white,g2h3,-473,-476,-3
1rb2kqr/pP1P1p2/Bp6/4P2p/P2P1n1P/5Np1/1bPQ2P1/R1BK3R b - - 2 24,c8d7,black,c8d7,-598,-615,-17
rnbqkb1r/p3pppp/1p5n/3p4/1PpP4/NQP5/P3PPPP/R1B1KBNR w KQkq - 1 6,b3b2,white,b3d1,-6,-21,-15
rn1k1b1r/3P3p/pp2pqp1/1Pp5/P3p1n1/6KN/3Pb2P/RN5R b - - 1 23,f6f3,black,f6f3,99996,99997,1
1nbq3r/4kppp/rpppp2n/p7/PbPPP2P/2R5/1B1QNP2/RN2KB2 b Q - 1 12,h8e8,black,h8e8,226,222,-4
rnb1kbn1/p1q1p2r/1Ppp3p/RP6/3P1pp1/2P1B1PN/3NPP1P/3QKBR1 b q - 1 13,a7b6,black,a7b6,-203,-181,22
r1bk3r/pppp4/7n/n1P1pp1p/Pb1P2p1/4P1PP/1PQ1KP1N/1RB2B1R w - - 4 16,c1d2,white,c1d2,603,580,-23
rn1qkbnr/1pp1p2p/4bp2/p2p2p1/4P1P1/PQP4N/1P1P1P1P/RNB1KB1R b KQkq - 0 7,b8c6,black,b8c6,180,185,5
4kbr1/2q3pp/r1pp3n/p2N1p2/P1Ppn2P/1p1PPPPB/1P2K2R/R1B3N1 b - - 1 23,c6d5,black,c6d5,672,622,-50
r1bqkb1r/ppp1ppp1/2np1n2/Q6p/2PP2P1/8/PP1NPP1P/R1B1KBNR b KQkq - 1 6,c6a5,black,c6a5,677,674,-3
1r1qkbnr/1pnb3p/p2pp3/1P2N1P1/4P1p1/N1R5/P1PPBP2/R1BQK3 w Qk - 0 16,e2g4,white,e2g4,465,496,31
r1bqkb1r/1p1Pp3/5npp/pnp2p2/P3NP2/BP6/2PP2PP/R2QKBNR b KQkq - 0 10,f6d7,black,f6d7,-340,-334,6
rn2qkn1/pp3ppr/4b3/2p1b1Bp/2NP4/5NPP/PPP1PKR1/R4Q2 b - - 1 18,e5d4,black,e5d4,377,377,0
r1bkrbn1/1p1B2p1/2n2pp1/p1p1P3/N7/1P1p1P2/P3P1KP/R1BQ2NR w - - 0 22,d7c6,white,d7c6,731,684,-47
1r1kn1nr/1p1b2b1/1Ppp1p1p/pR2p1q1/2PP4/4PPP1/P1Q4P/4KBNR w - - 0 26,f3f4,white,f3f4,-449,-418,31
1n2kbn1/rb1pp3/4B1pr/ppp1Q1Pp/P2Pq3/RPP2p2/1B3P1P/1N3KNR b - - 0 20,e4b1,black,e4b1,685,705,20
1rbqk1nr/1pQpb1pp/2p5/1n3p1P/1P1Np3/P3PN2/2PP1PP1/R1B1KB1R w KQk - 0 15,c7b8,white,c7b8,450,465,15
rnb1kb1r/pp4pp/7n/3ppP2/P2pP3/1QP5/1P1P1R2/1RB1KBN1 b - - 3 22,d5e4,black,d5e4,-434,-425,9
1nbqk1nr/1r3ppp/3pp3/1pp2P2/pP5b/N2PK2P/PBP1P1PR/R1Q2BN1 w k - 2 12,e3f3,white,e3f3,-419,-408,11
r1b1kb2/pp1p1p1n/6p1/n1p1p2r/N1P1PPQp/PP1B2PN/6qP/R1B2K1R w q - 1 19,f1g2,white,f1g2,501,489,-12
1n2kbn1/p2pqp1r/bQ3p2/1pp5/4B1p1/N1P1p2P/PP3P2/R3K1NR w KQ - 1 18,b6b8,white,b6b8,486,488,2
r1br4/p3bk2/1ppp3p/6pn/qP2n2P/2Q1P1P1/PB3P2/R2NKBNR w KQ - 1 24,c3d3,white,c3d4,-72,-94,-22
rn1q1bnr/pp1bkpp1/8/4p1Np/NPpp1P1P/8/PBPPP1P1/R1Q1KB1R w KQ - 0 10,a4c5,white,a4c5,97,104,7
rn1k2nr/2p2B2/5p1p/p3q2P/5Pb1/1RPP2P1/1PQBP3/1N2K1R1 b - - 1 23,e5e2,black,e5e2,99999,100000,1
rnb1kbn1/pp1p2pN/1q5p/4pp2/1P1pP3/2P5/P3BPPP/RNBQK1R1 w Qq - 1 14,h7f8,white,e4f5,497,484,-13
rnbqkbr1/pp2p1pp/2p4n/3p1p2/2P1N2P/1Q6/PP1PPPP1/R1B1KBNR w KQq - 0 6,e4g5,white,e4g5,55,62,7
2r1kbnr/nq2pppp/p3B3/1ppp1b2/3P3P/PP2PPP1/RQ1B2R1/3K2N1 b k - 0 18,f5e6,black,f5e6,641,661,20
rnbqkb1r/2p2p1p/p6n/p2pp1p1/3P2P1/8/1PPQPP1P/RNBK1BNR b kq - 1 8,h6g4,black,h6g4,183,204,21
r5n1/2p1kp2/np6/pbp1P1p1/P3PP1b/3q4/1P2Q1PP/RNB2KNR b - - 1 20,d3d1,black,d3d1,99999,100000,1
rnb1k2r/3nb3/6pp/p1p2p2/1P3P2/P2qP3/3P2PP/R1B1K1NR w Kkq - 0 22,g1f3,white,g1e2,-919,-943,-24
rnbq3r/pppp1kbp/7n/3P1p1P/P3p1p1/1PNNP1P1/R1PK1P2/3Q1BR1 b - - 0 21,e4d3,black,e4d3,548,546,-2
r1q1bbn1/p1n1p3/3pNpkP/3P3p/P2Q1P1P/2B5/2P1P2R/RN2KB2 w - - 1 25,d4g1,white,f4f5,737,723,-14
rq2kbn1/ppp3pr/2b4p/3P3P/5pB1/1PNR4/P2PKPn1/R1B3N1 b q - 5 19,c6d7,black,c6d7,620,627,7
2b5/r4kbn/3pp1p1/pp2P1Q1/PP3p2/3P1P2/1PB3r1/RNB1KR2 b - - 2 25,h7g5,black,h7g5,117,81,-36
rn1qkb1r/1bpppppp/8/pp3n2/3PNP2/7N/PPP1P1PP/R1BQKB1R w KQkq - 2 6,e4c5,white,e4c5,141,154,13
r1bqk1nr/pp1p1ppp/n1pb4/4p3/P3P1PP/N6N/1PPP1P1R/R1BQKB2 b Qkq - 0 8,d6c7,black,d6c7,121,120,-1
r1Bqkb1r/2p2p2/3p2p1/pp2pnn1/1P5p/P2PP2P/N1P2PP1/1RBQK1NR w kq - 3 15,c8b7,white,c8b7,519,511,-8
rnbqk2r/p3p1b1/2pp3p/2p2p2/2B3n1/4P2P/PPPP1P2/R1BQK1NR w KQkq - 0 12,h3g4,white,h3g4,-127,-138,-11
1nbqkbnr/2p1ppp1/7p/pp1p2r1/3P1B1P/1QP2P2/PP2P1P1/RN2KBNR b KQk - 1 8,g5f5,black,g5f5,-157,-158,-1
2bq1b1r/rppkpp1p/6p1/p1nN4/P7/3PPPP1/n1PK3P/RNBQ1B1R b - - 1 14,a2c1,black,a2c1,69,37,-32
r4k2/pb4r1/4pP2/2p1P2p/6P1/1PP2Q2/NB1Pp3/R3K3 w - - 0 26,f6g7,white,f6g7,1036,1220,184
r1bqkbnr/p1p1p2p/3P1p2/npP3p1/8/3Q3P/PP1P1PP1/RNB1KBNR b KQ - 2 10,e7d6,black,e7d6,-153,-168,-15
rnbqk1nr/p2pppbp/Bp4p1/2p5/4PP2/N7/PPPP1KPP/R1B1Q1NR w kq - 2 7,a6c8,white,a6c8,9,-23,-32
rn3bnr/1b1k2pp/p1pqpp2/1p1p3P/3P2P1/PP2PN2/1BPK1P2/RN1Q1B1R w - - 1 11,g4g5,white,d2e1,141,154,13
r1bq1b1r/1Bp1kppp/3ppn2/p4n2/1Q6/1PP1P2P/P2PNPPR/RNB1K3 b Q - 4 12,a5b4,black,a5b4,526,492,-34
rn2kr2/2bb4/3q2p1/p1PpPp1p/p1B1nN1P/4P2N/1BPP2P1/1R1Q1RK1 b q - 8 24,d6c5,black,d6c5,-492,-515,-23
1nbk1b1r/rpp2p1p/P5pn/3p4/P3p1P1/2P1PP1P/3P2Bq/RNBQ1KNR b - - 0 13,h2d6,black,h2d6,-50,-44,6
rnb2b1r/pppkqpp1/3ppn2/7P/8/2P4N/PPQPPPBP/RNB1K2R w KQ - 3 7,d2d4,white,d2d4,69,60,-9
r1bqk1nr/p2ppp2/6Bb/npp1P2p/8/2N3P1/PPPP1P1P/1RBQK1NR w Kkq - 1 8,g6f7,white,g6f7,226,234,8
2bqk3/1ppp1p2/B4rpr/p2np2p/P3P3/2P2P1N/2PP2PP/1RBQKR2 b - - 0 18,d5e3,black,d5e3,-329,-332,-3
r2qkbr1/p2npppp/bppp4/8/Pn2P3/2PP2PN/1P1KBP1P/RNBQ3R w q - 3 10,c3b4,white,c3b4,415,418,3
r1bk1b2/pp1n1p1r/2pBB1pP/3p3p/3P4/PP3PP1/2P1P3/RN1QK1NR b KQ - 0 13,f8d6,black,f8d6,-614,-611,3
3q1kBr/p1r1p3/1n2b2n/2P3p1/p1Pp1P1p/B2B2PN/3P3P/RN1QKR2 b Q - 0 22,e6h3,black,e6h3,-387,-383,4
1rb1k1nr/1p5p/p3pqp1/2pnP3/2P2Pp1/4b2P/PP1PN3/RBBK2NR b - - 2 24,f6d8,black,f6d8,538,563,25
b4b2/1r1qp2k/p1p2Qp1/1pp5/PPn2PP1/4P3/2PP4/RN2KB2 w Q - 1 25,f6f8,white,f6f8,3,18,15
1n1k1Nnr/3pBQp1/1q6/1p5p/r2P1P2/2P2P2/R2NP1BP/4K2R b K - 0 22,g8e7,black,g8e7,-438,-431,7
rnq2b1r/3k2p1/b4p1n/p2pp2p/RP1P4/2P1P1PN/3B1P1P/1N1K1R2 b - - 0 19,a6f1,black,a6f1,1004,990,-14
rnbqk2r/p1ppppbp/6p1/1B6/1P2P2P/2Nn2P1/P1PP1P1N/R1BK3R w k - 1 12,b5d3,white,b5d3,-541,-549,-8
1nb2bnr/3p2k1/2r1p2R/ppp2pp1/1PP3P1/P1NPPP2/1R1N4/2BQ1B1K b - - 2 21,g8h6,black,h8h6,-435,-442,-7
2b2k1r/rq4pp/pppp3B/7N/4Pp2/PnPP2QB/4K3/RN3R2 w - - 0 25,f1f4,white,f1f4,662,663,1
r1b1k2r/1Pp2p2/4P2n/p6p/3B3P/b1P5/3NQ1P1/4KB1R b K - 2 25,c8b7,black,c8b7,-762,-752,10
1rbqkbnr/p3p1p1/npp4p/2Pp1p2/P7/7P/1P1PPPP1/RNBQKBNR w KQk d6 0 8,c5b6,white,c5b6,-60,-84,-24
rn2kbn1/p2qp1B1/b3Pp1r/1p1p4/2pP2P1/P1N2P2/1PP1B2P/RQ2K1NR b q - 0 19,d7e6,black,d7e6,-175,-162,13
rnq1b1rb/1k3p1p/1pp5/p1Ppp1pn/PP1PP1PP/8/1RNK1P2/2BQ1BNR w - - 17 24,g4h5,white,b4a5,252,242,-10
rnbqkbn1/2p1ppp1/pp6/3p3p/7P/3Pr1P1/PPPBBP2/RN1QK1NR b KQq - 1 10,e3e6,black,e3e2,101,98,-3
r3k1r1/1qpb1ppp/1pn5/p2P2P1/1P1Nnp1R/P1N5/3PP3/R1BQ1K1B b - - 3 23,e4g3,black,e4g3,-211,-203,8
r1b1kbnr/2q3p1/p1pp1p1p/1p3p2/3PPP1P/P2N2P1/1PP2K1R/R1nQ1B2 w - - 1 17,e4f5,white,d3b4,-501,-521,-20
r1bn2nr/1pp2k2/7p/3ppBp1/2PQ3N/1p2PPP1/RP1K2R1/2B5 b - - 1 24,b3a2,black,b3a2,-178,-182,-4
1r1qkbnr/p3p3/b4pp1/2Pp3p/Pnp1P2P/B2BRQ2/3P1PP1/1N2K1NR w Kk - 0 15,a3b4,white,a3b4,-274,-279,-5
r1bqk1nr/1pp3pp/2n5/p3p3/1bPpPp1N/P5P1/1PBP1P1P/RNB1K2R w KQkq - 0 12,a3b4,white,a3b4,-655,-668,-13
2bqkbnr/rpp1p2p/n2p4/p4pp1/P1PP1PP1/NP2P3/7P/R1BQKBNR w KQ - 0 9,h2h4,white,g4f5,178,172,-6
rn3k1r/1b2n1p1/3p4/pQ2pp1P/4PBB1/2q5/P1P1KP1P/RN4NR b - - 0 23,c3c2,black,c3c2,448,461,13
rn1qk3/1B1pppb1/1pp3r1/p6P/2PPnP1p/P6Q/1P5N/RNB1K2R w KQq - 3 16,h5g6,white,h5g6,624,642,18
2b2bnr/1pk1nppp/r2pp3/p1p5/2P1N1q1/P1Q5/1PKPPPP1/R1B2BNR w - - 4 12,d2d3,white,d2d3,-95,-87,8
2rqkbnr/p1ppp3/b1n3pp/1p3p2/2P3QP/4PNP1/PP1PBP2/RNB1K2R b KQk - 0 8,f5g4,black,f5g4,605,630,25
4kbnr/rp1qpp1p/p1n1b1P1/3pP1P1/Q1p5/2PP4/PP3N1P/RNB1KB1R b KQ - 0 12,h7g6,black,h7g6,40,44,4
r2q1bnr/p1pb3p/1pn3k1/1P1pp3/N2P4/3K2PN/PBP1PPpP/3R2R1 w - - 2 21,g3g4,white,b5c6,-739,-771,-32
r1b1k2r/1pp3p1/n1npp3/p4p2/Pb2NP1p/2P2KP1/1P1PP1B1/NRBQ3R b q - 1 16,f5e4,black,f5e4,-387,-394,-7
1n2q2r/r2p3p/2pb1ppk/p3p3/Pp1BPPP1/3K3P/1P4BR/RNQ3N1 w - - 1 23,f4e5,white,f4e5,711,715,4
1rb2bnr/1ppq4/n1kPp1pp/8/1p3p2/1PPB1PP1/PBQP3P/2R1K1NR b K - 1 21,d7d6,black,d7d6,-259,-260,-1
r1bbkr2/pp4pp/n1pn4/1Bqp1p2/3B4/4QPPP/PP1R4/RN1K2N1 b q - 3 24,e8f7,black,e8f7,-361,-363,-2
rnbqr1k1/3p3p/ppp1pp2/1PPP2p1/P7/5P2/2P1QKPP/R1B2BNR b - - 1 12,e6d5,black,c6d5,-326,-345,-19
rnbq2nr/p1pk3p/4p1p1/1pbp1p2/P5P1/3P1N1P/1PPBPP2/RN1QKB1R b KQ - 3 12,b5b4,black,b5b4,-132,-140,-8
rnbqkbnr/1pp1p1p1/p7/3p3p/1P3p2/P1P1PP2/3PN1PP/RNBQKB1R b KQkq - 1 6,f4e3,black,f4e3,-12,-8,4
rnb4r/1pppbkp1/7P/p6n/4PP2/7B/PqPNQ2P/3RK2R w K - 2 21,e2h5,white,e2h5,-230,-239,-9
r1b1kbnr/ppp2p2/2npp1pp/1B1P4/7q/2P1PN2/PP3PPP/RNBQK2R b KQkq - 0 7,h4h5,black,h4h5,-341,-351,-10
r2qkbn1/2pp4/1p1Ppr1B/5p2/p6p/1PNP2Pp/P1P3bP/2RQKB1R b q - 1 23,f6h6,black,f6h6,592,583,-9
r2qk1n1/pbp3b1/1p2p1pr/3P1p2/1P4pP/P2P4/2PNKPN1/R1B2BR1 w - - 1 18,a1b1,white,d5e6,-674,-714,-40
rnbqk1nr/1pppppbp/p7/6p1/3P4/P3P2P/1PPN1PP1/R1BQKBNR b KQkq - 1 7,h7h5,black,e7e5,-107,-108,-1
3rkb1r/1p1b1ppp/p3pn2/P2p3n/2BP1PP1/2p1P3/RPPN3P/1NB1K2R b Kk - 1 18,c3d2,black,c3d2,488,490,2
rn2kbr1/1N5p/4q3/2pPp1Q1/ppnP3P/3B1NKb/PP3P2/R1B4R b q - 3 23,g8g5,black,g8g5,99997,99998,1
1r3kr1/pp1b1pbp/5q1n/2ppp1p1/P4P2/BP1BP2P/2PP1KPR/RN1Q2N1 b - - 7 17,e5f4,black,b7b6,20,70,50
rn2kbnr/p1pqpp1p/8/1p1p2p1/1P2P3/2P2bPP/PQ1P4/RNB1KBNR w KQkq - 0 10,g1f3,white,g1f3,276,299,23
rnb1qbn1/1p1p1p1r/3kp3/p1p4p/2P2P1R/N7/PP2PKP1/1RB1QBN1 w - - 3 13,a3b5,white,a3b5,200,196,-4
1rbqkb2/pppp4/4p3/nB3RNn/P4P2/4P1r1/1PPP4/RNB1K3 w Q - 0 17,b5e2,white,b5e2,-511,-507,4
r1b1q1n1/pQpp1k2/2n5/4p1pr/2PPP2p/8/PP1bKPPP/RN2NB1R b - - 1 13,c8b7,black,c8b7,729,724,-5
rn3bn1/N3kp2/2p1b1pr/2q1p2P/p3pP1P/BPPPP3/P5Q1/1R2K1NR w - - 5 23,a3c5,white,a3c5,529,525,-4
rnb1kb1r/pp1nppp1/3p3p/q1p3N1/2PP4/PP2P3/3N1PPP/R1BQKBR1 w Qkq - 2 10,g5e4,white,g5e4,64,57,-7
1n1k1bnr/1b2p2p/1r3p2/1ppp1qp1/1pP3QP/B4N1R/P2PPPP1/RN2KB2 w Q - 1 19,g4f5,white,g4f5,450,418,-32
1nb1kqnr/r5b1/p1p2pp1/Pp1pp3/3P2Pp/N1P1PP2/1P2NK1P/R1B1QBR1 b k - 0 18,e5e4,black,e5e4,160,162,2
rnbqkb1r/2pppnpp/p7/1p3p2/3PP3/N6P/PPP2PP1/1RBQKBNR w Kkq - 1 6,e4f5,white,e4f5,70,72,2
r1bqr3/pp5p/n1P1Bk2/4p1pn/1PN2p1P/B4KP1/P1P1Pb2/R3Q1NR w - - 0 18,f3f2,white,f3f2,74,79,5
r1b1kb1r/p3p2p/B3Qppn/P2p4/1p1P1PP1/4PN1P/1PPpK3/R1B4R w k - 0 19,a6b5,white,a6b5,931,934,3
r1b2br1/npppkp1p/4pq1n/6p1/P2P4/R5P1/1PP1PP1P/2BQKBNR w K - 1 9,h2h4,white,h2h4,-200,-208,-8
rnb1k1nr/ppqp3p/B1p3p1/1N2pp2/1bPNP3/PP1P3P/4QPP1/R1BK2R1 b kq - 0 16,c6b5,black,c6b5,-111,-93,18
n3k1b1/p2rp1br/q5pP/1RPp1p1p/2N1Q3/5P1P/P2PPKBR/2B3N1 b - - 0 24,d5e4,black,d5e4,543,504,-39
1nb2bnr/2pp2k1/r5pp/1p3pB1/2P4P/3P1P2/P1QK2P1/RN4NR b - - 2 21,h6g5,black,h6g5,-363,-356,7
rnbk1b1r/1p1pp3/p2q1n2/1P2Pp1p/2pP2p1/B3K1QP/P1P2PP1/RN3BNR b - - 0 16,f8h6,black,f6d5,360,336,-24
2b3qr/3pbk1p/1Pn4n/1p2pP2/p4P1P/B3PQp1/P1PP2B1/RN2K1NR w - - 1 20,f3h5,white,f3h5,627,700,73
rn2k2r/1p1nq1bp/4p1p1/p4p2/1P2NP2/2NpP1PP/PB2B3/R4K1R w kq - 5 20,e4g5,white,a1c1,-656,-668,-12
1r1k1bnr/1b4p1/np1p3p/2pp3P/p5q1/3PP2B/PPPKQ2N/R1B4R b - - 1 22,g4h3,black,g4h3,688,703,15
2b1k2r/n1q1p1bp/3r3P/p2p4/Pp1p1pP1/8/NPP1PBKP/2RQ1BNR b k - 1 19,d6h6,black,d6h6,-116,-109,7
rnbq2nr/2pp1kbp/1p2p1p1/5p2/p4P1P/P2P4/NPP1PQPR/R1BK1BN1 w - - 0 13,g2g4,white,h4h5,-95,-69,26
r2qkbnr/p1pppp1p/1p6/3b2B1/1n4PP/2NP3N/PPP1PP2/R2QKB1R b KQkq - 0 7,d5h1,black,d5h1,245,251,6
1r1qk2r/4b2p/pp3n2/2ppp1p1/2PN1nb1/3BPQ1P/PP1P4/R1B1K1R1 w Qk - 0 19,e3f4,white,f3f1,-586,-565,21
r1b1k1nN/p1ppq3/Rp2ppp1/6bp/6P1/2P5/1PQPP2P/1NB1KB1R b Kq - 1 13,f6f5,black,c8a6,-384,-451,-67
rnbqkbnr/3ppp2/8/pPp3pp/6P1/3P4/1PPNPP1P/R1BQKBNR b Kq - 1 9,d8b6,black,h5g4,-171,-149,22
rnb1kbnr/1p3pp1/p1p5/q2pp2p/3P4/2N1P2P/PPPK1PP1/R3QBNR b kq - 1 10,g8f6,black,b8d7,521,518,-3
rnq4r/1pp2kpp/8/p1bp2p1/6nP/2PP3b/PP1NPPPR/RQ2KBN1 w Q - 3 13,g1h3,white,g1h3,-263,-267,-4
r1b1qb1Q/Bp2k3/4p1p1/1B1p2P1/3PPp1n/P7/1PPN1P1P/RN2K2R b KQ - 0 19,e8b5,black,e8b5,-693,-776,-83
rnbqk1n1/p1pp3B/1p2pp1r/1N4Np/P1P2b1P/4P3/1P1PKPP1/R1BQ3R w - - 0 14,e3f4,white,e3f4,409,436,27
rnq1kbn1/ppp1p1p1/3p3r/5p1p/1P2P1b1/3B1Q1P/P1PP1P2/RNB1K1NR w KQq - 3 7,h3g4,white,h3g4,214,211,-3
rn1qk1nr/1p3pB1/p1p1p1p1/3p3p/3P1P2/1PP5/P2NP1bP/RQ2KBNR b KQkq - 1 10,g2h1,black,g2h1,-89,-89,0
rnb1k3/pp3ppr/2p1p3/2bpPn1p/7P/P1PP1N2/1P1BQPq1/RN2KB1R b KQq - 1 16,g2h1,black,g2h1,305,302,-3
r2Bk3/p1p2p1r/1pPp2p1/8/2Pq4/N2PPPp1/P3Q2P/2KR1BR1 b q - 0 23,d4a1,black,d4a1,-403,-383,20
r4br1/p1pp1kpp/n3p2n/2P2B2/Pp1PQP2/1P2P3/1B1N3P/R2K1R2 b - a3 0 19,b4a3,black,h6f5,-709,-726,-17
3q2nr/p3bk2/brp1Np2/3p2p1/2pP2PP/4PP2/PP1K4/R1B3NR w - - 0 21,e6d8,white,e6d8,-364,-379,-15
1r1q1b1r/pp2k1pQ/n1ppb3/2P1p2n/P4PP1/N3P2P/1P1PN3/R1B1KB1R b - - 0 15,h8h7,black,h8h7,575,590,15
rnb1kbr1/3p4/6pB/1pp2n2/p1P1P3/N1KP2P1/PP3P1P/Rq3BNR b q - 0 18,b5b4,black,b5b4,949,956,7
4kbnr/1pq1pp2/1r1pb2p/p1pn2p1/2PP2P1/PP2PP1B/4K2P/RNBQ2NR w k - 3 15,c4d5,white,c4d5,153,160,7
rnqk1b1r/p1pp3p/b3p2n/1N2Pp2/1p1P2p1/PPP2N2/4QPPP/R1B1KB1R w KQ - 0 11,f3g5,white,f3g5,30,66,36
3qkb1r/Q1pbp2p/p6n/np2P1pN/2Pp4/P6P/1P1P1PP1/RNB1KB1R b Qk - 0 17,a5b3,black,a5c6,-306,-361,-55
rnbq3r/pppp1k1p/6p1/4ppP1/5Pn1/b1NPPN2/PPPK3P/R1BQ1B1R b - - 0 8,e5f4,black,a3b4,-67,-72,-5
r5nr/3pbppp/np6/p3Pk2/PPPB4/3P2PP/3RP1B1/1N2K1NR b K - 0 20,d7d6,black,a8b8,-681,-99989,-99308
1n2kb1r/6q1/1p3n1p/r1p2pN1/pPp1bpp1/N1QP2P1/PR2PKBP/2B3R1 b k - 5 22,c5b4,black,c5b4,332,341,9
1nbqkbnr/2pp1p1p/r5p1/1p6/4pP1P/2N1P3/PPPP2P1/R1BQK1NR b KQk - 1 7,d7d5,black,g8f6,457,477,20
r4br1/qb2k1pp/Rp2p2P/2Qp1p2/p3PP1K/1n6/PP1P2P1/RNB1NB2 b - - 6 25,b3c5,black,b3c5,285,304,19
1nbqk1nr/r2p4/1p3pp1/p1p1N3/PPB1P1p1/R7/2PbQP1P/1NBK3R b k - 0 15,f6e5,black,f6e5,-115,-85,30
1nbqkbnr/1ppppp2/r5p1/7p/p1P3Q1/PP2PP2/R2P2PP/1NB1KBNR b K - 2 8,h5g4,black,h5g4,717,689,-28
rn2kbnr/pbqpp3/5p1p/2p5/P1B1P2p/1QP4R/1P1P1PP1/RNB1K1N1 b Qkq - 5 10,b7e4,black,b7e4,-115,-125,-10
rq2kbr1/2ppp1pp/1pn5/pN3p1P/P4Pn1/RP1K2P1/2PPP1bR/2BQ1B2 b q - 0 16,g4f2,black,g4f2,99996,99997,1
1n1qkbnr/rp1b1ppp/8/p1ppp3/3B4/1P1P4/P1P1PPPP/RN1QKBNR w KQk - 4 7,d4e5,white,d4e5,13,17,4
r1b2knr/p4p2/1pp5/2PpP2p/1nPB2pq/P3P1P1/R1Q4P/1N2KBNR b K - 2 19,b4c2,black,b4c2,267,266,-1
q3kr2/rpp1p1bp/p1n1b1pn/3p4/3P2P1/2P1PP2/PP1BQ1BN/RN2K2R b KQ - 1 14,c6d8,black,b7b5,-159,-156,3
rnbqkb1r/3ppp1n/pp5p/8/1Pp2p1P/P1N1P1P1/2PP4/R1BQKBNR w KQkq - 0 10,d1f3,white,d1f3,113,122,9
r1q1kb2/1pp1p2r/p1n2pp1/5n1p/2Pp1B1P/P2P1N2/1P1QPP2/R2NK2B b q - 1 20,e7e5,black,e7e5,379,417,38
3q1b2/2pk2pr/2n2p1p/rB1Q4/P5bP/1RB2PnN/2P5/1N2K2R b K - 0 23,d7c8,black,d7c8,-404,-436,-32
rqb1kb1r/1p2p2n/p4ppp/B1pp4/2PP1P2/PP5N/4P1PP/RN1QKB1R w Kkq - 1 13,e2e3,white,e2e3,440,440,0
2bq1bn1/r2p1kpr/1p2p3/2NPPpBp/p7/5P1P/PPPQ1KP1/R4BNR w - - 2 19,c5e6,white,g5d8,743,730,-13
1rbq1b2/p3kppr/n2p3n/1pN1p1Pp/2P1PP1N/P6B/1P1PQK1P/R1B4R b - - 0 15,h6g4,black,h6g4,236,241,5
rn1qkb1r/p2pN1p1/b7/2p2p1p/2B1PP2/P4Q2/1PPP1nPP/R1B1K1NR w KQkq - 0 11,e7g6,white,e7g6,287,310,23
rq2kb1r/p2pn3/b3p1pp/1pp2P2/1PPn4/P2Q3P/3PBPPR/RNBK2N1 w kq - 1 14,d3g3,white,d3g3,-255,-268,-13
1n3bnr/rp2p1p1/p4pk1/q2p2P1/5P1p/6Qb/PPP1PK1P/R1B2B1R w - - 6 19,g3h3,white,g3h3,-98,-145,-47
rnbk1b1r/1p2pn1p/8/p2P1pP1/P5P1/1QBp3B/4PP1R/qN2K1N1 b - - 5 16,f8g7,black,f8g7,-303,-307,-4
r2qk1r1/2p1ppbp/2np4/pp3bp1/QPPP1Pn1/P3B2N/4P1PP/RN2KB1R w KQq - 2 11,a4b5,white,a4b5,-504,-497,7
2bq2n1/rp2pk1r/3p3b/pp1P2B1/P3p1Pp/3nPP2/1PP3KP/1R3BNR b - - 0 19,h6g5,black,h6g5,825,813,-12
r3k1n1/2pp1p2/5p2/1P2p2P/pP2P1P1/3P1P2/1P1QB1NR/RN2K3 b Q - 0 22,d7d5,black,f6f5,-1096,-1160,-64
1n1qkb1r/r3p3/bp3P2/p2p3p/1P1PNPn1/2P3B1/PR2P1PR/3QKBN1 w - - 1 18,f6f7,white,f6f7,239,251,12
rnbqk1nr/p1p1p1b1/3p3p/1p2Pp2/1PPP2pN/8/P4PPP/RNBQKB1R w KQkq - 0 10,c4b5,white,c4b5,188,193,5
r3k3/1bp2p1r/2pbp2p/pp5B/4Pp2/2P3qN/PnK3P1/R1BQ2R1 w - - 0 21,c1b2,white,c2b2,-51,-38,13
r1bqk1nr/2ppbpp1/1pnNp2B/p7/7P/1P1P4/P1P1PPP1/R2QKBNR b KQkq - 2 7,e7d6,black,e7d6,417,401,-16
rnb1kbr1/ppp1ppp1/7p/3p3n/P4q2/3PB2P/1PP1PPP1/1N1QKBNR w Kq - 0 9,e3f4,white,e3f4,288,291,3
r1q1kb1r/pbpnpppp/2Bp1n2/1p6/3NP3/N6P/PPPPKPP1/R1BQ3R b kq - 5 8,b7c6,black,b7c6,240,240,0
1r2kbr1/q3ppp1/8/pp1p4/Pn1p1PP1/6n1/RPPQP1P1/1NB1KB2 b - - 5 18,g8h8,black,g3e4,743,735,-8
r2k4/p3pp2/np1p2rn/2p3pp/PP2qb2/2PPP2R/3BB1P1/R2QK1N1 b Q - 0 19,e4g2,black,e4g2,521,528,7
1rb4r/pp1pk2p/3b1pp1/q1p1p2n/1P3P1R/RPP5/3PPKP1/1NBQ1BN1 w - - 0 13,a3a5,white,b4a5,709,701,-8
rn3k1r/1pp2ppp/p6n/4p3/3p3q/b2PP2b/PPPBNPPP/2RQKBR1 w - - 6 10,g2h3,white,g2h3,25,12,-13
rn3b1r/qpkbn1p1/4p2p/p1pp4/P3P1P1/1PPP4/1R4KP/1N3BNR b - - 0 25,e7g6,black,e7g6,919,913,-6
2bqQb1r/N1p4p/rpn1p3/p1k2pN1/3p4/3PP3/PPPK1PPP/R1B2B1R w - - 1 15,e8c6,white,e8c6,99998,99999,1
r1b1kbnr/1ppp1ppp/4p3/p7/Pn3P2/NQPPB3/1P2PKPq/3R1BN1 w kq - 4 12,g1f3,white,g1f3,-224,-259,-35
rnb2qkr/1p2p1bp/P1p2p1n/3p2p1/2PP2P1/B4P1P/P1Q1P1B1/RN2K1NR b KQ - 2 13,a8a6,black,a8a6,-98,-105,-7
r3kb2/1p2pp2/p1pp1npr/1n1P1P1p/b1P2Q2/4K2P/NP2N1P1/R1B3R1 b - - 2 24,g6f5,black,g6f5,-377,-388,-11
r2k1b1B/p2bpq2/1pn2p1p/R5pP/4P1P1/3P1P1R/3K4/5BN1 b - - 3 24,b6a5,black,b6a5,836,857,21
rnbq2nr/pp1pkpp1/2p5/6Np/3Bp3/bP3P2/P1PPP1PP/RNQ1KB1R b KQ - 0 7,a3c1,black,a3c1,533,555,22
r1bqkbnr/1ppp1p1p/pQ6/4p3/P5p1/2PnP3/1P1PKPPP/RNB2BNR w kq - 0 8,b6a5,white,b6a5,-559,-538,21
r1bq1bn1/ppppp1pr/n4k1p/5p2/8/N2P1PPP/PPP1P2R/R1BQKBN1 w Q - 1 7,d3d4,white,e2e4,145,167,22
rnbq1bn1/1p1pkppr/4p3/p1p4p/1P6/2P2N2/P2PPPPP/RNBQKB1R b KQ - 1 8,a5b4,black,a5b4,36,25,-11
3rk1nr/ppp4p/P1np2pb/5p2/2P1p2B/NR1P2qN/bP2PPBR/1Q2K3 b k - 1 20,g3h2,black,g3h2,506,597,91
rn2k1nr/3qb3/3pPppp/Npp2P2/5PP1/2P1B2P/PP1N3K/R3QB1R b kq - 1 19,d7c7,black,d7c7,-590,-606,-16
r1bq1b1r/p2ppk1p/n4n2/1pp2pp1/8/PPNP1PPP/2P1P2R/R1BQKBN1 b Q - 0 8,f8g7,black,f8g7,53,28,-25
r1b1kb1r/pq1ppp2/n1p3pp/1p3N1n/3P1P1P/5KPN/PPP1P1B1/R1B1Q2R b q - 12 16,g6f5,black,g6f5,459,479,20
1n1qkbnr/r3pp2/8/pPpp1bpp/5P1P/2N1P1PN/1PPP4/R1BQKB1R w Kk - 0 15,h4g5,white,h4g5,332,319,-13
r1bqk2r/3n4/5pp1/p1p1p3/2PP1Pnp/b3P1PP/PB5R/1RK2BN1 w kq - 2 21,h3g4,white,h3g4,-677,-655,22
1n1q1b1r/1Bpk2n1/3pp2p/p4p2/P2PPP1p/1P6/2K2BP1/RNQ3NR w - - 0 21,c2d1,white,f2h4,689,667,-22
1n3knr/rp1bb2p/p2p1p2/P1p1p1P1/4P1Q1/NP3BPP/2PP3R/R1B1K1N1 b Q - 2 17,d7g4,black,d7g4,-586,-555,31
1nbq1r2/1p1pppbk/r6p/p1p3p1/P2Pn1P1/1PP2P1P/2Q1P3/RNB1KBNR b - - 2 11,c5d4,black,c5d4,-161,-149,12
rnb1k2r/p1p1q2p/1p1ppn2/2b2pp1/3B4/N2P2PN/PPP1PP1P/RQ2KB1R w KQkq - 0 9,f1g2,white,f1g2,76,64,-12
r1bqkbnr/1pppp1p1/p1n4p/3N4/3NpP2/8/P1PP2PP/R1BQKB1R w KQkq - 0 8,d1h5,white,d1h5,99998,99999,1
r3kb1r/p1p2np1/P2qb3/1p1N1p1p/5p1P/1R1P2P1/1P2P1B1/2BQ1KNR w kq - 1 15,c1f4,white,d5f4,501,464,-37
1rbk3r/1p1p1n2/n2B4/P3pNpp/P1p1P3/2P3P1/1Q2PP1P/RN2KBR1 b Q - 2 22,b7b5,black,b7b5,-954,-956,-2
1n2qbnr/4pk2/r1p4p/ppPp4/3PPpbp/5P2/PP5P/1NRQKBNR w - - 0 20,f3g4,white,f3g4,16,15,-1
rn2kb1r/1b1q1p1p/pP6/4pP2/2pp2p1/1P2P1PN/N1PP3n/R1BQKB1R w kq - 0 16,h1h2,white,h1h2,30,34,4
rn3knr/3Bpq1p/b6b/p1p3p1/4PpP1/3K1P1Q/PpPP3P/RNB3NR w - - 10 23,d7b5,white,d7b5,-99997,-99997,0
rnb2kn1/p1qp1p2/4p1pr/1B4Np/1pP1P2P/P1bPQPP1/8/2BK1R2 b - - 0 25,a7a6,black,b4b3,496,479,-17
r1b1k1nr/1p3p2/p3p3/2pP1QP1/4P2p/q7/1R3KP1/1NB2BNR w kq - 0 21,f5f7,white,f5f7,675,678,3
rnb2knr/p2pq1pp/2pb1p2/1p2P3/7P/P3PN2/1PP1QPPR/RNB1KB2 b Q - 0 9,f6e5,black,f6e5,-93,-93,0
5b1r/r2kppp1/p1qpbn1p/1p3P2/1P1PP2P/4Q3/PN1NK1P1/R1B2BR1 b - - 2 23,e6d5,black,e6d5,-405,-447,-42
rn2kbr1/p2bppp1/2p4p/1p1pP3/qP4nN/N2B4/PBPP1P1P/R2QK2R b Qq - 7 13,a4b4,black,a4b4,279,320,41
rn1kq2r/np6/p1p4p/b2BpbP1/3pP2P/N2P1Q2/P1PBNK2/1R5R w - - 0 23,d2a5,white,d2a5,650,684,34
1nrq1bnr/p2p1k1p/5p2/2p1p1p1/1P3PP1/1bNP3P/P3P1B1/R1BQK1NR w KQ - 0 16,d1b3,white,d1b3,510,506,-4
2rqkbr1/pbpp1ppp/np2p3/1N6/2P4P/4P1P1/PP2PP2/R1BQKBNR b KQ - 2 10,b7h1,black,b7h1,148,161,13
rnbk1b1r/p2p1p2/4q2p/2p2n2/pPP1pp2/N3PNPP/P2P1KBR/R1B5 w - - 0 16,g3f4,white,g3f4,-725,-752,-27
rn1qkbnr/p1pbppp1/8/3p3p/2p1P3/P7/1P1P1KPP/RNBQ1BNR w kq - 0 9,e4d5,white,e4d5,-232,-237,-5
1r1qk1n1/5p1r/ppP5/4p2p/2PpQb1P/P3BNPN/4PP2/R3KBR1 w Q - 1 20,g3f4,white,e3f4,946,955,9
2b2b1r/r1kpnp1p/1p2pBp1/8/Pp1PP3/1P2KnPP/R1P2PB1/1N5R b - - 2 23,f8h6,black,f8h6,-137,-122,15
rnb1kbnr/2qppp1p/8/ppp3p1/4P3/Q4N2/PPPPNPPP/R1B1KB1R b KQkq - 3 7,b5b4,black,b5b4,52,49,-3
r3kbnr/1bp1p1p1/Bp3pn1/3Nq2p/pP3PP1/4P2P/P1PP1K2/R1BQ2NR w kq - 0 14,a6b7,white,a6b5,534,509,-25
rnr5/pk2b3/1pq2n2/1b2pPBp/1P6/P4N1P/2P2PP1/RQ2KR2 w Q - 1 20,b1b3,white,f3d2,-555,-562,-7
r4bn1/1p1b2p1/2nqk1r1/p1p3Pp/P1Ppp2N/3P1R2/RPKQ1N1P/2B2B2 b - - 1 24,e4f3,black,e4f3,139,127,-12
r1b3nr/ppp2kp1/2nb1p1p/4p3/3pq3/P1PP2PP/RP2N2R/1NBQKB2 w - - 2 12,d3e4,white,d3e4,571,563,-8
1rb1k1nr/1ppnbppp/3q4/pP1p1P2/P3p1P1/R1PPB2B/4P2P/1N1QK1NR b K - 1 11,d7e5,black,d7e5,233,225,-8
1r1qkb1r/2pp4/3P2p1/pp2p2p/2Pn3N/PP1bPpn1/1Q3P1P/RNB1K2R b Qk - 0 22,g3h1,black,g3h1,540,585,45
2rbk1n1/p1p3p1/3p1p2/R2p1b1r/3P4/N1B1P2N/2P2P1P/3K1R2 b - - 0 22,h5h3,black,f5h3,520,487,-33
rn3k1r/pbq2Bpp/8/1pp1P3/1P3Nn1/b3PP2/P1P4P/R1BK1NR1 b - - 0 21,b7f3,black,b7f3,750,773,23
r1b1kb1r/p1p5/1p2pqN1/n5pp/1P1P1Qn1/B3p2P/PRP2P2/1N2KBR1 w - - 0 19,f4f6,white,f4f6,447,453,6
r1q1k2r/pb1p2bp/5ppn/1p2P3/1n2PP1P/P3N2N/Q1P1B1PB/R3K2R b KQkq - 2 22,b4a2,black,b4a2,585,559,-26
5b1r/p2k1p2/2np1np1/2p3Pp/R1N1P2R/r1P1PQ2/2P2PPB/2K1NB2 w - - 1 25,c4a3,white,c4a3,984,1030,46
r2qkb1r/ppp1p2p/2npb3/2n2p1p/QPP1P2P/3P1PP1/P3N3/RN2KB1R w KQkq - 3 12,b4c5,white,b4c5,-189,-191,-2
rnbqkbr1/p1ppppnp/1p6/6p1/P1P4N/1P1P4/4PPPP/RNBQKB1R w KQq - 1 7,c1g5,white,c1g5,97,120,23
r1bk1qr1/1p1p1pPp/7b/p1p4P/P1P2Q2/3n4/1PN1P3/R4KNR w - - 1 22,g7f8q,white,g7f8r,659,679,20
1n2kbn1/1p2p3/r1p1bppr/p2p3p/2PPNPP1/1PN1PB2/7P/2qQ1KR1 b - - 1 19,c1d1,black,c1d1,690,743,53
rnb5/p3k3/1ppp4/4p1pp/Q1P4N/N3PB2/PP1P1P2/R1BK1R2 w - - 1 21,c4c5,white,f3c6,992,984,-8
rnbqkb1r/1p2p2p/1n3pp1/p1pp4/N2P1P2/5N2/PPP1PBPP/R2QKB1R w KQkq - 2 9,a4c5,white,a4c5,184,178,-6
1nq2r2/r1p1b1p1/1pBp1nk1/p6p/PPPP4/5P2/4P2P/R1B1K1NR b KQ - 0 17,b8c6,black,b8c6,805,820,15
r1bqk1nr/1ppppp1p/p1n3p1/8/2P4P/1P2P1P1/Pb1P1PB1/RNQ1K1NR b KQkq - 0 9,b2c1,black,b2c1,801,795,-6
rn3r2/1bpp1ppp/3k3q/p2Np3/P1P1P2P/4nP1N/1P1PB1KP/R1B4R w - - 11 19,d5e3,white,d5e3,-206,-196,10
r1bq1b2/pp2pp1r/Q1n1kn1p/2Pp2p1/P1P2P2/R7/1P2PKPP/1NB2BNR b - - 1 13,b7a6,black,b7a6,591,617,26
rn1k1bn1/p1qp4/b1p1pppr/1p6/2NB2Pp/1PPPQP1B/P3P2P/3RK1NR w K - 1 15,g4g5,white,g4g5,169,171,2
r4b1r/p2b1kp1/1p1p1nq1/7p/PnP3PP/2p5/3N1P2/2B1K1NR w - - 2 23,d2f3,white,e1f1,-1072,-1097,-25
r5qr/5kpp/p1pp3n/1pP2pb1/Pn2P3/5PP1/b2PK2P/R1B2BNR w - - 2 23,a1a2,white,a4b5,-785,-792,-7
rn1qkbnr/ppp1ppp1/7p/P2p4/1PPP1P2/2NQ1N1b/4P1BP/R1B1K2R w KQkq - 9 15,g2h3,white,g2h3,560,551,-9
1r1k1b1r/pp2n2p/P1R5/3pp1P1/1P3pb1/2P5/2QPnKPR/1NB1NB2 b - - 1 19,b7c6,black,e2g3,-395,-387,8
4kr2/p2rb3/B4ppp/2p1p1P1/1PP4P/2pPPP2/qB2K3/RQ4Nb w - - 0 26,a1a2,white,b1a2,570,551,-19
r1b1qbnr/p1pkp2p/n7/1p1p1pp1/2P2P2/8/PP1PP1PP/RNBQKBNR w KQ - 2 8,c4b5,white,c4b5,240,217,-23
rn2kb1r/p1qb1p1N/2Qp2p1/2p1p3/4PP1P/2P3n1/PPNP2PR/R1B1KB2 b Qkq - 3 16,d7c6,black,c7c6,634,608,-26
r2qk3/4p1r1/Bp1pP1p1/2p2pPp/6nP/P7/1P1P2Q1/RNB2KNR w q - 0 23,a6b5,white,a6b5,604,625,21
r1b3n1/p1p1N2r/1p3p2/2n1k1pp/1PP1P2q/1P5P/3P1PP1/RNB1KB1R w KQ - 3 14,e7g6,white,e7g6,448,461,13
1rb1k1nr/pp1p1pp1/n1qbp3/2P5/2P4p/N1Q1P1PN/P2P1PBP/R1B1K2R b KQk - 1 12,c6g2,black,c6g2,221,228,7
rnbqk1nr/p2p4/2pbpp2/1p4p1/NP4Pp/2P5/PB1PPP1P/R1Q1KBNR b KQkq - 1 9,b5a4,black,b5a4,348,337,-11
2rq1br1/1bp2ppp/p1npk2B/1p2p1Q1/1P2P3/3P1P2/P1PNNKPP/R4B1R b - - 0 15,f7f6,black,f7f6,-295,-282,13
r2qkbn1/4pp1r/ppnp4/2p3pp/2P1P1N1/1Q1P2P1/PP3P1P/RNB1KB1R b KQq - 2 10,h5g4,black,h5g4,-49,-42,7
r1bqkb1r/p2pn2p/1pp1Bp2/6p1/1n1P1p2/6P1/P1PBP2P/RN1QK1NR b KQkq - 1 10,d7e6,black,d7e6,495,515,20
r1n1k2b/2pp1p1r/p3N1p1/4p2p/2P4P/1R6/PBKPPPP1/1Q3B1R w q - 0 24,e6c7,white,e6c7,1036,1043,7
r2q1b1r/p1p1k2p/3p2b1/1p1Q1n2/2PPp3/NP3P2/P1B5/2R1K1NR w K - 6 26,c2e4,white,a3b5,166,134,-32
r2qk2r/p1pbbp1p/2npp1p1/1p6/PP3Pn1/4P2P/2PNB1PR/R1BQK1N1 b Qkq - 2 12,e7h4,black,e7h4,726,727,1
rnb1kr1b/3p1p1p/2p4n/P3p1p1/1pQP1qPP/B1P5/P2NPP2/R3KBNR w q - 2 20,c4b4,white,c4b4,780,852,72
rnb1k2r/1pqp1p1p/2pbpn2/p5p1/PP3P1P/2B3PR/2PPP3/RN1QKBN1 b Qkq - 6 8,g5g4,black,g5g4,23,40,17
rnb1k1n1/2p3pr/pb2pq1p/1p1p4/P3PP2/N2B1P1P/RPPPNR2/2B1Q1K1 w - - 1 20,e4e5,white,e4e5,347,262,-85
r1q1kb2/2pbpp2/1p1pB1p1/3r4/p2n2nP/PP1P4/2P1PP1P/RNBQ1KNR w q - 8 17,e6d5,white,e6d5,344,290,-54
r1b2bnr/pNppkp2/1pn3p1/4p2p/6P1/P4q2/1PPPPPBP/R1BQK1NR b K - 5 9,f3g2,black,f3g2,856,834,-22
1n1q1b1r/r2k1p1p/pn2R1p1/3p4/pP1P2P1/1NN2P2/4P1P1/R1BQKB2 w Q - 1 19,e6b6,white,e6b6,441,442,1
1r1qkb1r/2n5/pp4pp/1b1nPp2/P1pNP3/BPP2P1P/3K2PR/R2Q1BN1 w k - 3 23,e4d5,white,e4d5,284,309,25
3qk2r/1r1bppb1/1pn2npp/p1p3N1/2p2P2/NP1P2P1/P1QKP1BP/R1BR4 w - - 6 19,g5f3,white,g5f7,-356,-350,6
rnb1kb1r/1p1p3p/p1p4n/2q1ppP1/1P6/3PBKP1/P1PNPN1P/R2Q1B1R b kq - 3 13,c5d5,black,c5d5,172,176,4
rnb2br1/p1Nn2pk/p2pp3/2p4p/2PPPP2/P5PN/1P2K1P1/R1B1R3 w - - 0 19,c7a8,white,c7a8,296,277,-19
rnb4r/p2kn3/8/1ppppppp/1P1P2P1/2N1K3/1BP1PP1P/RQ2NBR1 w - - 6 21,d4e5,white,d4c5,783,745,-38
rnb2bnr/p1k2pp1/1p1p1q2/1PB1pP2/P1B1P1Pp/Q2P3N/2P4P/RN1K3R w - - 5 19,c5e3,white,c5e3,460,440,-20
2b3n1/rp1p1p1r/2nk4/N1p1p1pp/P3P1P1/B1P2B2/3K1P1P/1RR5 b - - 8 25,a7a5,black,a7a5,439,431,-8
r1bk1b1r/p2p1B1p/6pn/1Pp3q1/P3Pp2/Nn1P2QP/RP3PPR/2BK4 b - - 2 17,g5h5,black,g5g3,539,516,-23
1r2k1nr/pbp1Np1p/n2p2p1/1p6/2PbP3/NQ1B3q/PP1P1PPP/R1B1KR2 w k - 1 13,g2h3,white,g2h3,500,497,-3
r1b1k2r/p1pn1ppp/3b3n/1p1pp1q1/PPP5/B6N/R2PPPPP/1N1QKB1R w Kkq - 3 8,h3g5,white,h3g5,688,665,-23
r1b1k1nr/pp1pb3/nqp3pp/1N2PpP1/8/P1P2N2/1P1PP2P/1RBQKB1R b Kkq - 1 13,c6b5,black,c6b5,279,280,1
rnb1kbnr/ppq3p1/3p4/2P2p1p/P1N1p1P1/3QPP1B/1PP4P/R1B1K1NR b KQkq - 0 10,e4d3,black,e4d3,650,656,6
r3k1nb/4pp1r/nq1p4/pp4Pp/N3Q2P/1P6/P1P1PBBR/3R1KN1 w q - 1 25,a4b6,white,a4b6,1133,1199,66
1n1qkbnr/rpp3pp/8/p1p1pp2/P3PBb1/3P1P2/1P1NN1PP/R2QKB1R w K - 6 13,f3g4,white,f3g4,190,185,-5
rnb2knr/1ppp1pqp/4p3/p7/NPPNP1p1/3B4/P2B1PPP/2RQK2R w K - 7 11,b4b5,white,d2c3,593,511,-82
r1k2bnr/pb1n1pp1/4N2p/1pqp4/PP3P1P/R4N2/3PP1P1/2BQKB1R w K - 1 17,e6c5,white,e6c5,768,760,-8
1nb1kbnr/rp1ppppp/pq6/8/P2p4/7N/1PPNPPPP/R1BQKB1R w KQk - 3 6,e2e4,white,e2e4,-13,-21,-8
rnb1kb1r/1p1pp1pp/p1p4n/q4p2/2P2P2/N5PP/PPQPP3/R1B1KBNR b KQkq - 2 7,e7e5,black,e7e5,-19,-13,6
r1bk4/ppr3b1/R4ppp/2p1p3/1nP1N1P1/3p2N1/3PPP1P/q1BK1B1R w - - 4 26,a6a1,white,a6a1,108,106,-2
rn3bnr/p2pk2p/bp2ppp1/8/PP1pq2P/B5P1/2P1QP2/RN1K1BNR w - - 0 13,b4b5,white,e2e4,694,694,0
rnbqkbn1/ppp1p1pr/8/3p1p1p/4P3/2PP3P/PP2NPP1/RNBQKBR1 b Qq - 0 6,d5e4,black,d5e4,-28,-20,8
rq3b1r/ppp2p2/B2p1kp1/4pb1P/3PPP1N/P1N4P/1PP2R2/R1B1K3 b Q - 2 18,e5d4,black,e5d4,187,191,4
r1b3nr/ppp1k2p/3p2p1/4ppq1/P7/b2P3P/RP1BPPP1/1N1QKBR1 w - - 2 12,d2g5,white,d2g5,841,833,-8
r1b1kb1r/pp2qn2/6p1/P1P1pp1p/3n1NP1/3p4/1PPK1PBP/RNBQ1R2 w kq - 2 17,c2c3,white,c2c3,-209,-218,-9
1nb2b1r/rp3k1p/1q3p2/1NQppPp1/p3n1P1/4PK2/PPPP1N1P/R1B2BR1 w - - 1 16,c5b6,white,c5b6,649,658,9
r1bk2nr/ppppb2p/n5p1/P3pp2/2P4q/3P1PPP/1P2P3/R1BQKBNR w KQ - 1 12,g3h4,white,g3h4,446,441,-5
2b3nr/r1ppkp2/p3p1pp/4b3/RPK3P1/2NP1PR1/2PBP3/1N2QB1q w - - 3 19,g3h3,white,g3h3,421,440,19
rnbq1bnr/p2ppkp1/1p6/2p2p1p/4PP1P/2P3PN/PP1P4/RNBQKB1R b KQ - 0 6,c8b7,black,c8b7,-142,-136,6
r1bq1b1r/ppp1pppp/2kp3n/2n5/2N2P1P/5R2/PPPPP1P1/RNBQ1BK1 b - - 7 9,c6d7,black,c6d7,-72,-49,23
rnbk1br1/pp1p1p2/2p1Q3/5np1/1P2pPP1/P1P1P2N/3P3P/RNB1K2R w - - 0 21,e6f5,white,e6f5,704,701,-3
r1bq1b2/npp1k1pr/4p2p/p2p4/1P1P3P/P1P5/2K1PPp1/RNB2BNR b - - 1 19,g2h1q,black,g2h1q,972,972,0
q2k1bn1/r1p1p2r/2np1ppp/pp1P4/4PPP1/N4NQ1/PP1K3P/R1B2b1R b - - 1 18,f1c4,black,f1c4,222,213,-9
r2k4/5prp/ppppb3/5Bp1/1qPP2n1/b1N1P1PP/P7/R1BK2R1 b - - 1 25,b4c3,black,b4c3,892,954,62
r1b2b1r/pp1pkp1p/n2q4/PPp3p1/8/2PP2P1/4PPBP/RNB1K1NR w K - 3 17,c1g5,white,b5a6,-89,-84,5
rnb1kbnr/p1qpp3/8/1pp1Nppp/8/PP2PQ2/2PP1PPP/RNB1KB1R w KQkq - 2 7,f3f5,white,f3f5,428,443,15
rn1qkbnr/p1pp1pQ1/4p2p/1p4B1/P1PP4/5b2/1P2PP1P/RN2KBNR b KQkq - 0 8,f8g7,black,f8g7,405,430,25
1n1qkbnr/r3p3/p3bp2/Pp3Ppp/1P2Q1PP/2ppP3/1BPP4/1R2KB1R w k - 0 26,f5e6,white,f5e6,9,-1,-10
r1bqkb1r/p1Q1p2p/2p5/3p1pp1/4P3/N1p3PP/PPPP4/R1B1K1R1 w Qkq - 0 18,c7c6,white,c7c6,44,46,2
rn4nr/4b1k1/1P2b1p1/3Ppp1p/pQ3N1q/1P2P3/P2K1PPR/RNB2B2 w - - 1 24,f4e6,white,f4e6,788,794,6
r1bqnbkr/1pp1p1p1/2np4/p3PQ1p/2P2P1P/7R/PP1P2P1/RNB1KBN1 w Q - 3 12,e5e6,white,e5e6,202,192,-10
rn2kbn1/pp1bp1pr/2p5/1B3pp1/4P3/PP6/2P1KPPq/RN1Q2NR w q - 0 13,h1h2,white,h1h2,210,177,-33
rnb1kb2/3p1pp1/p3p1n1/2p2q1r/P3PP2/BPPB3P/3P3R/1N1QK1N1 b q - 0 16,f5f4,black,f5f4,537,522,-15
1nb1qb1r/1r1kpp1p/p1p2np1/1pPp1P2/PP2P2P/7N/R2PQ1P1/1NB1KB1R b K - 2 15,f6e4,black,g6f5,-23,-20,3
rnb1k1nr/2pp2pp/p3p3/1pb2P2/1P5P/P1P3qN/3PPP2/RNBQKB1R w KQkq - 0 8,f2g3,white,f2g3,668,654,-14
1nbqkbr1/r1ppppp1/5n2/1p6/p1N2PPR/1P5B/P1PPPK2/R1BQ2N1 b - - 0 10,f6e4,black,f6e4,342,318,-24
rnbqkbnr/pp1p4/4p3/2p2ppp/3P2P1/1PP1P3/PB3P1P/RN1QKBNR b KQkq - 1 7,h5g4,black,h5g4,129,123,-6
4kbnr/1q4pp/n1r5/P1pP1p2/PpP2pP1/3B3P/1BQK3R/1R3NN1 w - - 0 26,d5c6,white,d5c6,673,676,3
r2qk1nr/1b1p3p/pbp4n/Pp2p1p1/2B5/1P2PPNP/2PPNRP1/R1B1K3 b Qkq - 5 20,b6c7,black,b6c7,631,622,-9
rnbq1b1r/2ppp1pp/p4k2/1p3P2/PP3P2/4K3/2PP2PP/RNB2BNR w - - 0 12,a4b5,white,g1f3,-330,-335,-5
r1bqkb1r/3p1p1p/1p2N3/p1p1n3/1P1PnP2/N5P1/P1P1P2P/R1BQKB1R w KQkq - 1 10,e6d8,white,e6d8,521,548,27
5k1r/1p1bn1qp/r1ppp2P/5p2/p7/P4P2/R2PPNPR/QNB1KB2 w - - 0 20,h6g7,white,h6g7,99991,99992,1
bn2kb1r/r1q5/p1ppp2p/8/1PBQ1P2/2P5/PB4PP/R4KNR b - - 1 18,f8g7,black,f8g7,-164,-164,0
rnbqkb1r/ppp1p1pp/3p4/2N2p2/7n/7P/PPPPPPP1/R1BQKBNR b KQkq - 1 6,d6c5,black,d6c5,398,390,-8
1r2kbnr/pb4p1/n2qpp2/1pPP1P1p/6PP/P2P4/4P2R/RNBQKBN1 w Qk - 0 14,c5d6,white,c5d6,618,610,-8
r1b1k2r/3pp1n1/2n3p1/p4p1R/3P4/2P3P1/pP2P3/R1bQKBN1 b kq - 1 18,g7h5,black,g7h5,-127,-129,-2
r1bq1b1r/pppppkpp/2n2P2/8/3n1P2/4P3/PPPP2BP/RNBQK1NR w KQ - 1 7,e3d4,white,e3d4,404,367,-37
r2qkb2/2pnp2P/2bp1n2/p6p/pP2Pp2/2PP1N2/3Q1PPR/RNB1KB2 w Qq - 0 16,h7h8q,white,h7h8q,709,689,-20
rbb1k2r/pp3pp1/n2p4/P2P4/2p1N3/4P1pP/1PP1P1n1/RQK2BNR w kq - 0 23,f1g2,white,f1g2,636,635,-1
1rb2b2/p2knppr/2pNp3/1pnp1P2/P6p/1PP2P1P/1B1PP3/R2QKBNR w Q - 1 18,d2d4,white,b2a3,700,650,-50
rnb1kbn1/1p1p2p1/pq2p3/2p2p1p/P5rN/1P1P2P1/2P1PPBP/R1BQKN1R w KQq - 4 11,e2e4,white,e2e4,317,295,-22
r2qnkr1/p1N2p1p/n1pppBp1/8/1Q6/1P1P3N/P1P1b1PP/2R1KB1R b K - 0 24,a6b4,black,d8c7,-24,-9,15
r5r1/1R1b1p1p/3kpq2/p3b2n/PP1n1P2/2P1PP2/3P2B1/1NBKR3 b - - 0 24,d7a4,black,d7a4,99999,100000,1
r1bk2nr/2pp3p/Bpq1P1p1/p1b1Pp2/6P1/NPP1P2P/P7/R1BQ1KNR b - - 0 22,c8a6,black,c8a6,254,270,16
r3r3/pbp2p2/n1k1p3/1p1pP3/3KQP1p/2P3N1/PB4PP/R4BR1 w - - 1 22,e4e2,white,e4e2,730,764,34
1n2kb1r/rp1nB3/5pp1/Q1p2B1p/P1Pp2PP/1N1P3b/1P3P2/1R2K1NR w - - 0 26,f5g6,white,f5d7,776,769,-7
r1qk2n1/nb1p2br/1Rp2p1p/4p3/P3P2p/B1p2NPN/2PPKP1P/1R6 b - - 1 23,b7a6,black,b7a6,702,705,3
r2q1b2/1pp1pk2/2nn1ppr/p7/NPp5/P2PPPpb/R5BP/2BQ1KR1 b - - 0 20,a5b4,black,g3h2,578,542,-36
1nbqk1nr/3p3p/rpp2ppB/p3p3/7P/3P2P1/PPPNPPB1/2RQK1NR w Kk - 2 10,h6g7,white,h6g7,674,669,-5
1rbqkb2/p2pppp1/nr3n2/1p1p4/P6p/4P1NP/1PPN1PPR/R1BQKB2 w Q - 2 12,g3f5,white,g3f5,-187,-211,-24
r3k1nr/p1p1p3/n1P2p1b/1B1pP1pp/8/P5Pb/1P1K1PNR/RNB5 b kq - 0 22,a6c5,black,a6c5,271,263,-8
1rbb2n1/1pp2k2/p2pppp1/4n3/q6N/P2P2p1/1PPQPPRr/R1B1KB2 w - - 0 22,d3d4,white,h4f3,-488,-505,-17
rn1qkb1r/2p3pp/1p3p2/p2ppb2/1P1Pn3/P1P2P2/3BP1PP/RNQK1BNR w kq - 0 9,f3e4,white,f3e4,111,122,11
r2k1b2/pp2ppp1/nqppbnr1/7p/PP1P4/2P1BP1N/1N1KP1PP/R2Q1B1R b - - 2 11,e6h3,black,f6d5,-74,-79,-5
rn2kbr1/3p4/b1pPp1p1/p1P1q1Pp/1P1N1P2/N1Q1P1n1/P6P/R1B2BKR w q - 1 24,h2g3,white,f4e5,578,576,-2
1rb2b1r/1ppk2pN/p3p3/1N1pn1q1/PP1PpPP1/3B1n1p/2PB4/4RKR1 b - - 0 25,f3d2,black,f3d2,982,1037,55
rn1qkb1r/1bppp1pp/5n2/pP3p2/8/1P4PN/P2PPP1P/RNBQKB1R w KQkq a6 0 6,f2f3,white,f2f3,86,115,29
r1b3nr/ppp1p2p/2nqk1p1/P4pb1/1P2p1Q1/2PPP2P/R4PP1/2B1KBNR b K - 0 12,f5g4,black,f5g4,652,650,-2
2bq1b1r/rp1pkppp/n1p2n2/6N1/p2p4/PQ3P2/1PP1PBPP/RN2KB1R b KQ - 6 10,a4b3,black,a4b3,642,636,-6
rn2qbr1/p2k1p1p/bp5n/2p1p1p1/1P4P1/N3PP1N/P1PP3P/R1BQK2R w KQ - 1 10,b4b5,white,b4b5,-310,-312,-2
r1b1kbn1/pq2ppp1/2np4/1P3P2/P1p2Bpr/2N4B/2P1P2P/2RQK1NR b Kq - 2 16,g4h3,black,c6b4,454,412,-42
rnb1qbnr/ppp1kp2/1N2p1p1/3p3p/1P6/B4P1N/P1PPP1PP/R2QKBR1 b Q - 1 10,a7b6,black,a7b6,449,440,-9
rn2bbn1/2k1p3/1pp2p1r/p2P4/P1P1N1pR/1PB3P1/4PP2/1R1QKB2 b - - 0 22,b8a6,black,h6h4,-635,-667,-32
r1q2br1/pppkn1pp/2b5/4pP1P/3p1P2/B2PP1R1/R1PN4/3QKBN1 b - - 0 16,d4e3,black,d4e3,-331,-341,-10
rn2qbr1/p3k2p/4pp1n/2pp4/1p1N2P1/BPP3P1/P2PBP2/RN1QKR2 b Q - 0 16,b4a3,black,b4a3,-115,-112,3
2r1k1n1/ppp4r/2n2p1p/2qB2pb/1b1p1p2/N1BPP1PN/P1PK3P/R2Q3R b - - 0 17,b4c3,black,c5c3,99997,99998,1
r1b3nr/p2q1k1p/n2pp3/1pp2p2/4PPp1/bQP3P1/PPBP1N1P/RNB3KR b - - 6 17,c5c4,black,c5c4,-121,-123,-2
2b1kbnr/rp6/p1nppq1p/2p5/1PP3p1/N4P2/P2PPK1P/R1B2BNR w k - 0 12,a3c2,white,b4b5,-811,-805,6
2b3nr/2pnq1pp/6k1/rp1PP1N1/1b2Pp1P/N2B4/PB1P2P1/R5KR b - - 1 19,a5a3,black,d7e5,527,538,11
rnbqk1r1/pp2b1pp/3p3Q/2p5/3P1p2/5N2/PPP1PPPP/RN2KB1R w KQq - 0 8,h6h7,white,h6h7,293,302,9
rnb1kb1r/2p1p1pp/3q1n2/pp3p2/1P1p3P/1NN3P1/P1PPPP2/R1BQKB1R w KQkq - 0 9,f1g2,white,f1g2,108,134,26
b2q1b1r/3kpp2/r1np1n2/ppp3P1/2B1P1P1/PP2Q2N/2PP1P2/RNB1K2R b KQ - 2 15,b5c4,black,b5c4,232,256,24
1rb3nr/pp2p2p/n1p2kpb/P1p5/1P5P/R2qPP2/2PP2P1/1NB1KB1R b K - 0 18,d3c2,black,d3d6,592,567,-25
r1bqkb1r/p1pppppp/2nn4/1p2N3/N7/P7/1PPPPPPP/R1BQKB1R w KQkq - 6 6,e5c6,white,e5c6,49,36,-13
rnbqkb1r/ppp1p1pp/3p1p1n/8/7P/P1PP1N2/1P2PPP1/RNBQKBR1 b Qkq - 0 6,h6g4,black,h6g4,-16,-12,4
1nb2bnr/3r4/pp1ppk1p/2p2p2/3P1P1q/N3P2P/PPP1K2R/R1BQN2B b - - 3 16,f6g6,black,h4g3,-54,-56,-2
1n1qkb1r/rp1bpppp/p2p3n/2p5/2P1P2P/3P1P2/PP2B1P1/RNBQK1NR w KQk - 0 7,d3d4,white,d3d4,64,56,-8
2b1kb2/4p1rp/1q3n2/Rpp5/1QP1PpP1/7P/3PB3/2B2KNn w - - 1 25,b4b5,white,b4b5,-244,-250,-6
2bq1k1r/1pp2pb1/5n1p/3ppP1n/1r3p2/PP5B/2PPP2P/1RBQ1KR1 w - - 8 20,a3b4,white,a3b4,-427,-420,7
r3k3/p1bp1q2/4p1np/Q1p5/1p2Pp1P/NPBP1P2/P1P4R/1R2KBN1 b q - 2 22,c7a5,black,c7a5,-138,-144,-6
rn2kbr1/ppp1pppp/4b3/3p4/q5n1/4PN1B/2PP1P1P/RNBQ2KR w q - 0 12,a1a4,white,a1a4,541,531,-10
r2qkbnr/p1p1pppp/b2p1B2/1p6/1n4P1/P6B/2PPPP1P/RN1QK1NR w KQkq - 0 7,h3g2,white,h3g2,-72,-105,-33
rnbk2r1/3q1ppp/ppp1p2n/1P1p4/1bBPP1PP/2P2PK1/P1Q1N2B/RN1R4 b - - 2 18,b4d6,black,b4d6,-64,-85,-21
5b2/rb2p1pr/Q2p1k1n/p1p1q3/4pP1N/N1p1P2P/PP1P2PR/R1BK4 w - - 5 26,f4e5,white,f4e5,728,746,18
r4b1r/1bqpk1p1/n1Q1B3/pp4p1/7n/2PPPP2/PP3N1P/RNB1K3 w Q - 1 17,c6c7,white,c6c7,-589,-545,44
rnbqk1r1/1p2n1bp/p2p1p2/2p1p1B1/P7/3PPP1N/1PPQ2PP/RN1K1BR1 b q - 0 10,f6g5,black,f6g5,330,384,54
r1b2r2/ppppk1b1/2q2pPp/P7/6P1/3pPQ1B/NPPP1R2/R1B1K3 w Q - 1 25,a2b4,white,a2b4,512,477,-35
5bnr/rp2p1pp/1n3p2/p2pkP2/3qP1B1/QP5P/R2P1P1R/2BK2N1 b - - 2 24,d4b4,black,d4b4,-532,-567,-35
1rbqk1r1/p1pnbp2/1p3n1p/3Pp1p1/5PPP/NP1PB2N/P1PK4/R2Q1B1R w - - 1 13,f4g5,white,f4g5,-230,-231,-1
3k2nr/r2p1pbp/ppn3p1/2p1p3/2P2P2/3QB1P1/PP1KP2q/1NR2BN1 b - - 0 17,g8f6,black,g8f6,398,420,22
r1bqkb1r/1pp1p1pp/p6n/1n1p1p2/1P6/NR3P2/PBPPP1PP/3QKBNR w Kkq - 0 8,a3b5,white,a3b5,60,71,11
r1bk1bnr/3n2p1/p6p/3p1p2/1pNp1PQ1/1P4PN/P1P3BP/R1B1K2R b Q - 0 18,f5g4,black,f5g4,-153,-165,-12
rn1qkb1r/1p2pp1p/2p2n2/p2p1bp1/7P/3PBN2/PPP1PPP1/RNQ1KB1R w Qkq - 0 8,h4g5,white,h4g5,193,188,-5
rnnk3r/2pp3p/pp2p3/1Pbb1P2/2PP1p1P/5Pp1/P4BPR/RN1B1KN1 w - - 0 24,h2h3,white,h2h3,-365,-366,-1
rnb1kbn1/3p3r/p1p3pp/Pp2NpB1/2PP4/R6P/1PK1P1P1/1N3B1R b q - 1 18,h6g5,black,h6g5,415,386,-29
rn1qk1nr/2p5/p4p1p/1p1pp1pb/1P1P1P1P/b7/P1P1PKP1/R1BRQBN1 b kq - 0 13,a3c1,black,a3c1,460,422,-38
r1b1k2r/p1pp2pp/1pnb2nq/4Np2/P4BP1/3P4/NPP1PP1P/R2QKB1R b kq - 0 11,g6f4,black,g6f4,490,497,7
rnb3nr/3pkpp1/3bp2q/ppp1P3/1P6/2PP2P1/P1KN1P1P/R1B2BNR w - - 0 14,e5d6,white,e5d6,-336,-347,-11
r1bqkbnr/ppppp1pp/5p2/nP6/7P/6P1/P1PPPP2/RNBQKBNR w KQkq - 1 6,e2e4,white,e2e4,54,59,5
2bnqbrn/r7/p1p1k1p1/1p1pP2B/1P3PPP/B1P5/P4KQ1/RN4R1 b - - 5 25,a7f7,black,e6d7,340,354,14
rnbqkbnr/pp3pp1/3p4/2p1p2p/1P4PP/2N5/P1PPPP2/R1BQKBNR w KQkq - 0 6,g4h5,white,g4h5,-122,-117,5
rnb2b2/1p1p1kB1/p1p1p3/3P1p1r/1PB1N3/4PN2/P1P3PP/R2QK2R w KQ - 1 13,d5e6,white,d5e6,1057,1135,78
r3kbn1/7r/Q7/2pppppp/q2n2PP/P3P2R/1PpPBP2/RNB1K1N1 w q - 2 20,a6g6,white,a6g6,425,426,1
r2k1b1r/p1p1p2p/np3ppn/4qbN1/2pP1PQ1/1P2P1P1/P1P2K1P/R1B2B1R b - - 1 15,h6g4,black,h6g4,770,760,-10
r3kbnr/p2b3p/qp1B2p1/2pp1p2/PnPP4/Q4P2/1P2K1PP/1RN2BNR w - - 4 22,d4c5,white,d4c5,-186,-184,2
rnb3nr/2qpk2p/pp2pp1b/2p2Pp1/3PP3/1PP3PN/PB4BP/RN1QK2R b KQ - 0 12,b8c6,black,b8c6,-291,-297,-6
r2qkb2/2p1p2r/p2p3p/1p3bp1/4n1PP/PP1PP3/2KNBP2/RN3Q1R b - - 0 20,e4d2,black,e4d2,-144,-147,-3
1nb1kb1r/r2p3n/p1p5/qp2pppp/QP4P1/N2KP2B/P1PP1P1P/R1B3NR b k - 2 13,a5a4,black,a5a4,778,767,-11
r2n2kr/1pp4p/3pbp1n/1p6/1P1PQ2P/4P3/P1P1K1B1/R1B4R w - - 2 25,e4f4,white,e2d2,586,572,-14
2bqrbr1/1pp1ppp1/1nk5/2P4p/2B4P/2N2P2/PP1P2PR/1RB1K1N1 w - - 3 20,c4f7,white,c4f7,-274,-278,-4
r4bnr/2qBpbk1/1pn2p1p/p1p1P1N1/3p3P/2P2N2/PP1P1PP1/R1BKQ2R w - - 1 19,g5e6,white,g5e6,338,324,-14
br4kr/P1npqpbp/2p5/1p2pn2/4P1PP/N1P5/P2P1PR1/R1BQKB2 b Q - 3 23,b8b7,black,b8b7,-163,-158,5
rnb1kb1r/ppppqp2/5n1p/4B1p1/PP6/5N2/2PPPPPP/RN1QKB1R w KQkq - 0 6,e5c7,white,e5c7,151,157,6
r3kbn1/Rq2pprp/2np1Pp1/3P4/2p5/1pP1PN1B/1P3P1P/2B2K1R b - - 0 25,c6a7,black,b7a7,607,567,-40
rn4nr/p1k2p1p/1q2p2R/Pp4p1/R1ppPPP1/BPP3P1/3PN3/1NQ1KB2 b - - 2 20,b6b7,black,b6b7,-425,-438,-13
1rb2bnr/pppk1ppp/4p2q/3p4/1n2PP2/1P1B2P1/P1PP3P/RNBQKR2 b Q - 0 9,b4d3,black,b4d3,460,438,-22
2b1r1nr/p1p1bkpp/Bpnq1p2/3pp3/5P2/N3P1P1/PPPPQ2P/R1B1K1NR w KQ - 3 12,a6c8,white,a6c8,-43,-40,3
1nb2br1/2Npn1k1/4r1pp/p2PPP2/2p4P/1P2BR2/P1P1P3/R2QKBN1 w - - 2 19,f5f6,white,f5e6,883,881,-2
r1qk2n1/5p1r/4p2b/2p1n3/PPPp2BN/N2P2P1/4PP1P/R1B2KR1 w - - 1 25,c1h6,white,c1h6,-316,-325,-9
rn2k1r1/3b3p/p1p3pb/Pp1pp3/1P2PP2/4BN2/1R1nP1PP/Q3K2R b Kq - 2 22,d2f3,black,d2c4,-337,-359,-22
2q1kbnr/1p1n2p1/2ppp2p/Q5p1/2PP1B2/5PP1/PP1NP3/R3KBNR b KQk - 0 16,g5f4,black,g5f4,-519,-530,-11
rnb1kr2/ppp5/3ppb2/7p/1P1P1PpP/BP5R/P2KN1P1/RN2QB2 b q - 1 21,g4h3,black,g4h3,-584,-607,-23
1Bb2bnQ/1p1k2p1/2n1p3/r1pp1p1p/p2PP3/1qN2N2/PRP2PPP/2K2B1R w - - 2 23,c2b3,white,c2b3,776,776,0
1r2kbnr/1pqbpp1p/n5p1/p2p4/3pPPPP/NPPN4/P7/R1BQKB1R w KQk - 1 13,e4d5,white,e4d5,-113,-123,-10
r1bqkbnr/2ppp1p1/1p3p1p/p1B2n2/5P2/P7/1PPQP1PP/RN2KBNR w KQkq - 0 10,c5f2,white,c5f2,33,38,5
r3qb1r/2p1pppp/2k4n/pp1p4/1P1P3N/P1BQ2Pb/4PP2/RN2KBR1 w Q - 0 16,f1h3,white,f1h3,556,558,2
1nb1k1r1/r4p1p/p1p1pnp1/qp1N2b1/P2P4/1P3P1P/2P1PBB1/R1Q2KNR b - - 1 16,g5c1,black,g5c1,326,322,-4
1nbk3r/1p1p2pp/3r1p2/p1p1P1q1/P1P4P/1PQPn3/2B1N3/RN2K3 w Q - 3 23,h4g5,white,h4g5,265,292,27
r1bqk2r/1p1p1pbp/2n4n/p1p1p1p1/4P3/N3K2N/PPPP1PPP/R1BQ1BR1 w kq - 4 8,d1h5,white,f2f3,-247,-265,-18
rn1qkbnr/ppp1Np1p/3p2p1/7b/2P5/8/PPNP1PPP/R1BQKB1R w KQkq - 1 8,g2g4,white,g2g4,-153,-148,5
rn2kb1r/pp2pp1p/2p1bn2/qB1p4/2P4R/4P1P1/PP1PQP2/RNB1K1N1 w Qkq - 3 8,c4d5,white,c4d5,29,21,-8
b1rq1bnr/2pp2pp/p1n1k3/1P2pp2/4PP2/2P5/P1QPN1PP/RNB2KR1 w - - 6 12,b5c6,white,b5c6,62,46,-16
r1q2bkr/2ppn3/4p2p/pNnb2p1/1p2p1PP/NP3P2/PBPP4/R2QKR2 w Q - 15 24,b2h8,white,f3e4,-330,-343,-13
1nkb2br/r5pp/pP1p3n/1P1p1p2/5P1q/B5PB/P1NPP2P/R3QK1R w - - 1 23,g3h4,white,g3h4,669,658,-11
r1b1k1nr/pq1ppp1p/5b2/1N6/1nPpPpP1/7P/P4KB1/R1BQR1N1 b kq - 5 15,b7b6,black,f6h4,88,89,1
r4bnr/pp1bpk1p/5pp1/N1pQ4/1P1pqN1P/P4PP1/2P1P3/1RB2K1R b - - 4 20,e4d5,black,e4d5,288,299,11
r1b1k2r/p2p1n2/1p1b4/n1p1q1pp/2P1P2N/PB6/RP3PPP/1QNK3R b q - 0 24,g5h4,black,g5h4,617,608,-9
rnb1kbr1/2ppq3/Bp3pp1/2PPp3/1P1NP1pn/5QP1/P4P1P/RN2K2R b q - 1 15,h4f3,black,h4f3,844,836,-8
2b1kb1r/1pq1p1p1/3p1p2/1r2n2p/P3P3/N1p2P1n/1BQP2PP/RNR2K2 w k - 1 21,a3b5,white,a3b5,11,18,7
1r3b1r/1b2p1pp/n3Pk1n/3p4/q1p1BPpK/Rp5N/2PP4/1NB2R2 b - - 1 24,d5e4,black,d5e4,717,739,22
rnb1k3/1p1p3r/p1p4n/1Q1p1ppp/1bNBPP2/Rq1B4/2P4P/3K2NR b - - 6 19,b3b1,black,b3b1,767,765,-2
r1bq2nr/p1pppkbp/n7/6p1/p2P4/R1N5/1PPBPPPP/3QKB1R w K - 0 9,e2e4,white,e2e4,230,225,-5
r1b1kbn1/q2pp1p1/ppn2pP1/P1p2Q1r/3PPP1p/1P5P/2P2KBR/RNB3N1 w q - 2 18,f5h5,white,f5h5,377,376,-1
rn1k1r2/4pq1p/p1p4b/2P2pp1/1p3P1R/PP2B2N/R1P1P1b1/1Q1K1B2 b - - 1 22,f7d5,black,f7d5,446,450,4
1r4nr/1bpk4/5p1p/npbp2p1/6N1/P1PPP1PN/5KBP/1qR4R w - - 1 23,c1b1,white,c1b1,-461,-468,-7
r2qkbn1/p1pbp1r1/Ppnp3p/5pN1/5P2/2N5/RPPPP1PP/2BQKB1R w q - 0 18,g5f3,white,g5f3,36,41,5
3kq1nr/r2b2bp/npP5/p2Pp3/P1P2pp1/5P2/1P1NK1PP/RQB3NR w - - 0 24,c6d7,white,c6d7,-126,-122,4
rnb2b2/p1qp1p2/2pN2rP/1pnkpPp1/1P6/B7/P1PPK2P/R3QBNR w - - 1 15,b4c5,white,b4c5,715,679,-36
r3kb2/p3n1p1/1qpppPr1/1bQ3p1/PP2P1pP/RP4P1/3P1K2/1NB4R b q - 0 24,g6f6,black,g6f6,723,771,48
rnbq1bnr/1ppp1kpp/p7/4pp2/6P1/N4P2/PPPPP1BP/R1BQK1NR b KQ - 0 6,f5g4,black,d7d5,139,130,-9
rn1q1b1r/p1pp1k2/1p6/3P1ppp/1P6/P1Pb3P/1B2P1PR/R2nKBN1 b Q - 1 15,d1b2,black,d1b2,837,812,-25
1n2q1nr/r6k/pp3B1p/3p1p2/1pbP2PP/P5KN/1Q2P3/RN2R2B w - - 2 25,f6e5,white,f6e5,252,252,0
r1bk1b2/p2n4/1p3ppr/P1pppP2/4P1P1/4K3/1PPP4/RNBQ1BN1 b - - 1 20,g6f5,black,g6f5,-388,-395,-7
1nb1qbr1/r2k4/N2pppnp/p1B3p1/4PP2/3P2PN/PPP1K2P/R3QBR1 b - - 5 19,d6c5,black,d6c5,338,331,-7
1r1qkbnr/1p3p1p/p2p2p1/2p1p3/PnP3P1/3P3b/1P2PP1P/NRBQKB1R w k - 1 13,f1h3,white,f1h3,-123,-158,-35
2b1kbnr/rpp1p3/4Np1p/p2q4/2Pn1P1P/1Q1Pp3/PP2P1P1/RN2KB1R w KQk - 1 12,e6c7,white,e6c7,268,271,3
2bqk1nr/r2p2b1/p1p4p/1p2pp2/Pn1NP1pP/3P4/1BPQ1PP1/RN2KB1R w KQk - 0 14,d4f5,white,d4f5,340,338,-2
2bk2nr/3n2pp/1rppp3/pp6/1P1bpBN1/2PP1PP1/P3Q2P/RN2KBR1 w Q - 0 17,c3d4,white,c3d4,761,762,1
2b1kb2/rppqn1p1/p3p2r/5p2/nP5p/2B1PPPP/P1p1N3/R3K2R w KQ - 2 23,c3d4,white,g3g4,-1019,-1029,-10
1r1q1b1r/4pp1p/bPp3pn/6k1/2P1B1P1/P2P4/4QP1P/RNB2K1R b - - 0 18,g5f6,black,g5f6,-457,-504,-47
6nr/1b1pqpkp/2pp3b/1p1P1N2/5PP1/2P4B/PP1KP3/R1B3R1 b - - 4 20,g7f8,black,g7f8,-382,-366,16
4rb1r/pp2pkN1/P2p3p/2p2p1n/2b2P2/P2B2PP/1Q1P3N/R1B1K2R b KQ - 4 24,f8g7,black,c4d3,-666,-677,-11
1nq1kb1r/2p1pppp/rp5n/p2p1b2/7P/PP2P3/1BPP1PPR/RN2KBN1 w Qk - 2 12,b1c3,white,b1c3,-690,-694,-4
4k1nr/1bp2p2/1rnq4/ppPp2P1/3P2Pp/N1bN1P1B/PP1QP3/1RB2RK1 w k - 4 17,d2e3,white,d2e3,616,663,47
rnb1k2r/1p1p1p1p/1q1bpn2/p1p3p1/8/P1PN1PPB/1P1PP2P/RNBQK2R b KQkq - 1 8,h7h5,black,d6e7,64,64,0
r1b1kbr1/pp3p1p/n3q2n/2ppp1p1/8/NP1KP1PN/P1PP1P1P/R1BQ1B1R w q - 2 10,d3c3,white,d3e2,-232,-332,-100
r1b1B3/1p2k2p/2p1p3/p4pp1/1n1N2P1/PPP4P/3P1K2/RNB2B1R w - - 2 20,a3b4,white,a3b4,865,891,26
r1b1k1r1/pQ1nb3/3p3N/3P3P/1p2p1p1/4P2P/PP1PKP2/RNB2B1R w q - 0 18,b7a8,white,b7d7,691,648,-43
2b1kbr1/2p3p1/1pnp1p1n/8/r3qp1p/1R3N2/1PPPBPPP/1NB1KR2 w - - 2 15,d2d3,white,e1d1,-590,-589,1
r1b1kb1r/pp1pqp1p/4p3/1Qp3p1/2n5/P1N2NP1/RP1P1P1P/2B1KBR1 w kq - 4 13,b5c4,white,b5c4,455,452,-3
1QB2q1r/r2pk2p/4ppp1/p1p2P2/P7/3RP1nN/7P/1NB1K1R1 b - - 2 25,g3f5,black,f8c8,-680,-677,3
rnbqkbnr/ppp1p1p1/B7/3p3p/4p3/N5PP/PPPP1P2/R1BQK1NR w KQkq - 0 6,a6e2,white,a6e2,-174,-189,-15
rnq2bnr/p1p1kbp1/1p1p1p2/7p/PP4P1/2N2N2/1BP1PP1P/R3KBQR w KQ - 4 15,g4g5,white,g4g5,257,268,11
1rb1kbnr/ppp1n2p/3pp1q1/3Q1pp1/1P2P3/7P/P1P2PPR/RN1KBBN1 b k - 2 13,e6d5,black,e6d5,795,788,-7
r3kb2/pp2pp1r/2p3bn/3p2pp/3Pn1P1/5P2/PPQ1P2P/1N1K1BNR w q - 6 16,f3e4,white,f3e4,-24,0,24
r1b1kb1r/3n1n2/q2p2p1/1Pp2P1p/p2P4/N3PN1P/1PPQ2PR/R1B1K3 w Q - 0 18,b5a6,white,b5a6,671,665,-6
rnkq1b1r/1pp1pppp/3p4/pP3n1b/3B1P2/N6P/P1PPP1P1/R2QKBNR b KQ - 1 9,f5d4,black,f5d4,423,440,17
1n4nr/1bkp3p/rppb1p2/p4P2/2PPp2P/NP2P1P1/P6N/1R1QKBR1 b - - 0 20,d6a3,black,d6a3,-431,-426,5
rnb1kBnr/pppp1pp1/2q5/b3p2p/4P1P1/PP3P1P/2PP2B1/RN1Q1KNR w kq - 7 14,f8g7,white,f8g7,-65,-79,-14
2bqkbnr/r1ppppp1/2n4p/p7/p1P1PPPP/2N5/1P1PK3/R1BQNB1R w k - 0 12,d2d4,white,e1f3,108,116,8
r1bqkbr1/p2ppp1p/1p5n/n1p3p1/6N1/2NP4/PPPBPPPP/RQ2KB1R w KQq - 0 8,g4h6,white,g4h6,196,153,-43
2kr1bnr/pbpp2pp/1p2p3/2n2pP1/7Q/1PPP3N/P3P1PP/RNB1KB1R b KQ - 0 9,g8e7,black,h7h6,-574,-562,12
4k1nr/4bp2/rP1p3p/p2pp1p1/PQ2b1P1/3PP1N1/1P1B2B1/3RKR2 w - - 0 26,b4b5,white,b4b5,951,996,45
r3k2r/pp2np1p/2pb4/q1nNp1p1/8/3BP2b/PPPP1PPP/RNBQ1R1K b kq - 0 12,e7d5,black,e7d5,168,166,-2
rn2kb1r/1p1q2pp/1N1pbn2/p1p2p2/1P1p1PP1/1R6/P1PBP2P/3QKBNR b Kkq - 7 12,d7c6,black,d7c6,195,219,24
1rb1k2r/ppppn3/2Pbp1pB/4qp1p/2Q5/NP6/P1P1PPNP/R3KB1R b KQk - 0 13,e5a1,black,e5a1,688,666,-22
5kr1/p2np1pp/1pp5/3pqp2/3P1P1P/2R1B3/1PPKP1P1/1N1Q1BNR w - - 0 18,f4e5,white,f4e5,1073,1106,33
rnb2kn1/1p3q2/p1p1pB1r/4p2p/PPPp3P/3P4/R2NPPP1/2Q1KBR1 b - - 1 25,g8f6,black,g8f6,189,197,8
r1b1kbnr/pp1p2p1/n4p1p/2p1p3/qNP5/2Q3PP/1P1PPP2/R1B1KBNR b KQkq - 3 9,a4b4,black,a4a1,501,433,-68
1rbq3r/n1pk1p2/1p1n4/p2Pp2p/1b2P1PP/N4P1N/PP1P1K2/R1B2B1R b - - 2 18,d8h4,black,d8h4,798,808,10
r2qkbn1/p1n2ppr/2pp4/N6p/5P2/5b1B/PP1PP2P/RNBQK2R b KQq - 4 14,d8h4,black,d8h4,680,704,24
rn3br1/1b1pp1pp/2Bk4/p4n1q/1p1P2PP/PPp1P3/2P2P1R/RN2K1NQ b Q - 3 22,b7c6,black,b7c6,338,325,-13
2bqk1r1/r1pp1p1p/p3pPP1/1p1P4/nPN2BP1/b2Q3R/2P1P1n1/2RK1BN1 b - - 4 20,d8f6,black,d8f6,-140,-147,-7
rn3bnr/p4kp1/Bpp2q2/P2P2pP/4pNp1/N7/1PPP1P2/R1BbK2R b KQ - 1 17,b8a6,black,b8a6,728,768,40
rNq2b2/4pk2/8/2pQ1p1p/p1P2PnP/1P2r3/P2P2B1/1RB2KNR b - - 0 23,f7g7,black,e3e6,-593,-632,-39
1r4k1/rpp2N2/1b2pqP1/Pn1p1n1p/5Pb1/P1PB2P1/3N3R/R1BQK3 b Q - 0 24,g4d1,black,g4d1,322,329,7
r2q2n1/pbppk1p1/np1br3/4pp1p/P2P1P2/NP3N1P/2P1P1P1/R1BQKB1R w KQ - 1 11,f4e5,white,f4e5,226,234,8
3r1br1/p1pqppp1/b1npk2p/1p5n/1P1PP1P1/B1P1KP1N/P1QNB2P/R6R w - - 5 16,d4d5,white,d4d5,1079,1199,120
qr2kr2/p1pB1p1p/np3Bp1/1Pb1P3/7P/2P3P1/P3P3/R3KQNR b - - 0 22,e8d7,black,e8d7,-590,-641,-51
rnbqk1nr/2ppp2p/6pb/pp6/Q1P1Pp2/N5PB/PP1P1P1P/R1B1K1NR b KQkq - 1 9,b5a4,black,b5a4,627,631,4
r1k3nb/2qnpp1r/pp2b2p/3p2pP/1BN3P1/1PPpPP1R/P3BK2/RQ4N1 b - - 1 21,d5c4,black,d5c4,400,426,26
rnbqk3/pppp3N/2nQp3/2b3pp/1P1PP2P/P4r2/R1P2PPR/1NB1KB2 b q - 3 15,c5d6,black,c5d6,350,361,11
2r1k2r/p1pp2pp/q3nb2/2P1Q1BP/1p2P1P1/P2P3B/5P2/2R1K1Nb b k - 0 24,f6e5,black,f6e5,855,894,39
r1bqkbnr/pppp2p1/n6p/4pN2/6P1/2P5/PP1PPP1P/RNBQKB1R b KQkq - 0 6,d7d5,black,d7d5,-56,-59,-3
rn2kNnr/4p3/p2q4/2p3p1/1Npp3p/PP1P2PP/1BPp4/R2b2KR w kq - 4 24,h1h2,white,b2d4,-927,-99995,-99068
1q2rbnr/3k1ppp/p1n4B/1pPp1b1P/8/N1PP2P1/P3NP2/R3KBR1 w Q - 3 19,h6f4,white,h6f4,-684,-661,23
1nbqk1nr/1p2p1bN/r1p2pp1/p2p4/4P2P/2NP4/PPP2PP1/R1BQKB1R b KQk - 2 8,d5d4,black,d5d4,239,235,-4
rnbq2r1/p2pk2p/2p1p2b/1p4p1/1P1PpPP1/2N5/P1P1B2P/RQK1N2R w - - 0 18,c3e4,white,c3e4,78,84,6
rn1qkbnr/p3p2p/1pp2p2/4N3/2bPP3/6P1/PP1B1P1P/RN1K3R b - - 1 15,f6e5,black,f6e5,831,820,-11
r2k2nr/1p1nb3/p2N4/2pp2pp/2P1p1P1/PP1PP3/5N1P/2RQKb1R w K - 0 19,d6f7,white,d6f7,488,501,13
r1b3nr/p2pkp1p/1p2p1pb/1Bp1B3/1P2Qn2/N3P2P/P1PK2P1/3R2NR w - - 6 18,e4a8,white,e3f4,785,742,-43
r2qkbn1/p1p1p1p1/8/1pP5/1P1p1P1P/3KPbn1/P6B/RN2Q1NR b q - 0 24,f3e4,black,f3e4,545,612,67
rn2kb1r/4pp2/p1pp1Q2/q5pp/PNpP2P1/2N1P2P/1P3P2/R1BK1bR1 w q - 0 24,f6h8,white,f6h8,336,334,-2
r1b1k2r/1pppn1p1/5q1p/p3P1B1/3PKp2/b1P3P1/PPQ1P1BP/RN4NR b kq - 1 12,f6f5,black,f6f5,487,550,63
r1bq1rk1/p1p1ppbp/np1p4/6p1/P2PPBQn/4K2P/1PPN1PP1/R4BNR b - - 1 12,g5f4,black,c8g4,649,615,-34
rnb1k3/pp1p1pn1/q1p5/2PBp1r1/P3PNPp/1PR2P1P/2QP4/1NB2RK1 w q - 0 26,d2d4,white,f4g2,593,528,-65
1n1qk1n1/r2ppr2/b1p3pb/1Q1P1p1p/2P1P3/1P3P1P/1B4P1/NR2KBNR b - - 2 24,c6b5,black,c6b5,626,618,-8
1rb2br1/p2p1ppP/4pk2/1P2qBR1/1PNPP3/2n1B3/2PK1PNP/R1n5 b - - 0 23,g8h8,black,g8h8,-615,-617,-2
b3kb1r/1rp1pp2/n5pB/pN3NPQ/n2pP3/1P1P4/2P2P1P/2R1K1R1 w k - 2 19,h5g4,white,h5g4,564,577,13
r5nr/p1pbk2p/1p1q4/n2pppp1/2P1P3/P2B4/3P1PPP/RNBQK1NR w KQ - 2 12,c4d5,white,c4d5,391,395,4
rn2k2r/3b1ppp/p2pp2n/qpp4P/3P1P1R/2P5/PbQ1P1P1/R1B1KBN1 w Qkq - 0 13,c2b2,white,c1b2,-189,-202,-13
1nb1k1n1/1ppp4/r3pppr/2b4P/PpP1PP1R/R7/1B1P4/1N1QKBN1 w - - 1 18,a3g3,white,a3g3,648,654,6
r1bqk2r/p1p1p1bp/1pnp1R2/1B6/P3P1p1/5N1P/1PPP1P1n/RNBQK3 b Qkq - 0 13,g4f3,black,c8d7,241,254,13
1nb4r/r1p2ppB/3q3p/PPkpp2n/Rb6/2P1PN1P/3P1P2/1N2K2R w - - 5 23,d2d4,white,c3b4,-479,-458,21
1n2k1n1/1r2pp1p/p1p1bB2/2Pp2p1/1p6/PP3Q1N/2qPP1PP/RN2KB1R b KQ - 0 18,g5g4,black,c2c1,167,203,36
rnb1kb1r/1p1ppp1p/7n/p1p3p1/P1Pq1PP1/1Q5P/1P1P4/RNBK1BNR w kq - 1 10,f4g5,white,f4g5,198,221,23
1rbqkbnr/p3ppp1/3p3p/1ppP2BP/1n6/N4P2/PPP1P1P1/R2QKBNR w KQk c6 0 10,g5h4,white,g5h4,74,64,-10
r1bqkb1r/1p1p1pp1/n1p1p3/p6p/PP2NPn1/4P1P1/2PP3P/R1BQKBNR b KQkq - 0 8,a5b4,black,a5b4,166,173,7
r1bqk2r/p1p4p/2n1pn1b/Bp1p1P2/3PPp2/7N/PPP3BP/RNQ1KR2 w Qkq - 0 13,e4e5,white,e4e5,-240,-264,-24
1nbk1bn1/7r/r2pp2p/pPp2pq1/5BP1/N2PPP1B/1PPK4/R4QNR w - - 0 16,f4g5,white,f4g5,743,721,-22
1r2k1nr/2p1q2p/p1P1b3/3ppp2/P4PPp/N3P2P/1PRPB3/2BQK1b1 b - - 2 24,f5g4,black,f5g4,420,451,31
3rk1r1/6pp/2pn4/1pbBppN1/1PNP4/2B4b/P3PP1P/1RK4R w - - 2 20,d4c5,white,d4c5,684,706,22
2bqk2r/r1pp2pp/1p3p2/p1b1n2n/B2NPN1P/1P3Q2/PBPP2P1/R3KR2 w k - 5 21,f3h5,white,f3h5,421,449,28
1rbq1br1/3kpp2/N1p3pp/p1p5/P2NP3/R2n1P2/1PPn2P1/2B1Q1KR w - - 2 20,a3d3,white,a3d3,472,534,62
rnbk1b1r/ppq1pQ2/3p2pp/2p5/3P2PP/2P4n/PP1NPPB1/R1B1K1NR w Q - 2 15,g1h3,white,g1h3,579,541,-38
1n2k1r1/r4p2/2pp2pp/p7/p1P1PPbq/6P1/RP1B3P/1N2KBNR w - - 4 26,g3h4,white,g3h4,582,603,21
3r1kn1/2q2pr1/p3p1pp/1N6/1nPp4/B5N1/P1QP1PPP/3RKB1R w K - 0 23,b5c7,white,a3b4,1023,921,-102
rn1qkb1r/p1pp1n2/b5pp/4p3/1pP2P2/7P/PP1P2PR/1RB1KBN1 w kq - 0 13,g2g3,white,h2h1,-860,-857,3
r1bqkbnr/p2pp1pp/1p2Bp2/2p4n/5Q2/3P4/PPP2P1P/RNB1K1NR b KQkq - 3 9,h5f4,black,h5f4,747,745,-2
rn3k1r/p1p4p/b2qp1p1/b2P2B1/2pP4/1P5P/P4KP1/R4BNR b - - 0 19,h7h6,black,e6d5,630,642,12
r1bq4/p2p1pb1/1p1k2rp/3Pn1p1/PP2P1P1/N4n1N/R1P1Q1BR/2B2K2 b - - 9 23,f3h2,black,f3h2,474,463,-11
r3r3/1bp1b1pp/p1k1pq2/1p2nP1P/1n3P2/P2P2PQ/1PP1N2R/2KRBB2 b - - 0 21,b4a2,black,e5f3,-143,-164,-21
2b1k1r1/r3b2p/1pP3pn/p1p1pp2/4qP2/1PPP4/P3NKPP/RNBQ1B1R w - - 0 20,d3e4,white,d3e4,737,732,-5
4kbnr/pr1npp1p/2p3p1/1p1p4/1B1PBPP1/1P6/P1P4P/R3K1NR b KQk - 0 16,d5e4,black,d5e4,462,461,-1
r1b1k1nr/p1ppbppp/5qR1/1p6/5P2/N3P2N/P2PB2P/R1BQn1K1 w - - 1 18,g6f6,white,g6f6,478,494,16
rnbqkbnr/pp2pp2/6p1/3p3p/5PP1/1p1P3P/P1P1P2R/RNBQKBN1 w Qkq - 0 7,c1b2,white,c1b2,-169,-193,-24
1nbqkbnr/r1p1pppp/3p4/pp6/3P4/P6P/RPP1PPP1/1NBQKBNR b Kk - 1 6,g8f6,black,d6d5,-39,-37,2
2b1kbnr/rppn4/p2p4/2P1pppp/1P5q/7P/P1QPPPPR/RNB1KBN1 w Qk - 0 10,c5d6,white,c5d6,8,5,-3
2b1r3/5pq1/rppp1kp1/4p1N1/P1nb2P1/R1P1PP2/1P1B1Q1P/1N3K1R b - - 1 25,d4c5,black,d4c5,138,127,-11
1rb1kbn1/p2q2p1/n7/1PpppP1r/6Pp/1P1N1B1P/P2P1P2/RNBQK2R b Q - 3 16,e5e4,black,e5e4,-201,-218,-17
r3kbnr/p2p1pp1/bpp1p3/8/n2P1qpP/NPP1P2N/P2Q3R/1RB1KB2 w q - 1 15,h3f4,white,h3f4,506,473,-33
3qkb1r/r1pppp1p/bpn3p1/4P3/1P1P2n1/8/PBPK1PPP/RN1Q2NR w k - 0 9,d1g4,white,d1g4,-235,-236,-1
rnb1kbnr/Np1p2p1/2p1p3/5pqp/5NP1/1P6/P1PPPP1P/1RBQKB1R w Kkq - 1 9,a7c8,white,a7c8,-93,-91,2
r1b2bn1/pp1p1kpr/n1p2p2/3PQp1p/PqP5/8/4P1PP/RNBK1BNR w - - 0 13,e5f5,white,e5f5,-186,-180,6
rnb1k1nr/p4p1p/1ppqp1p1/3p4/1P1P1P1b/P1P3PB/3KP2P/RNBQ2NR b kq - 0 12,h4e7,black,h4e7,92,99,7
rn2kbnr/ppq1pp1p/3pb3/2p3p1/1PP1P2P/5N2/P2P1PP1/RNBQKB1R w KQkq - 0 7,c1b2,white,c1b2,225,245,20
rnbnkbr1/p2p3Q/1qp5/1NP1ppB1/3PP1p1/1P5N/P4PPP/R3KB1R b KQq - 0 14,b6a5,black,c6b5,-503,-591,-88
r1bqkb1r/2ppppp1/2n2n1p/pp4P1/1P6/P6P/2PPPP2/RNBQKBNR b KQkq - 0 6,h6g5,black,h6g5,251,236,-15
r1b1k1n1/qp1p2p1/2nb3r/pPp1pp2/P1B3P1/4P2N/1BPP1P1P/RN2KR2 b Qq - 0 14,h6h3,black,h6h3,578,539,-39
r3kb1r/p1p3pp/1pn1pp1n/2qp4/P4Pb1/NPP3PP/R2PP3/2BQKBNR w Kkq - 1 10,h3g4,white,h3g4,411,446,35
rn1qkb1r/p1p1p2p/3nNp2/1p1p2pb/1P1P4/P1P5/RB2PPPP/1N1QKB1R b Kkq - 1 11,d8c8,black,d8c8,-59,-62,-3
rn4kr/p1B1b2p/2Q1b2n/1p1pPPp1/3P4/2P2N1P/PPN1P3/1R1K1B1R b - - 2 20,b8c6,black,b8c6,-655,-668,-13
1nbqk1nr/rppp2pp/p2b1p2/1B2p3/P2PPB2/8/1PP2PPP/1N1QK1NR w Kk - 2 8,d4e5,white,d4e5,-445,-455,-10
2kr1b1r/1b1p1p1p/p1p2npn/6QP/1p1p1R2/NPP1PP1q/P2P2P1/1RBK1B2 w - - 2 20,g2h3,white,g2h3,406,431,25
r1q1k1nr/2pb4/1p1bp1p1/p2N3p/2PP2n1/3R3P/P3KPPB/5BNR w kq - 3 22,h2d6,white,h2d6,-689,-633,56
rnbqkbnr/3ppp1p/p5p1/1pp3BP/2P5/P2P4/RP2PPP1/1N1QKBNR b Kkq - 2 7,b8c6,black,b8c6,-43,-34,9
2r1kbn1/pb3p2/1p2pP1r/2pp3p/1nQN2PP/P1P1P1q1/1P1PK3/RNB2BR1 b - - 4 23,g3g1,black,g3g1,689,671,-18
rn1qkb2/3bpp2/pp1p3n/6pp/1Pp1PrP1/B4P1P/P1PPK3/R2QNBNR b q - 0 15,h5g4,black,d6d5,156,148,-8
rn1qkb1r/3bpppp/1Q5n/pp6/2Pp1K2/N4P1P/PP1PP1P1/1RB2BNR w kq - 2 14,b6d8,white,b6d8,31,41,10
2rn3r/1ppq1n1p/3p1k2/p4Np1/2P5/PP1P1N1b/3KPPBP/2RQR3 w - - 1 26,g2h3,white,g2h3,513,539,26
1nbq1bnr/1p1ppkpp/r1B5/p1p2p2/6P1/2P1P3/PP1P1P1P/RNBQK1NR w KQ - 2 6,c6b5,white,c6b5,87,87,0
r1b2b1r/5kpp/p1pp1N1n/1p1n3q/2PPP2P/P4pR1/1P1Q1PP1/RNB1KB2 w - - 2 18,f6h5,white,f6h5,771,757,-14
1nbqkbr1/r6p/ppppp1p1/5p2/P4P2/2N1P1P1/1PPP3P/R1BQK1NR w KQ - 2 10,b2b3,white,b2b3,-21,-26,-5
rnbqk2r/2pp1ppp/Pp1b1P2/8/3p1n2/5N2/PBPNP1PP/R2QKB1R w KQkq - 0 11,f6g7,white,f6g7,182,175,-7
r4bnr/p1qpp1p1/np2k3/1bp4p/2P1PpPP/NP3B2/PB1P1P1R/R2QK1N1 w Q - 1 15,a3b5,white,a3b5,736,683,-53
r1bqkb1r/pp2p2p/2p2p1n/3p2p1/8/PP3P2/2PPPBPP/RN1QKBNR w KQkq - 2 8,b1c3,white,e2e4,356,337,-19
1r1nr3/1bpp1k1p/4pq2/pPQ3p1/1P1P2n1/5P2/P3P1B1/RN3KNR b - - 5 22,a5b4,black,a5b4,201,187,-14
rnq2k1r/4pp1p/2N1b1pn/1ppp4/p3B3/4P1PP/PPPP1P2/R1BQR2K w - - 2 18,c6e7,white,c6e7,-245,-281,-36
rnb1kbnr/3q1p1p/2ppp1p1/pp3P2/P2P4/R1N2NP1/1PP1P2P/2BQKB1R b Kkq - 0 8,b5b4,black,b5b4,211,208,-3
r1bqk2r/8/1pp2n2/1pbp1ppp/2Bp2QP/1P2PPP1/PBPP1K2/1R5R w kq - 2 18,g4g5,white,g4g5,-439,-461,-22
r3k2r/1bp2qbp/1p2p2P/2np1p2/5P2/Np1PP2N/PBPKQ1PR/3R1B2 w k - 2 22,h6g7,white,h6g7,532,583,51
rnb1kb1r/3pp3/p1p2Ppp/qp1n4/P7/N1P4p/RP1PP2P/2BQK1NR b Kq - 0 14,d5f6,black,d5f6,491,496,5
1r1qkb1r/1p3p2/n1P2p2/p5Np/3P4/P1P1P3/7P/RN2KR2 w Qk - 1 23,g5e4,white,g5e4,-626,-628,-2
r1bn1kn1/1p1p1p1r/6qp/p3bp2/P2PBpP1/5Q1P/1P2P3/R1B1K1NR w KQ - 1 21,e4f5,white,e4f5,227,240,13
r3k2r/2pn1ppp/8/1p2p1N1/pP2p1bP/P2P1PQ1/2P3Pn/R1BNKBb1 b kq - 4 21,f7f5,black,h7h6,-393,-461,-68
1rbk1r2/ppp1npBp/4p3/3pPNp1/8/n1N1K3/PPP2PPP/3R1Q1R w - - 0 18,f5e7,white,f5e7,812,806,-6
rnNq3b/1bpkp2r/1p6/p2p2pp/P3P1pP/1P1P2P1/2P2P1R/R1BK1BN1 b - - 0 17,h8a1,black,d7c8,794,772,-22
1nb1kb1r/r1pqp2p/1p3p2/p5Pn/P1P5/BP4PN/3PPP2/RN1QK2R b KQk - 0 11,d7c6,black,d7c6,276,232,-44
1r3bnr/3k2pp/pn3p2/1pP5/PP5N/6Pb/1BPKPP1P/2R2BNR b - - 3 21,b6c4,black,b6c4,-191,-166,25
5bnr/rb3k2/1pp4p/Q2p1p1q/P1BpP2N/3nBP2/1PP5/RN3K2 w - - 0 23,a5a7,white,a5b6,-501,-576,-75
1rbqk1nr/6bp/p4p2/p1p1p1pP/n1PpP1PR/RP6/1Q1PNP2/2B1KB2 w - - 13 25,a3a4,white,a3a4,-500,-517,-17
rnbqk2r/3p1p2/7n/1p1P1pNp/pQp4P/b1P3K1/PP2P1P1/RNB2BR1 w q - 2 15,b1a3,white,b1a3,287,330,43
rnb1kbr1/1p1p2p1/P1p5/5p1p/2P1npP1/q4Q1N/P2PP1BP/RNB3KR b q - 1 17,a3c1,black,a3c1,642,709,67
r1b4r/p1pqp2p/4knp1/n2p1p1Q/1pP1PP2/PP4P1/R2K1b1P/1NB1NBR1 w - - 3 16,e4d5,white,e4d5,-414,-429,-15
rnbq2nr/pp1k1ppp/2p1p3/3p4/1b2P1P1/2NP3N/PPP2P1P/1RBQKB1R b K - 0 8,d7e8,black,d7e8,-30,-19,11
r1bqk1nr/1pnppp1p/2p4b/p7/5pPN/1PN5/P1PPP2R/R1BQKB2 b Qkq - 0 11,d7d5,black,d7d5,280,298,18
rn5b/p3kp2/bpq2n1p/4p1pP/2p3PR/P1PPPP1N/R3p1B1/1NB1K3 b - - 0 23,c4d3,black,c4d3,691,695,4
r1b1kb1r/pp1p1pqp/4p3/7n/1pPnP1PP/N7/PP1P2P1/R1BK1BNR b kq - 0 15,g7g4,black,g7g4,744,785,41
rnb1r3/3q1k1p/p1p5/3ppPB1/2p3n1/b2P1P2/RP2NNPP/1Q2KBR1 b - - 6 20,a3b4,black,a3b4,339,327,-12
1r1k1b1r/4p3/n2p1n1p/pNPq2p1/2PP2b1/4PP1P/P6R/B1KR1BN1 w - - 0 23,c4d5,white,c4d5,233,241,8
rnbk1b1r/pp1p1p1p/2p3p1/1NPQ3R/P2p4/4P3/qP3P2/2BK2Nn b - - 1 19,c6d5,black,c6d5,886,908,22
1nbq1b1r/B1pkp2p/p2p1p2/1p4p1/6n1/N1PP2P1/PP1QPP1P/1R2KBNR b K - 2 10,c8b7,black,c8b7,-454,-447,7
rnbk2nr/pppp1ppp/8/4p1q1/1b6/2PP4/P3PPPP/RNBQKBNR w KQ - 3 6,c1g5,white,c1g5,696,697,1
1rbqkbnr/pp1ppp1p/n7/2p3p1/8/1NPPB2P/PP2PPP1/R2QKBNR w KQk - 0 7,e3g5,white,e3g5,229,236,7
r1b4r/pp2k3/2p1pq2/2n1Ppnp/1QPp3P/1P3P1B/P2P4/RNB2RK1 b - - 2 21,g5h3,black,g5h3,1110,99991,98881
rnb1k1nr/1p1p1Np1/P3p3/2p2p1p/3P4/1q2b1PP/P1P1BP2/R1BQKR2 b Qkq - 1 16,b3c3,black,b3c3,775,778,3
rn1qkb1r/2pp4/p1b1ppp1/7p/2P2B2/1P1P4/P3P1RP/RN2KnN1 b Q - 1 18,c6g2,black,c6g2,887,899,12
4kb1r/rpp1p1P1/p7/3b1qn1/P3Pp2/1PP4P/1B3KB1/RN1Q3R b - - 0 24,g5e4,black,g5e4,-222,-215,7
1rbq1knr/2ppb3/p4Q2/Pp5p/1P3B2/3p4/RP2B1P1/1N2K1bR b K - 1 22,e7f6,black,e7f6,760,811,51
rnbq1bnr/2p1pkpp/5p2/pp1p4/P2PP1P1/4B3/1PP2P1P/RN1QKBNR w KQ - 3 10,e4d5,white,e4d5,258,263,5
1rb1kb1r/pp4pp/n4n2/2pppp1q/3PP2B/NPPQ1PPP/P6R/R3KBN1 b Qk - 2 13,c5d4,black,c5d4,273,290,17
1r1kq2r/p1p4p/b2p1p1n/1p4N1/2BP4/2BPPPP1/Pb5P/RN1Q2RK w - - 1 24,g5e6,white,g5e6,470,506,36
2r1kb2/1b1n1pp1/5nqr/pppp2Np/PN1Pp1PP/5P2/1PP1P3/1R1QKB1R w - - 1 22,g4h5,white,b4d3,-545,-586,-41
1n2k1n1/rp2pp1r/2pp2p1/p2P3Q/P2bP3/1PN3P1/2PK1PbB/2R2qNR w - - 2 18,c1f1,white,c1f1,-534,-553,-19
rnbb4/1ppn1ppr/5k1P/p2pp2R/2P5/3P1P2/PP1BP1B1/RNQ2KN1 b - - 4 15,f6e7,black,g7h6,-758,-767,-9
rnbq2kr/1ppp3p/1Q2pnp1/8/1bP2P1P/5PP1/PP1P4/RNBK1BNR b - - 0 12,c7b6,black,c7b6,636,605,-31
rnbqkbr1/p3p3/8/2p3p1/2P5/4PPQ1/PP1PBKP1/RNB4R w q - 1 17,g3e5,white,h1h5,382,357,-25
rnb2bnr/1p1p1k1p/4p3/p1p2pp1/P2q4/2P1PP2/QP1P2PP/RNB1KBNR b KQ - 0 10,d4h4,black,d4h4,15,12,-3
1n2kb1r/1p3p2/r6n/p1pp1b1p/1q2P2P/5PP1/PP1NP2R/R2Q1KNB w k - 3 18,e4d5,white,e4f5,-320,-329,-9
rnbq1rk1/p1p1ppnp/1p3b2/1P1p2B1/3P4/P1P2PPP/1Q2P3/RN2KBNR b KQ - 2 17,f6g5,black,f6g5,323,319,-4
rn2k1r1/2pp2pp/b3pn2/PN3p2/4P1P1/B1P4P/P2P1K2/R2Q1BbR w q - 0 13,h1g1,white,f2g1,625,646,21
2bq1bnr/p1pp1kp1/1r3p1p/1p2p3/4PP1P/2NP2Q1/PP1P2P1/R1B1KBNR w KQ - 2 11,f1e2,white,f4e5,395,365,-30
r1bqkbnr/p2ppppp/n1p5/1p6/2P5/P2Q4/1P1PPPPP/RNB1KBNR b Kkq - 5 6,b5c4,black,c8b7,29,12,-17
r1bqkbnr/1pp1p1pp/1N1p1p2/p7/n2P3P/7N/PPP1PPP1/1RBQKB1R b Kkq - 1 7,a4b6,black,a4b6,353,353,0
1r2k1nr/1q1p3p/2pb1p2/pnPbpPp1/QP4P1/B2P3N/P3P2P/R3KBR1 w k - 1 19,c5d6,white,c5d6,-130,-150,-20
1nbqkbnr/2p1ppp1/rp5p/p2p4/4P1Q1/2N4N/PPPPKPPP/R1B2B1R w k - 0 6,g4g3,white,g4g3,66,62,-4
2rqkbnr/pppnpppp/3p3B/7P/2P1P3/N7/P1P2PP1/1RQ1KBNR b Kk - 0 10,g7h6,black,g8h6,152,165,13
bnr2bn1/p2ppk2/1q5r/1pp1p1pp/3P1PNP/8/PPP1B1P1/R1BQK1R1 w Q - 2 19,g4e5,white,g4e5,70,67,-3
r1bqk1nr/1ppppp2/p1n5/2b3pp/7P/2PPP1P1/PP1Q1P1R/RNB1KBN1 b Qkq - 4 9,g5h4,black,g5h4,96,83,-13
3Bkbr1/p4p2/1r6/1pn3p1/1P3p1P/P1PQ3N/4P2P/RNB2R1K w - - 0 20,b4c5,white,b4c5,861,894,33
rnb1kb2/1ppq2p1/p6n/1NPPp3/5pr1/B2BPN2/P4PPP/R3K2R w KQ - 12 23,b5c3,white,b5c3,-397,-431,-34
r1bqkbr1/ppp1ppp1/3p3n/7p/1n3P1P/N3P3/PPPP2P1/R1BQKBNR w KQq - 0 7,g1f3,white,c2c3,-26,-67,-41
r1b3r1/p1p3pp/3bpP2/1p5k/PB5P/1n1qPp2/R1Q2R2/1N2K1N1 b - - 2 22,d6b4,black,d6b4,621,675,54
r3k2r/p1p1ppb1/5n2/1qpp3p/1P2PP2/2QnKb2/7P/RNB2B1R w kq - 1 20,f1d3,white,f1d3,-568,-592,-24
rnbqkbnr/p3p2p/2p2p2/1p1p2p1/1P6/B2P3N/P1P1PPPP/RN1QKB1R w KQkq - 0 6,e2e4,white,e2e4,-93,-97,-4
1nq1kbn1/r1p1pp2/p2B2P1/1p6/PP1pb2r/3P1P1P/2P1PK2/RN1Q1BNR w - - 1 13,g6f7,white,g6f7,330,339,9
rnb2k1r/p2p2p1/1p1b4/2p2p1p/2P1P2P/1QNR4/1K2PPPB/5BNR w - - 0 18,h2d6,white,h2d6,931,912,-19
r1bq2nr/pp2kpp1/n1p1p2p/1Q1p1PP1/2P5/b7/1P1PP2P/RNB1KBNR b KQ - 0 10,c6b5,black,c6b5,566,576,10
b1rq2nr/p2pkppp/3N4/1pp1p3/3n2P1/BP3B1N/P1PPPP1P/1R1QK1R1 w - - 7 13,d6c8,white,d6c8,635,573,-62
r1bq2nr/p1ppp1bp/3k1pp1/4nQ2/3P1P2/P5P1/1Pp4P/RNB1KBNR w - - 0 13,f4e5,white,d4e5,402,404,2
r2qk3/1pp1bp2/2np4/p3pbP1/2PPP1p1/BP6/Pn1KN3/R2Q1BR1 w q - 1 24,a3b2,white,a3b2,68,126,58
rnb1k3/1pq1b3/2pppprp/pBP1P1pP/1Q3PP1/1P1P4/P2B4/RN1K2NR b - - 0 25,a5b4,black,a5b4,175,202,27
r1bq1r2/pppppk2/2nn1b1p/1N6/1P3PpP/2P5/PB1KP1P1/R4BNR b - - 3 15,d6e4,black,d6c4,783,792,9
r1b2knr/4p2p/3N1pPb/1pp1P3/3p2P1/PpN4B/1BPP1PR1/R2Q1Kn1 w - - 0 23,g2g1,white,g2g1,663,638,-25
5rnr/4bk2/nP1pbp1p/1p2p2p/4P1N1/3p1Q2/P1PP1P2/RNB1KR2 b - - 3 22,h5g4,black,h5g4,-253,-237,16
2bqk2b/2pp1r1p/2Q1pp2/prP3p1/6PP/p1N1K1n1/n2PP2R/2B3NB w - - 3 26,c6b5,white,c6b5,-528,-536,-8
2rqkb1r/pp1bBp2/2pp1Q1p/6p1/1nPPP3/2N5/PP3PPP/R3KBNR b k - 0 10,d8e7,black,d8e7,-319,-333,-14
b2qkb1r/1rp1pppp/p7/1p1pnn2/PP2P1PP/2N1QP1B/1RPP1R2/2B1K1N1 b k - 6 15,f5e3,black,f5e3,586,573,-13
r1b1k2r/1ppnbpp1/1N1p3p/pB6/1P2Qq2/P1P1pN2/3B1PPP/2R1K2R b Kkq - 2 14,f4e4,black,f4e4,539,569,30
r4b1r/Pp1b2pp/n2kp3/2p2p2/1PPpP3/7N/1B1PP1PP/RN1QKB1R b - - 1 15,a6b4,black,a6b4,-719,-714,5
r2qkbnr/1p2pppp/4bn2/p1p2P2/1PP1P3/P2p3P/3P1QP1/RNB1KBNR b KQkq - 0 12,e6c4,black,e6c4,226,238,12
r1b1kbnr/pp1pqp1p/4p3/n1p4p/1P1PP3/2N4N/P1P2PPP/2RQKB1R w Kkq - 2 8,b4a5,white,b4a5,-70,-73,-3
rq2kb1r/1p1nn1pp/p3p2P/1Bpp1b2/3P1PP1/PPP2p1R/3K2N1/R1BQ4 b kq - 1 23,f3g2,black,f3g2,646,659,13
rn3bnr/pkp1p1p1/1p3p2/1q6/P1b4p/BP1P2NP/2P1PPP1/R2QKB1R b KQ - 7 15,b5d7,black,b5d7,220,238,18
1r1qkbnr/ppp1pppp/8/3p3b/2P4P/PPN2PP1/3P1K1R/R1BQ1BN1 b k - 0 11,d5d4,black,d5d4,-288,-295,-7
rn1k2nr/p1p1q2p/1p1p4/1bb2Pp1/1PPP1p2/P6N/R2QN2P/2B1KB1R b K - 0 24,c5b4,black,b5c6,-249,-293,-44
Bn2k2r/4p2p/p3b2b/2P5/3ppB2/P2Pn3/4P1PP/R2K1BNR w - - 0 23,f4e3,white,f4e3,337,329,-8
rnb2qn1/p1ppbpk1/1p6/8/P4pP1/1P1P4/R1P1PP2/1N2KBr1 w - - 0 14,b1d2,white,a4a5,-979,-1010,-31
r1b1kb2/pp1p1ppr/n1pn1q1p/4p3/1Q6/P3P1P1/1PPP1PRP/RNB1KBN1 w q - 5 13,f1a6,white,f1a6,-7,-10,-3
1r2k1n1/1bpqp1bQ/pp3p2/2P2rp1/PPN4P/4PPp1/4N3/R1B1KB1R b KQ - 0 18,e8f7,black,b7d5,-336,-382,-46
r2qkbr1/3pppp1/1p5p/1B1b4/p1p1Q1PP/NPn1P3/PRPB1P2/4KR2 w q - 2 17,e4h7,white,e4h7,31,30,-1
rnbqkb1r/p1pp1p1p/7n/3Pp1p1/Pp3P2/8/RPP1P1PP/1NBQKBNR w Kkq e6 0 7,f4g5,white,f4g5,188,190,2
r1bqkbnr/ppn1p1p1/2p1Q3/3p1p2/4PB1P/P7/1PP2PP1/RN2KBNR b KQkq - 1 9,c7e6,black,c7e6,689,649,-40
r1bqkbnr/pppp3p/2n1p1p1/5p2/3P4/2PQPN2/PP3PPP/RNB1KB1R w KQkq - 0 6,f1e2,white,e3e4,60,56,-4
1nb1kbnr/rp1pQp1p/3q2p1/p1p5/4PP2/7N/PPPP2PP/RNB1KB1R b KQk - 0 7,d6e7,black,d6e7,600,576,-24
r2k1bn1/2p2ppr/3p1q1P/p3pP2/1pP1b3/1PNKP2N/P2P3P/R1BQ3R w - - 0 20,c3e4,white,c3e4,321,320,-1
1r3knr/nb1p3p/p2p3b/2p3p1/PP3pP1/1RB4B/2PPPK1P/5QNR w - - 2 22,b4c5,white,b4c5,678,667,-11
rnb2knr/p1pp2p1/4pp1p/P7/1p3PQ1/1Pb1P2N/1BPP2PP/RN2KBR1 b Q - 2 12,c3b2,black,c3b2,-728,-733,-5
r1b1kbnr/np1p3p/P1q2Qp1/2p1Pp2/P4N2/B7/2P1PPPP/RN2KBR1 b Qkq - 1 12,g8f6,black,g8f6,516,505,-11
r1b1N1n1/2q1kp1r/npBpp3/p5p1/R6p/1PP1PPPN/3P3P/2Q1K1R1 w - - 0 21,e8c7,white,e8c7,608,597,-11
r2q1bnr/1p2pkp1/n4p1p/1NP5/2p3b1/p3P2N/P2P1P1P/R1B1KBRQ w Q - 0 15,h1e4,white,g1g4,527,492,-35
r1bk3r/1pn4p/5n1b/P3p3/2PpP3/N6P/P1P2PB1/2R1K1NR w K - 1 22,c1b1,white,c1b1,-476,-468,8
r2k2nr/1ppqp3/P1n3p1/3pbpPp/5P1P/P2PP2R/2P5/R1BK1BN1 b - - 0 19,e5a1,black,e5a1,742,732,-10
r1bqkb1r/2ppp1p1/1p5B/p3n3/B2P1n2/1PP1pP2/P5PP/RN1K2NR w kq - 4 13,h6f4,white,h6f4,-599,-605,-6
r1b1k2N/q2n2p1/1p1b1n1p/p2ppp2/P1P1NP2/BP1P4/4PN1P/RQ2KB1R w KQ - 2 23,e4d6,white,e4d6,929,947,18
r1bqk1r1/2pp1ppp/2n1p3/pp5n/3PQ2B/b1N1P2P/PPP2PP1/R3KBNR w KQq - 4 9,h4d8,white,h4d8,480,486,6
1rb2b1r/1pp2k2/8/2PpP1Pp/p1q2R2/2N2P2/P1PK2P1/R1BQ1B2 b - - 0 21,c4f4,black,c4f4,266,309,43
2r1kb1r/5pp1/2P1p3/1P3q2/PP1p4/6Pb/4P2P/RN2KB1R b k - 0 25,f8b4,black,f8b4,876,872,-4
rnb1kbnr/1pp2ppp/8/p2pp3/P3q3/2RP3P/1PPQPPP1/1NB1KBNR b Kkq - 2 8,e4a4,black,e4a4,242,233,-9
rnb1kb1r/pppp1ppp/5n2/1P2p3/P1P5/R2P2PN/7P/1NBK1B1R b kq - 0 13,f8a3,black,f8a3,343,340,-3
r1bqn1r1/2ppkp2/2p1p2p/3P2p1/P1P5/4PP1P/P2K1b1N/RNBQ1R2 b - - 1 17,f2g3,black,f2g3,218,247,29
2rnkb1r/1bp2p1p/1p4pn/p2pp1PP/P2PN3/8/1PP1P1P1/RN1QKBBR w KQk - 1 13,e4f6,white,e4f6,827,849,22
rnbqk1nr/1ppp3p/4pp2/6P1/p5P1/b6B/PPPPPN1P/RNBQK2R b KQkq - 0 7,a3e7,black,a3e7,-132,-153,-21
r1b1kb1r/1p1ppppp/1q6/p1pn4/2P1P1n1/NP6/P2P1P1P/R1BQK1NR w KQkq - 0 10,e4d5,white,e4d5,-222,-192,30
rn1qkb1r/p4p2/bp4Pn/2ppp3/1P1P4/P3PQ2/2P1NPPR/RNB1KB2 b Qkq - 1 12,f7g6,black,f7g6,-302,-330,-28
2b1qbnr/rk2nppp/1p2p3/2P3P1/p1p1PP2/P2Q3P/1P1NN3/RKB2B1R w - - 0 17,d2c4,white,d2c4,452,436,-16
r1bqk3/p1p2pr1/n3p1pp/1P1pN3/P5P1/b2P3n/NPQ1PP1P/1RB1KBR1 b q - 3 14,a6b4,black,a6b4,-231,-254,-23
1nb2b1r/1r1pkp2/p4n2/1NpPK3/QpP2B1P/5p2/PP2PPP1/R3qBR1 b - - 2 24,b8c6,black,h8h5,669,1079,410
rnbqkb1r/3p2pp/p3p3/p1p2p1n/2P2P1P/6PB/1P1PP1R1/RNBQK1N1 w Qkq - 0 11,e2e4,white,e2e4,-57,-48,9
1rb2bnr/2pk1p2/pp1pp1pp/8/1n1P4/N1P3P1/PP1BPKBP/2RQ2NR w - - 1 13,c3b4,white,c3b4,847,858,11
2r1kb2/2pnPp1r/4p3/p3n1pp/1PBP4/N2b3P/P1P3PR/R1BQK3 w Q - 0 20,e7f8q,white,e7f8q,879,871,-8
r1bqk2r/ppp2p1p/P1n1p3/2bp2pn/3P1P2/2N3P1/R1P1PK1P/2BQ1BNR b kq - 0 10,c5d4,black,c5d4,167,180,13
rnbqkbn1/1p1pppp1/2p4r/7p/p1Q1P1P1/8/PPPP1PBP/RNB1K1NR w KQq - 2 6,g4g5,white,g4g5,41,47,6
rnbq1bnr/1ppk4/p3p2p/3p4/3P1pPp/P1P2P2/1P2PB2/RN1QKBNR b Q - 1 10,f8d6,black,f8d6,-58,-86,-28
rnb1kbnr/2pq2pp/1p6/p2ppp2/P2PPPP1/7P/1PP5/RNBQKBNR b KQkq - 0 7,f5e4,black,e5d4,95,107,12
rn1q1bn1/3kpQpr/p2p4/2p5/pPbPPP1p/3BN2P/2P3P1/R1B1K1NR w KQ - 1 17,d3c4,white,f7c4,683,675,-8
rnbk1bn1/pp1p1p1r/4p1pp/2p5/2PP1q2/P7/1P1BP1PP/RN1QKBNR b KQ - 2 9,f4d4,black,f4d4,67,68,1
7r/p1pqkp2/n1b1p1p1/1p1P3N/1PP5/P2P2P1/3b1PB1/RN1K3R w - - 1 22,d1d2,white,d1d2,-344,-350,-6
2b1k2r/rp1p3p/n3pp2/pN4pP/2PP4/4PPQ1/PP1bK3/1R3BqR b k - 1 20,g1g3,black,g1g3,523,539,16
r2qkbnr/pbpppppp/np6/8/2P3PP/1P3P2/P2PP3/RNBQKBNR b KQkq - 0 6,e7e5,black,e7e5,125,118,-7
rnbk2nr/2pp1pp1/pp1b4/7p/2P2NR1/P1BPP3/5P2/RN1QKB2 b Q - 0 16,h5g4,black,h5g4,-518,-615,-97
rn1q1b1r/2pbpkpp/p3Np1n/3p4/Pp2P3/2PP4/1P2QPPP/R1B1KBNR w KQ - 2 10,e6d8,white,e6d8,707,714,7
r1bq1b1r/3kp3/p5pp/2pnPpN1/2P2B2/N2P1P1P/PP6/R3KBR1 b Q - 0 21,d5f4,black,d5f4,688,738,50
r2qk1nr/p1pb4/6pp/1Pnpppb1/4PPP1/NPP4P/3P3N/R1BQKB1R w KQkq - 1 14,f4g5,white,f4g5,280,250,-30
1r1n1k1r/3p2pp/2B3n1/2p1p3/1PN2p1P/b3PNP1/P1PPQK2/1RB4R w - - 2 23,c6d7,white,c6e4,822,847,25
r3kb1r/3ppppp/p4nQ1/2p3B1/2p1bP1P/3P3q/P1n5/RNK2BNR b kq - 1 16,h3f1,black,h3f1,99995,99996,1
rnb1k2r/3qn1b1/p1p1pP2/P2p4/3P2pp/2P3PP/1P2NPR1/R1BQKB2 b Qkq - 0 15,g7f6,black,g7f6,133,127,-6
rnb1k1nr/p2pb1p1/2p5/1p2qp1p/8/P2P1BP1/RPP1PP1P/1NB1K1NR b Kkq - 5 14,g7g5,black,e5c7,650,645,-5
3r1bnr/p2kpBp1/1pp3bp/1Q6/1P1n1P2/B6N/P2P2PP/RN1K3R w - - 0 17,b5c4,white,b5c4,708,693,-15
r1b1kb1r/npppnpp1/p4q1p/4p3/2PQ3P/5P2/PP1PP1P1/RNB1KBNR b KQkq - 2 8,e5d4,black,e5d4,795,778,-17
r1b1k3/ppqpbN1r/n6p/2p1Q3/2n4P/NKP2PR1/PP1PP3/R1B2B2 b - - 2 20,c4e5,black,c4e5,571,608,37
r3q1nr/1pp2k1p/pP2p1p1/Rb6/3pPpP1/bnBP1P2/2P1Q1BP/4K1NR w K - 5 19,a5a3,white,a5a3,-104,-99,5
2bq1k2/r2pb1pr/2p2p1n/P1n1p2P/7P/R3PP2/1PPB1K1R/5QN1 b - - 0 18,h6f7,black,d7d5,606,596,-10
rnbq2r1/1p1pn3/4p1k1/pp3ppp/1P6/5NPB/P1QPPP1P/R1BR3K b - - 0 17,g5g4,black,g5g4,-42,-40,2
rn1qk1nr/pb1p2pp/2p2p2/8/pb2P2P/8/2PPPKPR/RNBQ1BN1 w kq - 0 11,e2e3,white,e2e3,-69,-61,8
rnbqk1r1/1ppn1p2/p6b/1P2P3/P1PN3p/1R2P1Pp/3P1N2/2BQKB1R b K - 4 22,h4g3,black,h4g3,-73,-92,-19
rn2k1nr/pbp1ppb1/1N6/1p1q4/1P1p2p1/3P4/P1P1PP2/RNBQKB1R w Qkq - 0 13,h1h8,white,h1h8,280,285,5
1nb1kbr1/r1pn1ppp/p7/1p1pp3/P2B3q/1P1P3P/2PNPPP1/R2QKBNR b KQ - 2 11,e5d4,black,h4d4,453,443,-10
rn4nr/1b1qk3/p5p1/1pPp3p/1P2N1pP/5N1B/PQP1PP2/3R1KR1 w - - 2 25,b2h8,white,b2h8,633,684,51
1q2kbn1/pr2nppr/4p2R/1pppP3/5P2/NP3B1P/P1PP4/R1BQ1K2 b - - 3 17,g8h6,black,g8h6,482,515,33
r1bqkbnr/p1ppp1pp/8/1p6/1n2Pp2/P4QPP/RPPP1P2/1NB1KBNR w Kkq - 0 8,a3b4,white,a3b4,362,380,18
1rN1k1rb/2pp3p/n3P2n/p3N3/B5p1/PP4PP/2P2P2/2RQK1R1 b - - 0 25,e8f8,black,e8f8,-99990,-99990,0
rnbk1br1/q1n2ppp/1pppp1P1/7P/pP6/N1PPPN2/PR2KPB1/2BQ3R b - - 4 19,h7g6,black,f7g6,-193,-206,-13
r1b1k2r/p2p1Npp/n7/Ppp3b1/1P1pn3/4RB2/2PNQ2P/1qB1K3 b kq - 1 24,b1c1,black,b1c1,789,824,35
2b2b1r/p1pkq1p1/nr1pp2p/1p3p2/8/NPKP1BP1/P1PB1PP1/1R2Q1NR b - - 1 18,b5b4,black,e7f6,132,134,2
4rkr1/1p1nb2p/1q2pp2/p1ppBPp1/P4P2/1PPP2PN/6BP/1NRQK2R b - - 1 23,e6f5,black,e6f5,-313,-286,27
r1b1kb2/1p1p1p1r/pPn1Q1n1/1p5p/5P2/RP2P1PP/2PPN3/1NB2K1R b q - 0 19,d7e6,black,d7e6,354,346,-8
1nbq1bnr/r2pk1p1/1pp2p1p/p3pQ2/4PP2/1P1P4/PBPN2PP/R3KBNR b KQ - 1 9,d7d6,black,d7d6,-142,-142,0
2b1k2r/r5pp/3bpp1n/1P1p4/1qpn2NP/2N5/1PPQPPP1/R3KB1R b Qk - 1 18,a7a1,black,a7a1,99989,99991,2
r3kb1r/ppnb2pp/1B3p2/2p1p3/2P1P2P/P1qP1K1R/3NBPP1/R5N1 b q - 3 18,c3d2,black,a7b6,882,843,-39
r1bqkbnr/1p1p1p1p/p1N5/2p1p1p1/8/5P1P/PPPPPKP1/RNBQ1B1R w kq - 0 7,c6d8,white,c6d8,688,693,5
rnbqkb1r/pp5p/2p1p2n/3p1pp1/1P4P1/2B2N2/P1PPPP1P/RN1QKB1R w KQkq - 0 7,c3h8,white,c3h8,313,302,-11
rnbqkbnr/3pp2p/2B5/ppp3p1/2P2PP1/2N1p3/PP1P3P/R1BQK1NR w KQkq - 0 9,c6a8,white,c6a8,414,415,1
rnbqkb2/1p1p1p2/2p2n2/p3p1rp/PP3p1N/R1N4P/2PPPKP1/2B1QB1R b - - 1 15,a5b4,black,a5b4,575,511,-64
rn1qkbnr/ppp1p3/3pb1pp/3P1p2/8/2P4P/PP2PPP1/RNBQKBNR w KQkq - 1 6,d5e6,white,d5e6,413,407,-6
r1b1kb1r/pp1nqp1p/7n/2Ppp1p1/P3NN2/3P1P2/2PKP1PP/R1BQ1B1R b kq - 0 11,g5f4,black,g5f4,428,393,-35
3qk1n1/2p4r/1Ppp3b/p4p1p/P3Pp1P/3P3P/1PR5/RNBK4 b - - 1 24,c7b6,black,c7b6,540,550,10
rnb3nr/3k1B2/3P2pp/pN2p3/QPp2p2/R1P1BPP1/1P5P/3K2NR b - - 1 21,f4e3,black,f4e3,-807,-849,-42
2bq1b1r/rp1kn3/R2p1pp1/1Pp4P/4p2P/3P3R/1PPBPP2/1N1QKBN1 w - - 0 18,a6a7,white,a6a7,746,722,-24
1r2kb2/1brn4/B1pp2pn/1p1p4/3P1PK1/1PP1P2N/P6P/1RB4R w - - 1 22,g4g5,white,g4g5,-492,-505,-13
rnr4B/p3n2p/kp1pp2b/2p2Ppq/P5P1/7N/2PPPKB1/RN1Q3R b - - 1 19,h5g4,black,h5g4,-282,-300,-18
5rk1/1bpq4/3p1pp1/rpnPNP2/pP1K2Pp/PQ2P3/RP6/2B1RBN1 w - - 2 24,e5d7,white,e5d7,510,514,4
rnbqk1nr/p2pb1pp/1p6/2p1pp2/PN4P1/1P1P1P2/2P1PKBP/R1BQ2NR b kq - 0 11,c5b4,black,c5b4,402,378,-24
rn2kbnr/p2p1pp1/1pp5/1b2p1Np/8/BPP5/P2PPPBP/RN1QK2R w KQkq - 1 10,d2d4,white,a3f8,795,741,-54
rn1bk2r/pq1p2p1/bp4p1/1Np3NP/P3p2P/1P2P3/2PnKP2/R1B5 w - - 0 23,c1d2,white,c1b2,-783,-792,-9
4kbnr/p1q4r/BpP4p/2npP1p1/4Q2P/5NPR/P1PN4/R1BK1r2 w k - 0 25,a6f1,white,a6f1,-439,-429,10
br3r2/2pp2k1/4qp1p/2bnP3/pnP1P2P/1P1Q3N/P2N1PPB/2R1K2R w - - 2 24,d3g3,white,d3g3,150,111,-39
4kbnr/1r2p3/4R1pp/p7/p1P2Pp1/3PP3/1P2K1BP/2BQNR2 w - - 0 23,g2b7,white,g2b7,1044,1072,28
1n2k1n1/rp3r2/2p2bp1/2Ppp2p/5qb1/2RP1P1P/P3P1B1/3Q1KNR w - - 0 22,h3g4,white,h3g4,-486,-476,10
rnb2bnr/3p1pp1/QpP5/p3p3/1B1k4/P4P1B/2P1PK1P/RN4NR w - - 1 20,a6d3,white,a6d3,99999,100000,1
2b2k1r/rp1p3p/p2q3n/nBp1p1p1/4P3/1PN4P/P1P2PPR/R3K1N1 b Q - 3 22,a6b5,black,a5c6,726,701,-25
rnbq1b1r/p2pk1p1/2p4p/3pNp2/P7/4P1PP/1P1P1PQ1/R1BnKB1R b KQ - 1 12,d1e3,black,d1e3,-38,-16,22
rnb1kbnr/1ppp2pp/p7/4pp2/2N1PP2/5NPq/PPPP3P/R1BQKB1R b KQkq - 2 6,h3h5,black,h3h5,-193,-174,19
r1bqkbnr/1ppp2p1/p1n2p2/4p2p/3PNP2/7N/PPP1P1PP/R1BQKBR1 w Qkq - 0 7,d4d5,white,d4d5,109,112,3
2bq1b1r/rpN1p1pp/n2p1nk1/p4p2/PP6/4P1PN/2PP1P1P/R1BQKB1R w KQ - 1 9,h3f4,white,h3f4,234,292,58
r1bqkb2/p1ppppr1/3n2p1/1p1n3p/1PPP4/B4PPP/P1Q1P3/2R1KBNR w Kq - 0 15,c4d5,white,c4d5,-148,-163,-15
rn2kb1r/3b1n1R/p1ppq3/3P2P1/p2P4/1P3p2/5P2/R1BQ1KN1 b kq - 2 21,c6d5,black,e6g4,633,644,11
2bq1k1r/2pp1p2/rp4Qn/p1P1p1Pp/P1N4P/1P2b3/R3P3/3K1BNR b - - 2 23,f7g6,black,f7g6,635,630,-5
rn1k1bnr/p2p1p1p/b5p1/2p1p2q/NpPPPPP1/PP3N2/6KP/R2Q1BBR w - - 0 17,g4h5,white,g4h5,691,679,-12
rn1q2nr/1bQpk2p/p6b/4PP2/1pP3p1/3B4/PP1P2PP/RNBK2NR b - - 0 14,d8c7,black,d8c7,605,626,21
r2k2n1/1pp1pp2/p6r/2Pp3p/P3P1P1/3P1N1B/n2R3P/1N2K1Rq w - - 3 26,g1h1,white,g1h1,330,339,9
1nb1k1nr/rp1ppp1p/p3B1Nb/2p3p1/3P3P/5PP1/qPPBP3/RN1QK1R1 b Qk - 1 11,a2a1,black,a2a1,173,170,-3
3r1knr/pp1bb2p/n6P/1B2pp2/4PRp1/NP1p4/PKQ1NPP1/R1B5 b - - 0 25,d3c2,black,d3c2,292,276,-16
r1bqk1nb/p1p4r/1p1p1ppp/5P2/P1P1p1P1/1P1P2KP/3NQ3/R4BNR b q - 1 21,g6f5,black,g6f5,138,146,8
rnb1kr2/ppqpb1pp/4p3/2p3B1/P2P2nP/1PP2p2/4PP2/1R1QKB1R w K - 3 16,g5e7,white,d1d3,-631,-639,-8
r1bq1bn1/1p1np3/2p1P1k1/p2p1rpp/PPPP4/N4P1P/5NQ1/R1B1KB1R b - - 0 22,d7e5,black,d7e5,-320,-313,7
rn1qkr2/3pn3/p5pb/1pPP1p1p/1P3N1P/P2QK3/N3P1P1/R1B2B1R w q - 1 17,e3f2,white,e3f2,510,520,10
1nbk3r/rp1nppb1/3p2p1/p1p4p/4PPP1/PN5B/1PP1N2P/1RBQK1R1 b - - 5 14,h5g4,black,d7b6,-617,-604,13
1nb2b1r/2pqp3/2Q2p1n/p2p1kPP/2P5/N2P3N/PP1KP2P/1RB2B1R w - - 1 19,e2e4,white,c6d7,815,860,45
r1bq1b1r/p1ppp1pp/n6n/Q4pk1/pP1P4/4P3/2PNNPPP/R1B1KB1R w KQ - 6 10,e2f4,white,e2f4,588,572,-16
rn2k1nr/5ppp/3b4/ppp1pbP1/PP1pP3/5R1P/2PPQ1P1/1NB1KBNR w Kk - 2 13,b4c5,white,e4f5,792,811,19
1r1q1bn1/pppkp1pr/5p2/3pP3/2PP3p/N2bB3/PP1K1P1N/2R2B1R w - - 1 17,f1d3,white,f1d3,-174,-173,1
r7/2Np1k2/b5pr/P2npP1p/2p3PP/bn3P2/R1Q2N2/2B1KBR1 w - - 1 25,f1c4,white,a2a3,767,791,24
r1b1q1nr/p2pkp1p/1pnb2p1/2p1p3/2P3Q1/N4P1N/PP1PP1PP/1RB1KB1R b K - 1 10,e7d8,black,e7d8,140,148,8
3q1r2/rp2n3/pn1p1pkp/2p3Pp/P1P1KPb1/N1B4N/RP2P1BR/8 w - - 4 25,g5f6,white,e4d3,-575,-573,2
rn3q1r/p1p1pkbp/1p3p1n/6p1/P2P2P1/R2P3B/bPQNPP1P/2BK2NR w - - 1 15,a3a2,white,a3a2,563,566,3
r1b1kbr1/pp1n3p/3p2pn/2p1ppq1/P3P3/1PPP1P1N/1B2Q2P/RN2KBR1 b Q - 2 13,g5h4,black,g5h4,112,104,-8
r1b2bnr/ppk1p3/3q4/2pp1p1P/3P3P/N1P2pB1/PP2PP2/n2Q1KR1 b - - 1 20,d6g3,black,d6g3,187,171,-16
1nr2bk1/q4r2/3p1ppp/p1pPpnQ1/p3PB2/RNPB1NPP/1P3P1R/4K3 w - - 0 26,g5g6,white,g5g6,451,440,-11
r2qkbnr/pp1b1pp1/4p2p/n1pp2P1/4P3/N1PP1P2/PP2K2P/R1BQ1BNR b kq - 1 9,h6g5,black,h6g5,260,259,-1
rnb1kbnr/1ppp1ppp/p3p3/4q3/3P2P1/PP5N/2P1PP1P/RNBQKBR1 b Qkq - 0 7,e5a5,black,e5a5,-104,-105,-1
rn1qkb1r/pb1pp1pp/1p6/2p2p2/5Pn1/N1P2N2/PPQPP2P/R1B1KB1R w KQkq - 0 7,c2f5,white,c2f5,-39,-54,-15
rnbq1b1r/Np1pp1pp/5nk1/2p2p2/1P6/B7/P1PPPPPP/2RQKBNR b K - 4 6,a8a7,black,a8a7,343,337,-6
rq2kb1r/2pbnpp1/p1npp2p/1p4B1/N2P4/P1P2NPP/1P2PP2/R2QKB1R w KQkq - 0 10,a4c5,white,a4c5,-389,-371,18
rnb2bnr/pp1kppp1/1q6/2pp3p/PP1P4/6PN/2P1PP1P/RNBQKBR1 w Q - 1 7,b4c5,white,b4c5,258,233,-25
rnbqk3/pBppb3/5p1n/1p2r1pp/1N6/1P2P2P/2PP1PP1/R1B1K1NR w KQq - 2 14,b7a8,white,b7a8,-519,-519,0
rnb1r1n1/3pp2p/p1pP4/5pPk/qPPQ4/1P1KPP1p/7P/R1BN1B1R w - - 0 25,b3a4,white,b3a4,847,875,28
1nbnkb2/r1qpp2r/p1p3p1/1p3p1p/P2P1BP1/R7/1PP1PKBP/1N2Q1NR b - - 4 19,c7f4,black,c7f4,587,599,12
rnbq1b1r/p1p5/1pkppp1p/4P1p1/P1P5/N2P1n2/1P2KPB1/R1BQ2R1 w - - 0 15,g2f3,white,g2f3,-10,-12,-2
r1b3r1/3k1pbp/p1ppp3/1N2PqpP/2pP2P1/5Pn1/P6R/1RBK1BN1 b - - 0 24,f5b1,black,f5b1,765,774,9
rnb1k3/3p1pp1/1pp3r1/4p2p/N1Q5/2n4P/PPqPB1P1/R1B1K1bR w q - 2 19,a4c3,white,h1g1,-266,-330,-64
r1bq1r2/Npp2p1p/2nkp3/1P1P4/2B2NP1/1Q6/PP1P3P/R1B1K2R b KQ - 0 18,d8h4,black,c6d4,-552,-561,-9
r1bq1b1r/p1p1p1kp/6pB/3pnn2/Q1PP4/P4N2/1P2PPPP/RN1K1B1R b - - 10 15,f5h6,black,f5h6,-173,-170,3
1n3knr/1rq4p/p1bp2pb/1pp1p2N/1PP4P/3P1PK1/P1QB2N1/R4B1R b - - 0 24,h6d2,black,h6d2,356,348,-8
1rb1q1nr/pppp1kpp/4pp2/P7/2Pn4/bP1P2P1/3BPPBP/R2QK1NR b KQ - 0 9,a3e7,black,a3e7,266,257,-9
r1b1k3/p1b1nrpp/3p4/1p2ppN1/1RP1P3/2n2B2/P2P1PP1/2B1K1R1 w q - 0 25,d2c3,white,d2c3,55,61,6
1nbqk3/1N1pn1pr/1rp5/p3pp1p/1b4PP/3PPP1N/1PQ1B3/R1BK3R w - - 2 21,b7d8,white,b7d8,499,534,35
rnbqkbr1/2pp2p1/2n1B2p/1p2pp2/pP2PPQ1/P1N4P/2PP2P1/R1B1K1NR w KQq - 4 11,g4g6,white,g4g6,99997,99998,1
r4bnr/1bknp3/pp6/P3p1pp/P1Pp1p1P/3Q2P1/4PP2/RNB1KB1R w KQ - 0 16,a5b6,white,a5b6,445,435,-10
1nb2b1r/3pk1p1/1q6/1Pp1pp2/1p2PPp1/r6N/P2P3P/RNB1KB1R b KQ f3 0 14,a3h3,black,a3h3,648,627,-21
rnb1kbnr/ppp1qp2/3pp1pp/8/2P5/PP5P/2QPPPPR/RNB1KBN1 b Qkq - 0 6,f8g7,black,f8g7,77,103,26
r3qb1r/pb2kpp1/np1p3p/2p1p3/1P1PnK2/B1PBPP1N/P5PP/RNQ4R w - - 0 17,d4e5,white,d4e5,-99994,-99994,0
r1b1kbnr/pppp2pp/n4q2/B3p3/5p2/3P1N1P/PPPNPPP1/R2QKB1R w KQ - 2 9,a5c3,white,a5c3,103,128,25
r2qkbnr/p1p1p1pp/1p1p4/4np2/P2PP3/N1P4R/1PQK1PPP/5bNR w - - 0 14,h3g3,white,d4e5,-459,-472,-13
5bnr/1pqnpppp/r1p1k3/p4b1P/1PPp4/P7/1B1PPPP1/RN1QKBR1 w Q - 3 12,b2d4,white,b2d4,2,3,1
rnb1kb1r/1p1pq2p/pP2p2n/5p2/2p3p1/P1B1PN2/2PPKPPP/RN2QBR1 w q - 2 12,c3h8,white,c3h8,209,200,-9
r1b1kb1r/pp1pp2Q/n1p2p2/6p1/1Pq2P2/K1P3P1/P3PB1n/RN3BNR b - - 0 16,h8h7,black,h8h7,752,784,32
r1b2b1r/pp1pp1pp/4n1k1/5pPn/3PP3/N4B1P/PBQ2P2/3RK1NR w K - 1 16,e4f5,white,e4f5,931,926,-5
r4knr/2p5/4b1pp/np1ppp2/1P4B1/2PP1QP1/P3PP1P/R1B1K1NR b KQ - 0 14,a5b3,black,a5b3,-535,-571,-36
r1b1kbn1/2qp3r/p4p1p/npP3PR/Pp2pP2/1QN3P1/3PPK2/R1B2BN1 b q - 0 23,a5b3,black,a5b3,687,670,-17
1nb2k1r/r1pqn2p/pp5b/3pppN1/1KPP4/5PPP/PP1BP3/RN1Q1B1R w - - 0 14,e2e4,white,b4b3,-238,-250,-12
2k2b1r/1rpb2pn/4q2p/3pQ3/N4p1P/P2PPP1R/2PKB1P1/R5N1 b - - 1 25,e6e5,black,e6e5,839,907,68
1r1qk1nr/p1p2pb1/1pn4p/3bp3/1P1P1p2/2B2NP1/P1P1P2P/RN1K1BQR w - - 0 21,g3f4,white,g3f4,-48,-73,-25
rnb3nr/p1pkp1b1/1p3pp1/3p2Np/PqPP4/5P2/1P1BP1PP/RNQK1B1R w - - 2 11,d2b4,white,d2b4,712,689,-23
r1bq1rk1/pp5p/4p1pn/P1PBnpP1/1b6/N1P4N/1P1KPP1P/1RBQ2R1 b - - 0 15,d8d5,black,d8d5,352,339,-13
4k1nr/1bpn4/rp3pQb/p2Pp2p/1P5P/3P2q1/P1PNBP2/2R1K1NR b k - 0 23,g3g6,black,g3g6,830,822,-8
3q3r/pbp1pnpp/1knr1p2/5PPP/1P2P3/N1P5/P2P3R/1RBK1BN1 w - - 1 23,a3c4,white,a3c4,99994,99995,1
Bnbqnk1r/3pbp1p/p5N1/1p2p1p1/Pp2P1P1/B7/2PP1P1P/RN1QK1R1 b Q - 2 16,h7g6,black,h7g6,101,93,-8
rnb1kb1r/p1pp2pp/4pq2/1p1P1pP1/1P2n3/4BP1B/P1P1P2P/RNQ1K1NR b KQkq - 2 11,f6a1,black,f6a1,262,275,13
rn2k2r/pb1p1pb1/2p1Pnpp/1p5P/5q2/1P2PNP1/P1PPB3/RN1Q1K1R w kq - 3 16,e6f7,white,e6f7,564,577,13
rnbqkbr1/1p2pppp/p6n/2pp4/4P3/P4P2/1PPP1KPP/RNBQ1BNR b q - 1 6,d5e4,black,d5e4,188,172,-16
r3qk1r/pb1npp1p/5b1n/1pppP1p1/3P4/P4PPP/1PPNK3/R1B2BNR b - - 0 14,h6f5,black,f6g7,728,743,15
1nbq3r/rpppkpp1/5n1p/p1b5/P1P1p2P/6P1/1P1PPP2/RNBQKBNR w K - 5 11,b1c3,white,b1c3,-50,-54,-4
q3k1nr/1p2ppb1/1rp4p/p2pP3/2N1b1p1/1P2K2B/P1PP3P/R1B1Q1NR w k - 4 22,c4b6,white,c4b6,27,62,35
rnb1kbnr/ppp3pp/q3p3/3p1p2/3P1BPP/5N1R/1PP1PP2/RN1QKB2 b Qkq - 1 8,a6a1,black,a6a1,339,324,-15
rnb1kbnr/1ppp2pp/p7/4pp2/QqP4P/N7/PB1PPPP1/R3KBNR w KQkq - 0 7,a4b4,white,a4b4,83,94,11
r1bqkb1r/pppppp1p/4n2n/6p1/PP2PP2/7P/2PP2P1/RNBQKBNR b KQkq - 0 6,e6f4,black,g5f4,87,75,-12
rn2kbnr/p4p1p/6p1/1ppP3q/P3p3/4PNPb/RP1P1PBP/1NBQKR2 w kq - 3 10,g2h3,white,g2h3,138,108,-30
rnb3nr/pp1qpkb1/8/1N1p1ppP/7P/PPPP3N/3P1P2/R1B1KBR1 b Q - 2 15,g5g4,black,d7b5,511,565,54
rnb2knr/p2p1p1p/7q/2p5/1pBPP2p/1NP2P2/Rb4pR/3QK1N1 w - - 0 21,e1f2,white,e1f2,-403,-423,-20
r3k1n1/p1pp2p1/n2b3r/Qb2PpNp/1Bp1P2P/1P1P2P1/P7/RN2KR2 b Qq - 0 16,d6b4,black,d6b4,315,314,-1
rnb1kb1r/p1p1pp2/1p1p1npp/3q4/1P4P1/N1K2N2/P1P1PP1P/R1BQ1B1R b kq - 1 10,f6e4,black,d5d1,732,703,-29
1rb1kb1r/pppp1ppp/n4q1n/8/1P1Pp1P1/B1P2Q2/P3PP1P/RN2KBNR b KQk - 3 7,e4f3,black,e4f3,647,646,-1
r2q1b1r/p1pkp1p1/2b1pn1p/1p1B4/PP4PP/2N1P3/R1PPK3/2BQ2NR b - - 0 16,e6d5,black,c6d5,-111,-108,3
rn2kb1r/p1p2ppp/3p1q2/1p1p1PB1/8/P2BP2b/1PP3PP/RN1QK2R b KQkq - 4 10,f6g5,black,f6g5,299,329,30
3r2nr/p1pbp1bk/7p/1P1p1ppq/3n4/1PPPPPPB/3K3P/RNBQ2NR w - - 2 19,e3d4,white,c3d4,402,401,-1
r1b2knr/2pp1p1p/n7/pp1Ppp2/Nb6/2P3P1/PP1QPK1P/R3B1NR b - - 1 12,b4d6,black,b4d6,-258,-258,0
rnbq1b1r/p1pkp2p/6p1/1p4P1/2Bp2n1/8/PPPP1P1P/RNBQK1NR w KQ - 3 9,d1g4,white,d1g4,261,257,-4
1nb3nQ/r3q1p1/p2bP3/1pk3pp/5B2/5PP1/PPK1P2P/2R2B1R w - - 4 26,c2b1,white,c2b1,507,563,56
rn3b1r/p6p/1pp1pk1n/1R1pqb2/P4PpP/B1P5/3PBNR1/1NQ1K3 w - - 4 22,f4e5,white,f4e5,628,620,-8
3qkbnr/4ppp1/1r1pb3/pp5p/1p1P1P2/PP4PP/2PKP3/RN1Q1BNR b k - 0 14,b4a3,black,b4a3,155,149,-6
1rbq1b1r/p1pk3p/1p4p1/3pp3/PP1nPpn1/B6B/2PK1P1P/RN2Q1NR w - - 0 14,h3g4,white,h3g4,105,105,0
r3kbr1/p1nnpp1p/1pppb3/6P1/3P4/2P2KP1/1P1P3P/R1BQ2NR w q - 2 16,f3g2,white,f3g2,241,243,2
rn1k4/4N1r1/ppQ1p1pp/q7/2P4P/b3PP1P/BP1P4/R1B2K1R b - - 1 21,d8e7,black,d8e7,-400,-412,-12
rnb1kbnr/p2pp1pp/1q3p2/2P3B1/1p4P1/5P1P/PPP1P3/RN1QKBNR b KQkq - 0 7,b6c5,black,b6c5,76,69,-7
5r1r/3kp1bp/pp2b1Pn/1N2Pp2/2pp2R1/1PP1P3/P2NKPP1/R1BQ1B2 b - - 2 24,d4d3,black,d4d3,-491,-508,-17
r1b2b1r/1p2kp2/1pPpp3/2p1n2p/7P/2PNP1p1/qN1PKPPR/R1B2B2 w - - 4 21,a1a2,white,a1a2,-467,-465,2
rn2kb1r/p1p1pppp/3p3n/1p6/3P2q1/1PN5/P1PQPPbR/1RB1KBN1 w kq - 0 9,f1g2,white,f1g2,451,447,-4
2rq1rk1/2ppppb1/1p4pB/2n5/p2P1n1N/PPKPP2N/R4P1P/2Q2B1R w - - 0 24,h6g7,white,h6g7,80,83,3
r1bq1k1r/3pb2p/2p1pp1P/p5N1/1n1P3p/N4P2/P2QP1n1/R1BK1B2 w - - 0 26,f1g2,white,f1g2,-446,-469,-23
rn1qkb1r/p1p1p1p1/3p1p1p/1bP3Q1/3P1P2/Np6/PP1P2PP/R1B1KBNR b kq - 0 18,h6g5,black,h6g5,310,316,6
5k1r/2rq2p1/pp6/P1b3p1/3p1PPp/8/1PPPP1R1/2BQKB2 w - - 0 26,e2e4,white,e2e4,-252,-255,-3
rnbk2n1/p1qp3r/1pp1pp2/1P4Bp/4PP1P/b1NP1NPB/P1P5/1R1QK2R b K - 0 12,h7g7,black,a7a6,-156,-161,-5
r1b1kbnr/2pp1ppp/p1n1q3/4p3/R1N3P1/5P1P/1PPPP1B1/2BQK1NR w Kkq - 1 11,e2e4,white,e2e4,46,63,17
rnb1k2r/pp1p1p1p/1qp2npb/4p1P1/8/4P2P/PPPPNP2/RNBQKB1R b KQkq - 0 7,h6g5,black,h6g5,172,158,-14
1r2k1nr/1p1npp1p/5bp1/2N1PbP1/1pp4P/P2P4/R1P2KP1/2B2BNR w k - 1 21,c5d7,white,c5d7,459,462,3
2r1kbnr/p2b4/n2qp1pp/Ppp2p2/2pP3P/1QN2R2/1P1KPPP1/2B2BNR b k - 3 17,c4b3,black,c4b3,815,775,-40
r1b2bnr/1p1p2p1/n3pp1p/pk4q1/1P1p4/P3P2P/R1P1K1B1/1NB3NR b - - 1 23,g5g2,black,g5g2,949,985,36
1n1k2nr/4p2p/2p4b/r1PpPpp1/Pq3P2/3P2PN/3K2QP/R6R w - - 3 21,d2d1,white,d2d1,-520,-462,58
1n2kb1r/r3np1p/2b3p1/1P1p2P1/pP1PQp2/2N1P1q1/1B1K1P1P/1R3B1R w k - 5 22,h2g3,white,h2g3,310,324,14
4k1nr/pB1pqpbp/8/1p4p1/NP2PpPP/3P4/PBPKQR2/5RN1 w - - 4 23,b2g7,white,c2c3,743,714,-29
r1bqkbnr/1ppp1ppp/p2P4/4p3/2n2N2/P4PP1/1PPBP2P/RN1QKB1R b KQkq - 2 9,e5f4,black,e5f4,322,285,-37
r1b2knr/1pp1b2p/p2p2q1/PQ2p2p/1P3Pp1/2P1Nn2/R2BPK2/5BNR w - - 2 18,b5d3,white,b5c4,-410,-437,-27
2bqk2r/rppp3Q/p1n2ppB/2P1b3/4p1n1/3P2PP/PP2PPB1/RN1KN2R b k - 4 12,g4f2,black,g4f2,723,729,6
2bq1br1/1r1pknpp/1p6/p3p3/2PpB3/N2KP1pP/P4P2/RQB3NR w - - 0 20,f2g3,white,e4d5,195,190,-5
3qkb1r/rp1b3p/p2p1pp1/2p1pB1P/2n2PP1/1P2Pn2/P2PQ1K1/RNB4R w k - 2 22,f5d7,white,f5d7,156,147,-9
1rq2b1r/2p2QNp/1p1kb3/p2p4/1P4B1/3PP1K1/2PB2PP/RN5R b - - 2 21,e6f7,black,e6f7,-299,-320,-21
1r1qkbnr/pppbpppp/3p4/n7/5P2/1PNP1NP1/P1P1P2P/R1BQKB1R b KQk - 0 6,g7g6,black,g7g6,-86,-91,-5
rnb1k1nr/ppppb1p1/4p3/1B3P1p/3P2P1/2Nq4/PPPN1P2/R1BQKR2 w Qq - 4 12,b5d3,white,b5d3,719,704,-15
1qb1kb2/pr3pr1/1pp1p3/3p4/4PpPp/NPP2Q2/n2P3R/1RB1K1NB w - - 2 23,c1b2,white,c1b2,125,114,-11
2bk1bn1/r2n4/1q2pp2/p1pr1Pp1/PP1P2Pp/R1BQP3/2PN1K1P/6NR w - - 2 22,b4c5,white,b4b5,-316,-360,-44
r4k1r/1bp2pp1/pp1ppn2/4P2p/PnP1P3/1P4NP/1B1P1K1P/RNQ2B1R w - - 2 18,e5f6,white,e5f6,841,810,-31
1r1qkbnr/7p/3pp1p1/6P1/p4P2/1NnP4/PR5P/2B1KBNR b k - 1 22,a4b3,black,a4b3,687,659,-28
r1b1k2r/ppppbppp/n3p2n/2B5/8/P2PP1PP/1qP2P2/RN1QKBNR b KQkq - 0 7,a6c5,black,a6c5,472,493,21
r1bk1bnr/1ppn1Qp1/3p2B1/pP2p2p/2P2P1q/4P3/P2P3P/RNB1KRN1 w Q - 1 13,e1e2,white,e1e2,43,45,2
2b1kb1r/rp1nn3/1Qp4p/p2PPp2/P3PqPp/7N/1P3P1P/RN2KB1R b KQk - 2 15,f4c1,black,f4c1,798,836,38
rnb1k2r/ppppq1b1/4ppp1/6Bp/3P2n1/1P1Q1P2/P1PKP1PP/RN3BNR b kq - 3 9,f6g5,black,g4f2,258,275,17
2rqk1nr/1b1p3p/p1BQpb2/5p2/P3P1Pp/BnP4N/R2PKP2/1N5R b - - 1 23,d7c6,black,d7c6,-201,-202,-1
2q1r3/rppbkp1Q/4p2n/pNPp3P/P2P2p1/4PP1R/2nKB1P1/R1B3b1 b - - 4 21,d7b5,black,d7b5,330,320,-10
1n3k1r/3qb1pp/rp2p2n/p2Q1p2/P6P/2P1P1PR/1P1P1P2/RNB1K1N1 w Q - 4 15,d5d7,white,d5d7,313,307,-6
rnq1bbn1/5k1r/p1p3pp/2Pp1p2/2Q2PP1/N7/PP1NK2P/1RB2B1R b - - 2 21,d5c4,black,d5c4,578,597,19
rn1qkbr1/1bp1pp1p/pp3n2/3p4/PPPP1Pp1/8/4P1PP/RNBQKBNR b KQq - 0 9,d5c4,black,d5c4,362,366,4
r1b1k3/2np3p/1prb4/1Qp3p1/3NP2P/2P2K2/RPqP1P1P/2B4R w - - 0 24,d4c2,white,d4c2,337,349,12
3rkr2/p1pp1nbp/b1n5/1p1Npp1p/2P3q1/1P1PPB2/P1KB1P1P/RN5R b - - 8 16,g4f3,black,g4f3,597,581,-16
rnbqkbnr/p2p1ppp/1p2p3/2p5/4PPP1/P7/1PPP2BP/RNBQK1NR b KQkq - 0 6,d8h4,black,d8h4,66,65,-1
r1bk1bn1/pp1p1ppr/n1p4p/4p3/1QPP4/4PP1N/PP1N1qPP/R1BK1B1R w - - 7 10,b4f8,white,b4f8,1024,1033,9
r1bqkB1r/2p1pp1p/np1p2p1/p7/2PP4/1P2PQ1P/P4PP1/RN2KBNR w KQkq - 1 10,f8g7,white,f3a8,658,616,-42
2r1kbnr/n1p1p3/5ppp/p3P3/P1pP1P2/q7/1RPK2PP/1NB1R1N1 w k - 1 23,b1a3,white,b1a3,206,215,9
3r2nr/1p2k2p/p4ppb/1N2p1Nb/PPpqB3/2P2P1P/1R1P2P1/2B1K1QR w K - 1 26,c3d4,white,b5d4,708,711,3
1nbqkbnr/r1ppppp1/8/pp4Bp/P2P1P2/3Q4/1PP1PKPP/RN3BNR w - - 0 8,a4b5,white,a4b5,213,210,-3
5bnr/2rqpk2/ppn4p/2pp1pp1/3PP1PP/PP3P1N/1NPK3Q/R1B4R b - - 1 22,c6d4,black,c6d4,321,350,29
r3kr2/7p/3p1ppn/PpNPpbP1/2p5/b2BP3/PB1P4/RN1KR3 b - - 1 22,a3b2,black,a3b2,425,410,-15
rnb3n1/2pk1pr1/3q3p/3pp1p1/ppP2PPP/NP1Pb3/P3Q1BN/1RB1K2R w K - 1 22,a3b5,white,c1e3,282,263,-19
r1b2b2/2p1pp1r/p1qp3p/1p1B2pk/N6P/1PB1P2R/P1P1N1P1/1R1QK3 b - - 4 22,c6c3,black,c6c3,-902,-901,1
r3kb1r/pbp1ppp1/np1q1n1p/3p4/P4P1K/7P/1PPPP1P1/RNBQ1BNR w kq - 0 8,d2d3,white,d2d3,-423,-416,7
r1bq1k2/p1Brb3/3ppppn/P2pn3/2N1P2p/2p1Q2P/1PK2PP1/R4BNR w - - 0 21,c7d8,white,c7d8,433,477,44
2bq2nr/r1nk4/8/1p2pppp/2Pp4/PP1BPPPN/2QP1K1P/3R2R1 w - - 0 22,d3f5,white,c4b5,136,134,-2
rnbq1kr1/p1p2p1p/1p4pP/3p4/1b2p3/N1P4P/P2PPP2/RQBK1BNR w - - 0 12,c3b4,white,c3b4,412,435,23
rnbqn3/ppp1kpp1/2pbp2r/2P4p/P7/2N1PP1P/1P1PK1P1/R1B2BNR b - - 0 10,d6c5,black,d6c5,747,742,-5
r1bq1bkr/p1ppp2p/1p4p1/2n2pB1/1P4n1/3P1PPN/P1PNP2P/R2Q1BKR b - - 0 10,c5e6,black,c5e6,-16,-29,-13
rnb1kb1r/2qp1p2/4pP2/pppB3p/6PP/P1P5/1P1PPK2/RNBQ2NR w kq - 0 11,d5a8,white,d5a8,371,364,-7
r1bqkb1r/p1p1n3/n3p2p/3pNpp1/1pP4P/4PQ2/PP1P1PPR/RNB1KB2 w Qkq - 2 11,f3h5,white,f3h5,824,840,16
rn4nr/p1k1b2p/1pp3p1/1PPp2B1/P2p1pP1/q4P1B/3PP3/RN3KNR w - - 2 22,g5f4,white,g5f4,412,396,-16
rn1qkbnr/p1p1pp1p/1p1p2p1/4N3/8/P3P1P1/1PPPbP1P/RNBQKB1R w KQkq - 2 6,d1e2,white,d1e2,163,159,-4
r1b2k1b/1p1n4/3q3r/pNBPR1p1/2P3Bp/1P6/P2P1PPN/R2K4 b - - 0 25,d6c5,black,d6c5,578,541,-37
rnb1q2r/1Bpp2pp/p2b2kn/8/4Pp2/N2P2P1/P3NP1P/q1B1K1R1 w - - 1 18,a3c2,white,b7d5,-766,-823,-57
rnb1kbnr/p1qppp2/7p/1Bp3p1/3P3P/4P3/PPP2PP1/RNBQ1KNR b kq - 0 6,f8g7,black,a7a6,-192,-207,-15
r1b1k2r/3p1p1p/pp1b2pn/q1pBp3/4P1P1/P6P/R1PPKP2/1NBQ2NR b kq - 0 12,a5b5,black,a5b5,-494,-476,18
rnbk2nr/2p5/1p6/p3qp1p/1bP1Pp1P/5N2/NP1B1PP1/R3K2R w - - 0 22,f3e5,white,f3e5,-332,-363,-31
2b1kbr1/rpppn1pp/p4p1n/4p1q1/P5P1/1PN2P2/2PPP2P/R1BQKBNR w K - 0 13,h2h4,white,h2h4,201,185,-16
r1b1n2k/pppp2r1/Qbn5/5p1p/1P1P1P2/P5PP/2PK4/RNB2BR1 w - - 0 23,a6e2,white,a6e2,473,445,-28
3qkb1r/r1pnp3/3p2p1/p4P2/3PPp2/P1Q4R/1PP2P2/RN1K1bN1 b k - 2 17,f1h3,black,f1h3,376,383,7
rnbqkb1r/1pp1p2p/p2p2pn/4Q3/1P1P4/P1P1P3/5PPP/RNB1KBNR b KQkq - 1 8,d6e5,black,d6e5,603,595,-8
rn1q3b/p2pk3/6p1/1pp1pP1r/Q1P4p/3P1N2/P2BBPPP/3KNRR1 w - - 1 24,c4b5,white,c4b5,655,644,-11
rnq1k2r/pb1p3p/2p1pBp1/5p2/1QPP3P/4P2R/P2KNPP1/RN3B2 w q - 1 18,b4e7,white,b4e7,99999,100000,1
1n2bbnr/r1k1p2p/p2p1p2/qPp3p1/2PB1P2/4PNP1/1P1Q1K1P/1RN2B1R w - - 3 21,d2a5,white,d2a5,759,748,-11
rnq1kbr1/p3pppp/b1pp4/1p4Q1/6n1/2P4N/PP1PPPRP/RNB1KB2 w Qq - 0 11,g5g4,white,g5g4,320,324,4
rn1qkb1r/1b1pp3/2p4p/5pRP/p1NPPPn1/1PN5/2P3P1/R1BQK3 w Qkq - 0 17,g5g4,white,g5g4,114,120,6
r1bqkb2/ppp1p1pr/n7/3P4/P4p1p/N3n2N/1P1P1PPP/RQB1KB1R b KQq - 0 11,c8f5,black,c8f5,144,132,-12
2b1kn1r/1pb2p2/4pqBp/3p4/1BpPPPP1/2P4N/P6R/1R1K4 b k - 0 24,f6g6,black,f6g6,629,574,-55
r1q2b2/p1p2k1n/n1bpp1pr/2P4p/1p1P1P1P/PP2P3/1B1KN1P1/RQ3B1R b - - 4 18,d6c5,black,h7f6,288,277,-11
1n1qkb1r/r1p3p1/3p2N1/pp3pPp/P3b2P/RP2P3/2PP1P2/1NBQKB1R w Kk - 0 16,h1h3,white,f2f3,671,672,1
rn1qkbnr/2p1p1Bp/pp3p2/3p1b2/3PP3/1P4N1/P1P2PPP/R2QKBNR b KQk - 0 8,f5g6,black,f5g6,-432,-442,-10
2rqkbnr/5N1p/2pp4/pp1p4/P2nb2P/R2P4/1PP1PPPR/2BQKB2 b k - 5 18,e8f7,black,e8f7,57,43,-14
r1bqkb1r/pp1ppppp/8/3p4/5PPn/3nP2N/PPPP4/RNBQ1K1R w kq - 0 9,c2d3,white,c2d3,-199,-216,-17
r1b1kbnr/pp1ppppp/2n5/1N6/2pP2PP/2P1B3/PP2PP2/R2QKBNR b KQkq - 0 8,a8b8,black,g8f6,-757,-757,0
r1bqkb1r/pppp2pp/4p2n/5p2/2B1PP2/8/PPnPN1PP/RNBQ1K1R b kq - 1 7,c2a1,black,c2a1,423,427,4
r2qkb2/1p1bnp1r/p4n1p/B1P1p1p1/2P1P3/P6P/1P3PP1/RN2KBNR b KQq - 0 11,d8a5,black,d8a5,735,765,30
rnb1kb1r/1p1ppp1p/p1p3pn/q7/1P4P1/B7/P1PPPP1P/RN1QKBNR w KQkq - 2 6,b4a5,white,b4a5,624,636,12
r1bq1b2/p2kpp1r/n1p2np1/2p4p/p7/PP1P1NPP/2B1PP2/R1BK2NR w - - 1 18,f3e5,white,f3e5,-632,-652,-20
r1bk1bnr/nppqpp2/B7/p2p1Qp1/1P6/2N1P2N/P1PP1PPP/R1B1K2R b KQ - 1 15,d7f5,black,d7f5,647,642,-5
2b2br1/2kppp2/5n1p/1P4p1/1n3PP1/N6P/PP1PP3/R1B1KBNR b KQ - 0 12,c8b7,black,c8b7,-529,-527,2
rnb1kbr1/p3n3/2q2pp1/1p1p3p/PPBP2P1/2B2P1P/2P3KR/1N1Q1RN1 b - - 4 23,c6c4,black,c6c4,302,294,-8
rn1qkb1r/pp1b2p1/5n1B/1NPppp1p/4P3/6P1/PPP1NP1P/R2QKB1R b KQkq - 1 8,h8h6,black,h8h6,461,469,8
1r1qk2r/np1bn2p/2pp3b/1p2pPp1/5NP1/P1PP3P/1P3P2/RNBQK2R w - - 0 19,f4h5,white,f4h5,-106,-103,3
rn1k2nr/p2b4/P7/1Pp1ppbp/3pPBp1/3P1PP1/1P2KNP1/R3QBR1 b - - 1 23,e5f4,black,e5f4,-345,-370,-25
r1b1k1n1/1p1pqp2/p1n1p1pr/2p3bP/1PP1P3/N2P1P1P/P2B2B1/R2QK1NR b KQq - 0 11,d7d5,black,c6b4,184,186,2
rnbq1b1r/1p1ppk1p/p1p2np1/5p2/4PN2/2N5/PPPP1PPP/R1BQKBR1 w Q - 0 7,e4f5,white,e4f5,172,182,10
r1k3nr/1pp2ppp/p1n3b1/1PbBq3/P1P4P/6P1/1B2NP2/RN3RK1 b - - 4 21,e5b2,black,e5b2,627,635,8
2bq1bnr/1r1nk3/1p4QB/p1p1p3/3Pp2P/P1P2PPN/RP4B1/1N3R1K b - - 0 25,f8h6,black,f8h6,123,145,22
2b1q1n1/1rpp1kb1/2PQ1p1r/pp2pNpp/4P2P/P7/1PP2PP1/2BRKBNR w K - 4 19,c6b7,white,c6b7,907,896,-11
1n2k2r/R2pn1b1/7p/1b4p1/qP3Qp1/B4P1N/2P2RBP/1N4K1 b k - 3 23,a4a7,black,a4a7,218,198,-20
rn2kbn1/6pr/p1pp2qp/1p3p2/1P1P1PP1/2N1P3/b1PK3P/R1BQ1BR1 w q - 0 16,f1d3,white,f1d3,109,117,8
1nb1kbnr/rppp1p2/p5p1/4p1qP/1P3P2/7P/PBPPP3/RN1QKBNR b KQk - 2 7,g5g3,black,g5h4,99999,100000,1
r2qkbnr/ppp1p1pp/3p4/n4p2/2P5/1P5b/PB1PPPPP/RN1QKB1R w KQkq - 0 6,g2h3,white,g2h3,29,28,-1
1rb3r1/BP1kpp2/n2q3P/3Pn3/3Q1N2/1P3KP1/P3P2P/bN3B1R w - - 1 25,d4e5,white,d4e5,-264,-257,7
rn1q1bn1/1b1ppkp1/2p4r/pp5p/2PP2P1/P4P1N/1P1BP2P/RN2KB1R b KQ - 1 11,e7e5,black,e7e6,548,530,-18
rn2k1nr/2pq3p/p4ppb/p2pp3/P3P1b1/1PP2N2/RB1PRP1P/1N1Q2K1 w kq - 6 18,e4d5,white,e2e1,-565,-613,-48
rnb1k1nr/p1pp1p1p/2q1p3/1p4p1/4P1Q1/b2P3P/1PPNKPP1/R1B2BNR b kq - 0 10,h7h5,black,h7h5,74,80,6
r1bq1knr/3p3p/1pp5/p1bn1pP1/P1PPp1P1/4PN1P/RP4Q1/1NB1KR1B w - - 2 19,d4c5,white,d4c5,402,386,-16
r1bqkb1r/pppppppp/5n2/6B1/2P5/3P4/PnQ1PPPP/R2NKBNR b KQkq - 3 6,b2d1,black,b2d1,117,114,-3
r1b1k2r/p1pp1ppp/1p2p2n/P1b5/2R5/3P1PP1/1P1PP1B1/1NBQK2R w Kkq - 0 11,d3d4,white,d3d4,610,603,-7
rnbqk1nr/1p2b2p/p4pp1/2p2N2/8/1P2pBP1/P2PPP1P/RNBQ1K1R b kq - 3 12,c8f5,black,c8f5,387,366,-21
1nbk1b1r/rpppqp1p/pN3n2/4p1pQ/8/3BP2P/PPPP1PP1/R1B1K1NR b KQ - 2 9,f6h5,black,f6h5,711,691,-20
r1bqkbnr/pp1np2p/2pp1pp1/8/P1B5/N3PN2/1PPPKPPP/R1BQ2R1 b kq - 1 8,d6d5,black,d6d5,91,82,-9
rnq2r2/2pk4/p3pp2/3pn1bp/1p3pQ1/3P1N1P/PPPN1PB1/1RB1KR2 w - - 2 25,f3e5,white,f3e5,365,376,11
1n2k1nr/6pp/2pp1p1P/rpP1pq2/pP1PP3/N4P1P/P3K3/1RQ2BN1 w k - 1 19,e4f5,white,e4f5,676,680,4
q4b1r/pr2kp2/3pN1p1/1p1Pn2p/2QpP3/BP3P2/P3b1PP/R3K1R1 b - - 2 24,e2c4,black,e2c4,698,714,16
r1b3r1/pnpk1pb1/np2q1p1/3B2Pp/1PPPPP2/B7/P1QNNK1P/R2R4 b - - 0 22,e6h3,black,e6h3,-467,-542,-75
r1q1k1n1/2p1p1br/4PP1p/Np4p1/1Pp4P/Pn6/3PNP2/R1BQKB1R w KQ - 0 20,a5b3,white,a5b3,583,620,37
r3kb1r/1p1nqppp/2pp1n2/Q3pb2/4P1P1/5N2/PPPP1P1P/RNBK1B1R b kq - 0 9,a8a5,black,a8a5,583,569,-14
1n1q1b1r/2p2p2/1pk2rpn/Q2pP1p1/P7/1P2PPPB/2P4P/RNB1K2R w - - 1 21,a5a8,white,a5a8,99998,99999,1
4kbnr/p1qp1npp/b1r1p3/1p3p2/1p1PBQ2/B3P3/P1PK1PPP/RN4NR b k - 1 14,f5e4,black,f5e4,620,574,-46
rnbqkbnr/3ppp2/ppp4p/6pP/2P5/8/PP1PPPP1/RNBQKBNR w KQkq - 0 6,d2d4,white,g1f3,-44,-34,10
rn1qkbnr/ppp4p/3pp1p1/5p2/6bP/PP3PPN/2PPP3/RNBQKB1R b KQkq - 1 6,g4h3,black,g4h3,37,45,8
r1bqkbnr/1pp1n3/p2p4/5p2/P1B2p1P/8/NPPP2P1/RNBQ1KR1 b - - 9 21,d6d5,black,g8f6,234,242,8
rnb2kr1/bp1p2p1/B3p2n/4N2p/P2P3P/1pPqpP2/RB6/1N2KR2 w - - 0 24,a6d3,white,a6d3,-467,-492,-25
rn1q3r/2p1pkbp/pp1pbn2/5pp1/2P4Q/3BP3/PP1P1PPP/RNBK2NR w - - 6 12,h4g5,white,h4g5,8,25,17
2bq2r1/2p2kp1/n3pr2/Pp1p1p1p/4PPnP/b6N/RPPPK1PR/1NB5 w - - 2 18,b1a3,white,h3g5,-787,-788,-1
2b1k1nr/qp2p2p/2p3pb/r2p1p1P/p1NP1P2/PQP5/4P1PR/R1B1KBN1 b k - 2 16,a4b3,black,a4b3,575,544,-31
1r3bnr/pp1kpp1p/n3b3/2ppqP2/P2PN2P/4K1pR/1PPQP1P1/R1B2B2 w - - 2 14,d4e5,white,d4e5,441,468,27
r2qk2r/p2nppbp/b7/PpppP2n/3P2Q1/2PB1N2/1P2KPPP/RNB2R2 b kq - 1 11,d8c8,black,d8c8,-378,-373,5
Nr3bn1/ppp1kp1r/4n2p/3q2p1/P1P1p3/1R1N3P/1P1PPPR1/2BQKB2 b - - 2 17,d5d6,black,d5d8,-98,-117,-19
bn3b1r/4k1p1/1p1p1p2/rNpPp1Pp/1PP5/2B2P2/R2P2P1/1B2K1NR w - - 8 21,b4a5,white,b4a5,865,854,-11
rn2kbr1/1b1p1p2/6p1/p3Pn2/ppPP2P1/4Bq2/N1R1P1BP/3Q1KNR w - - 4 20,g1f3,white,g1f3,-232,-216,16
1nb2k2/2rq1prp/2p5/1p1pp1p1/Pb2P1PP/1P4P1/2BP4/R2QK1NR b K - 2 22,d7g4,black,d5e4,466,452,-14
r2qkbn1/p1ppp1p1/n7/1NP2pr1/5P1p/1p1PQ2P/PP2P3/R1B2KNR b q - 5 20,g5g3,black,g5g3,77,96,19
rn2k2r/pbn2p1p/pqp3N1/5P2/1b1pP3/2N4P/PPPP2P1/1RB1QRK1 w kq - 3 16,c3a4,white,c3a4,340,349,9
rn2k1q1/p5p1/3P1n1r/1pp1pp2/3P3P/3K1N2/PPP2PP1/1R2NB1R b - - 5 21,g8a2,black,e5d4,585,586,1
r3kbr1/ppp3pp/2P1pp2/6N1/1P1pP1n1/N2P2P1/Pn2KPbP/1RB1Q1R1 b - - 2 19,f6g5,black,b2d3,-589,-595,-6
rn1qkb1r/1b1p3p/ppp2p2/4p1pP/Q1PPP1n1/1PN2PP1/P3N3/R1B1KB1R b Qq - 1 14,b6b5,black,b6b5,307,309,2
rnbk1b1r/p1pp1ppp/4p2n/Pp5B/2q5/1PP1P3/1B1P1P1P/RN1QK1NR b KQ - 4 16,c4c6,black,c4c6,70,86,16
rnbnk2r/3p2Bp/p1pbp1p1/1P6/P7/1P4Q1/R2P1PP1/1N3K1R b q - 6 21,d6g3,black,d6g3,136,129,-7
1rbqk1nr/1pnp3p/p4p2/2Q1p1p1/P3KPP1/2P5/RP2P1BP/1N4bR b - - 1 22,d7d5,black,d7d5,1046,1010,-36
r1b1kb1r/1p3p2/n1qpp2B/p6p/2PPN1pP/PP3P2/R3PKP1/3Q1B1R w - - 0 17,e4f6,white,e4f6,300,336,36
rnb1kbnr/pp2p1p1/3q3p/P1pp4/6p1/4P1N1/1PPP1P1P/R1BQKBNR b KQkq - 0 7,g8f6,black,h6h5,155,152,-3
rnbk2nr/p1p4p/3pp3/1p4P1/2P1PpP1/5K2/PP3P1R/RNB2BN1 b - - 2 17,e6e5,black,b8c6,-441,-456,-15
rnbqk1n1/p1p1ppbr/1p1p3p/8/1PP2PP1/P2P4/3BP1P1/RN1QKBNR b KQq - 0 10,g7a1,black,g7a1,263,267,4
r1bqkb1r/pp1npp1p/2p3p1/6N1/P2pnP2/2N1P1PP/1PPP4/R1BQKB1R w KQkq - 1 11,c3e4,white,c3e4,455,439,-16
rnbqkbnr/pp1ppp1p/6p1/2p3P1/3P4/N4P2/PPPBP2P/R2QKBNR b KQkq - 0 7,c5d4,black,c5d4,98,103,5
rn2k1nr/1p3pp1/p2q4/3Pp2p/PbQ3bP/5P1N/3N1K1R/R1B4B w q - 2 26,d2e4,white,d2e4,239,328,89
4k2r/r1pnbp2/6p1/p2p1nPp/PP2Bp1P/Qq1P3b/2PBP3/2R1K1NR w k - 4 26,a3b3,white,a3b3,422,433,11
1rbqkb2/N1p1pprp/6p1/3pn3/1p1P1PPn/PBK1P3/2PQN3/R1B4R w - - 0 19,a3b4,white,a3b4,154,151,-3
rnb1k1nr/ppqp1ppp/2p1p1P1/8/P7/1Pb1P2P/2PP1P2/RNBQKBNR b KQkq - 0 7,c3a1,black,c3a1,298,302,4
rn1q4/1bpp1kr1/5Ppn/pp4Pp/1P1P2p1/P6N/R1P1N1B1/2BQK1R1 b - - 0 22,b7g2,black,b7g2,-293,-283,10
rnb1kbn1/pp1pppp1/2p4r/7p/P1P1P3/1q6/1P1P1PPP/RNBQKBNR w KQq - 1 7,d1b3,white,d1b3,662,701,39
rn2bknr/p4p2/5b1p/P1PPB2P/2p4R/N2BPp2/P5P1/2R1K1N1 b - - 2 23,f6e5,black,f6h4,165,142,-23
r1b1kr2/pp1n1p1p/1P1Qp2b/3pP1p1/4P1n1/P1N5/1BPP2P1/R2NKB1R w KQq - 3 20,e4d5,white,c3d5,770,765,-5
r1b1kb1r/1ppp3p/p1n3pn/4p3/4p2Q/PPN3P1/2PPNP1P/R1B1KB1R b KQkq - 0 9,f8g7,black,b7b5,-571,-654,-83
rnbqkb2/1ppp2pr/p4p1n/P3pP2/1P5p/5N2/2PPP1PP/RNBQKB1R w Kq - 2 10,e2e4,white,f3h4,30,32,2
rnbk3r/2p2p2/pp1pp3/5p1P/2P5/PQ3P2/1P1P1bP1/1RB1KBNR w - - 2 20,e1f2,white,e1f2,825,824,-1
rn1q1knr/2pp3p/b3p3/pP4b1/1PP4p/N4P2/3PP1P1/R1BQKB1R b K - 0 14,a5b4,black,g5f6,117,102,-15
r1b1k1nr/2qp1pp1/n1p1p2p/ppb5/QPP5/2N1P1PP/P2P1PB1/R1B1K1NR w KQkq - 0 11,c4b5,white,a4d1,-82,-72,10
rn1qk1nr/p2bppbp/P1pp4/R7/1p3p1P/3N4/1PPPPKPR/1NBQ1B2 w kq - 1 13,a5g5,white,a5g5,-259,-265,-6
1rb1qb2/pp1pn1pr/5k1p/2p5/PR3pP1/1P1P1P2/2P2P1P/1NB1KB1R w K - 0 16,b4f4,white,b4f4,-488,-448,40
r1b1kbn1/pp1qpp2/3p2pr/3p3p/1n6/2PP1BP1/PP2PP1P/R1BQ1KNR w q - 0 10,c1h6,white,c1h6,25,-4,-29
rnbq1knr/ppp2pp1/3pp3/b6p/3P4/1P5P/PRPQPPP1/2B1KBNR w K - 0 8,d2a5,white,d2a5,67,59,-8
1nbq1rk1/r1p1bnpp/p2pp3/1pP5/8/3QP3/PP1PNPPP/RNB1K2R w KQ - 0 13,c5d6,white,c5d6,-549,-508,41
rnb1kbnr/p3p1pp/1p6/2ppqp2/4PP2/N1P3P1/PP1P2BP/R1BQ1KNR w kq - 2 8,f4e5,white,f4e5,672,644,-28
rnbqkbnr/2pppp1p/8/pp1N2p1/8/5P1P/PPPPP1PR/R1BQKBN1 w Qkq - 0 6,h2h1,white,h2h1,-76,-81,-5
rn4n1/1b2kpp1/p1p1p3/1p1p4/1bPP1P1q/4P1Pr/P1K2QR1/RNB2B2 w - - 0 24,g3h4,white,g3h4,392,399,7
rn5r/p2kbppp/1q1ppn2/2pb4/P2P2PP/1P2PP2/1RPQ1KB1/2B3NR b - - 0 18,c5d4,black,d5b7,271,263,-8
1n3b1r/r1p2k1p/4p2n/pp6/1PP1bpp1/B1N5/P2RKPBP/4Q2R w - - 0 21,c3e4,white,c3e4,609,573,-36
r3kbnr/ppp2pp1/n4q2/3pp2p/1PP2PbP/B2P4/P2NP1P1/RN1QKB1R b KQkq - 2 9,e5f4,black,e5e4,315,358,43
2b3nr/1r2p1b1/pq1pk1p1/1p1Np2p/2p2P1P/3PQ1P1/P1n1PK2/R4BNR b - - 1 22,c2e3,black,c2e3,766,753,-13
rnb3kr/1p1p3p/p1p3p1/Q4B1P/P4N2/1P2b1P1/1KP5/R1B2N1q w - - 0 26,a5d8,white,a5d8,812,1211,399
r1b1kb1r/4q3/pn1pn3/2p1p1pp/1BP2p2/1P1PPN1P/P1R1NPP1/Q2K1B1R w kq - 2 20,b4a5,white,b4a5,120,105,-15
r1bk1b1B/1p1p1p2/pqn3p1/2p1p3/6P1/PP5P/R1nPPK2/1N2QBNR w - - 0 19,a2c2,white,a2c2,414,430,16
1nbq1bkr/rppp3p/7n/p3ppp1/5PP1/2NP3N/PPPQP2P/R1B1KB1R w KQ - 3 12,h3g5,white,h3g5,331,324,-7
1rbqk2r/ppnpp2p/5pp1/6b1/5PK1/4P1PP/PPPPQ3/1RB2BNR b k - 0 13,b7b5,black,b7b5,23,4,-19
1nb1k1r1/2B3pp/3r2qn/p2p1p2/P2Pp2N/1P1R3P/Q1P1PPBR/2b1K3 w - - 2 23,h4g6,white,h4g6,414,389,-25
r1b2bnr/3q1k2/n1p1pppp/pp1p4/P3PP2/3P1NPP/1PP1K3/R1BQ1BNR b - - 1 12,d5e4,black,d5e4,70,82,12
r1b2knr/2q1p1b1/1p1pp1pp/p2Q2P1/1Pp5/P1N1Pn2/2P2N1P/R1B2K1R w - - 1 19,d5f3,white,d5f3,-215,-215,0
rnb1kb1r/5p2/1p1p3p/P1p1p1p1/2B1PnPq/1P5N/R1PP1P1P/1NBQ1RK1 w q - 0 16,h3f4,white,h3f4,-81,-63,18
rn2k1nr/pp2pp2/3pb2b/2P2Pp1/2P2PBp/1P6/P5PP/RNBQK1NR w KQkq - 3 11,f5e6,white,f5e6,845,885,40
2rqkr2/pb1pb1p1/n3np2/1BQ4p/PP5P/2P4N/R2P1PP1/1NB1K2R w K - 6 18,c5h5,white,c5h5,326,378,52
1r2kbrR/pppqppp1/n5Q1/3p1b2/PP3N2/4n3/2PP1P2/RNB1K3 w - - 6 14,d2e3,white,g6h5,-689,-695,-6
r1bq1b1r/pppkp2p/n7/2np1p2/P4Pp1/1PP1P3/1NN1KQPP/R1B2BR1 b - - 2 15,f8g7,black,f8g7,342,320,-22
rn1k1bnr/p2b2p1/3N1p1p/Ppp5/2Np1pPP/BP1PP3/R1P1K3/3Q1B1R w - - 3 21,e2e1,white,e2e1,591,572,-19
3qnb2/2ppkpp1/B1n1Nr2/2P1p2p/4P1P1/Prp5/R2P1P1P/1N2K2R b K - 0 19,b3b1,black,b3b1,877,877,0
rnb1kbnr/1ppp1p1p/4pq2/p5p1/P1B3QP/4P3/1PPP1PP1/RNB1K1NR w KQkq - 5 7,h4g5,white,h4g5,169,178,9
rnbqkbn1/2pppp2/p5pr/1p5p/3P4/P1N2N2/1PP1PPPP/R1BQKB1R b KQq - 0 6,h6h8,black,h6h8,-147,-133,14
1r3bqr/1p3kpp/2p2p2/pP2n3/1B4b1/2N4P/nQPP2BN/1R2K1R1 w - - 2 23,b2a2,white,b2a2,295,289,-6
1rb4r/ppp1p2p/4k2n/1P1p1p2/1R1B1q2/N1PPb2N/P3PPPn/3QKBR1 w - - 3 23,h3f4,white,h3f4,695,716,21
2bqkbnr/1p1pp3/6p1/p1pr1p1p/4P3/NP1P4/P1Q2PPP/1RB1KBNR w Kk - 0 12,e4d5,white,e4d5,625,610,-15
r1bk1bn1/1p1p3r/n1q4p/pB2ppp1/1Pp1PPP1/P3Q2N/2PP3P/RNB1K2R b - - 7 19,c6b5,black,c6b5,293,340,47
rn1q1b1r/1b1k2p1/p2p1p2/1pp1p1Pp/1P1Pn3/B7/P1PNKP1P/RN3BQR b - - 0 13,e4g5,black,e4g5,333,312,-21
r1b1kb1r/qp1np1pp/5p1n/2p5/p3P1P1/2PB3P/PP1PNP2/RNBK3R w kq - 3 10,b1a3,white,b1a3,-666,-643,23
3rk2r/3Rppbp/b1p2qp1/1PnPPn2/QKP5/7P/1P3PP1/1NB2BNR w k - 3 18,d7d8,white,d7d8,775,811,36
rnb2qr1/pp1pb3/1Q5n/P1P1p2p/2k1P3/R5P1/2PPKP1P/2B3NR w - - 8 21,a3a4,white,a3a4,99999,100000,1
2rqkbr1/pbp2R2/1p6/3ppp2/5Pn1/NB1PB3/nPP1P3/1R1Q1KN1 b - - 3 17,g4e3,black,g4e3,785,866,81
r1b1kbr1/1pp1q1pp/p7/1n1P1P2/P7/7N/1PQPPnPP/1RB1KB1R b Kq - 4 14,b5d4,black,b5d4,317,357,40
rnb1kbr1/1p1pn3/1P3pp1/p1p1p3/P5N1/2P1qP2/2RPB2P/1NBQKR2 b q - 0 20,e3g5,black,e3g5,-127,-138,-11
1n1qkb1r/2r2ppp/p1ppp2n/1p3bP1/P2P4/N1P1PK1B/1P3P1P/R1B2QNR b k - 1 16,d8g5,black,d8g5,215,208,-7
r1bqkb1r/p3p1pp/np3n2/2pp1p2/5PBN/BP4P1/P1PPP2P/RN1QK2R b KQkq - 1 8,f6g4,black,f6g4,461,450,-11
r1bq1kn1/1pppb3/n4Ppr/4p3/Q1P4p/pP1P1N1B/P3PP1P/RNB1K2R w - - 3 17,f6e7,white,f6e7,537,539,2
rqb3nr/pp1k2b1/6p1/3p1NPp/1npPpp2/N1P2P1P/P3PK2/R1B1QB1R b - - 1 19,g6f5,black,g6f5,361,346,-15
2b1qb1r/1Q1p2p1/p1p3kp/8/P2n1pNP/2P1R3/1P1PPP2/RNB1KB2 w Q - 0 20,e3e8,white,e3e8,849,862,13
r1bqkb1r/p1p2pp1/4pn1p/1p1p2N1/2n5/2PP2P1/PP1KPP1P/RNBQ1B1R w kq - 1 9,d3c4,white,d3c4,-118,-116,2
r1N2q1r/p1n1nk1p/2p4b/1p1pp1p1/P7/2NPP2P/1PPK1PPR/R1B2B2 w - - 3 16,c8e7,white,c8d6,-555,-547,8
rnbk3r/2bpn1p1/p4qP1/2P1pp1p/P1P2P2/1p2B2P/1PQKP2N/RN3B1R b - - 3 17,b3c2,black,b3c2,779,743,-36
rnbqk2r/p1pp1ppp/1p1bp3/8/8/PP2PP2/2PNK1PP/R1BQ1BNR w kq - 1 7,f3f4,white,f3f4,334,325,-9
1nb1qkn1/rp4b1/3p2pB/2p1p2p/Q6P/p2PPN2/R1P2PP1/1N2KB1R w - - 1 23,h6g7,white,h6g7,725,772,47
rn1qk2r/pbp1ppbp/3p4/1p4p1/2NP3n/2P1PP2/PP2B1PP/1RBQK1NR b Kkq - 0 10,b5c4,black,b5c4,342,335,-7
1r3bnr/p1p2kpp/n7/1Qp3P1/1P1Pp3/5q2/b2B3P/RNK4R w - - 0 22,b5f1,white,b5f1,-434,-425,9
r1bqkb1r/pp3ppp/n1p1p1Q1/3p1n2/2B1P3/1P6/PBPP1PPP/RN2K1NR w KQkq - 2 7,g6h5,white,g6h5,-88,-93,-5
Rnbq2kr/2ppn1p1/p2b1p2/6p1/3p2P1/3P1NR1/1PP1PPBP/R2QK3 b Q - 3 15,c7c5,black,c7c5,-190,-189,1
3Qq1r1/1b3k2/2r1pb2/RP1pP1p1/2N3P1/2n2P1R/1PP5/2B1K1N1 b - - 1 23,e8d8,black,e8d8,320,345,25
5r1k/prp1n3/nPR3p1/2Rpp2p/3P1B2/N2b1pP1/1P1Q1P2/4KB2 w - - 0 23,f4e5,white,f4e5,688,696,8
1rbq1bnr/1pppk3/p7/P3pppp/nP2P3/2N3PN/RBPP1P1P/1Q2KB1R b K - 0 13,a4b2,black,a4c3,-162,-153,9
rn1q1br1/pbpk3p/1p1p2pn/3Npp2/1P1B1P2/2P3PP/P2PPKBR/1R1Q2N1 w - - 2 14,f4e5,white,d5f6,197,208,11
r2q2n1/p1p2kp1/1p3p1r/1Pbpp2p/2P1NP2/P4PPb/1Q1P4/R1B1KBNR b KQ - 2 14,d5e4,black,d5e4,-146,-132,14
rnqk1br1/p1pp1ppp/b7/1p1Pp2P/1P3PnR/4B3/P1P1P1P1/RN1QKBN1 b Q - 2 9,g4e3,black,g4e3,324,336,12
r2k1b2/1bn2p1r/p1p1p1pq/P6p/2PPP2P/2N2PP1/1P2N3/1RBQKB1R b - - 1 23,h6g7,black,h6g7,-696,-686,10
rnb4r/1pppnqbp/1P2kp2/p5BP/P3NN2/3p1PP1/2P1P2R/R2QKB2 b - - 4 19,e6e5,black,e6e5,-1041,-99993,-98952
2rqkb1r/p3pppp/b1pp1n2/1p3P2/1n2P3/P4K1N/RPPP2PP/1NB1QB1R w k - 0 13,a3b4,white,a3b4,315,291,-24
rq1k3r/p1pp3p/bp4p1/1N2pp2/Pb2P3/1P1PBn2/2P1Q1Pn/R2K1BNR b - - 1 16,f3g1,black,f3g1,177,177,0
r1bq1bnr/pppk1n1p/3pppp1/8/3PPQ2/P1P1K1PN/1P3PBP/RNB4R b - - 4 12,f8h6,black,f8h6,570,566,-4
1nbq1b1r/3kp1p1/rp5n/2pp1p1Q/2PP1BPp/1p2P2P/4NP2/1N2KBR1 w - - 1 17,g4f5,white,g4f5,-221,-255,-34
1n1qkbnr/2r2pp1/1pppp3/pb6/P3PP1p/2PP1QPB/1P5P/RNB1K1NR w KQk - 0 12,a4b5,white,a4b5,433,450,17
3qk2r/r3b1p1/p1n1b3/2B5/3P3p/RPP1K3/4PPPP/1N3BR1 b k - 4 22,e7c5,black,e7c5,899,938,39
1r2kbr1/pp4pp/n2p1p2/2p1p1P1/Nq2nPK1/PP1P4/1P1QP1BP/R1B3NR w - - 4 18,a3b4,white,a3b4,620,588,-32
1rbqkr2/5p2/2p4p/p2pn3/Pbp1pP2/RPNQP1P1/3P3P/2B2K1R w - - 1 22,d3c2,white,d3d4,-639,-625,14
rnbqk1nr/3pp2p/p1p2p1b/1p6/1P3p2/2P2N2/P1NPP1PP/R1BQ1BKR b kq - 1 8,f6f5,black,a6a5,63,92,29
r2qk1nr/ppp1bp1p/2n3p1/5b2/Q3Pp2/B1PpKB2/P2P2PP/RN4NR w kq - 0 17,e3f2,white,e3f2,-351,-359,-8
rnq3nr/pbpp1kpp/8/1p2pp2/Q1P5/bP2P1P1/P2P1P1P/R1B1KBNR w KQ - 0 10,a4a3,white,a4a3,-302,-290,12
r3kbnr/4npp1/1pp5/p5Bp/5PP1/N4q1P/PP2P1R1/R3K3 w k - 0 21,e2f3,white,e2f3,-527,-557,-30
1nb5/1rppb2r/pp2Ppk1/7p/P1P3n1/2N3P1/1P2PP1q/NRB1KB1R w K - 3 21,h1h2,white,h1h2,-393,-374,19
r2qkb1r/p1pbnppp/3pp3/1p6/Pn1P2P1/2P5/R3PPBP/2BQKNNR b Kkq - 1 12,b4a2,black,b4a2,442,453,11
rn2kbnr/pp1b1ppp/3pp3/2p5/5PPq/3PK3/PPP1P2P/RNBQ1BNR w kq - 1 6,g1f3,white,g1f3,-164,-180,-16
rnbqkb2/2ppppp1/pp5r/1N5p/2P2PP1/1Pn5/P2PP1BP/R1BQK1NR w KQq - 3 8,b5c3,white,b5c3,422,440,18
1rb1kb1r/p1pnpppp/1p3n2/1Q1p4/3P4/4PN1P/1PP1NPP1/q1B1KB1R w K - 0 12,f3g5,white,b5c6,-450,-490,-40
rqbk1bnr/p2p1pp1/4p3/np1p3p/5P2/4P1P1/PPP1NQ1P/RNB1KB1R b - - 6 17,g8f6,black,f8c5,201,207,6
rn1qk1nr/pb1ppp2/1pp3p1/P6p/1P2PP1P/2b5/2PPB1P1/RNBQK1NR w KQkq - 0 10,b1c3,white,b1c3,528,514,-14
r1bq1kn1/p3b3/2pp1ppr/1P2p2p/1RP1P1PP/1Q1P4/1P1NKP1R/2B2BN1 b - - 2 19,a7a5,black,h5g4,-290,-305,-15
1r2kbnr/ppq1pp1p/n2p4/4N1p1/P2p3P/6PR/RPP1PP2/2BQKBN1 b k - 0 9,a6b4,black,d6e5,165,150,-15
rn2kbr1/p2pppp1/1pb5/2pP3p/P1P2q2/Q5PP/1P1P4/RNB1KBNR b KQq - 1 12,f4e4,black,f4e4,-323,-328,-5
r2qk3/1b1p1pbr/2pPp2p/1N2n3/p4K2/7P/PPP1QP2/R4BNR b q - 1 18,d8g5,black,d8g5,99998,99999,1
r1bqk2r/pp1p1pbp/3P1np1/2pn4/N3pP2/7N/PBP1PKPP/R2Q1B1R w kq - 4 12,e2e3,white,e2e3,-128,-108,20
rnb1kb1r/4pp1p/1pp4n/p1qpP1p1/2P3P1/1P3P2/2BP2KP/RNB2QNR b kq - 4 12,d5d4,black,d5d4,129,114,-15
rnb1kbn1/p2ppp1r/8/1pp2qpp/2P2NQP/NP4P1/P2PBP2/R1B1K2R b KQq - 0 11,h5g4,black,h5g4,634,636,2
1nb2b1r/2Nknppp/1p6/2P2q2/r1N5/P2PPQ2/1B3PP1/R3KB2 w Q - 2 22,f3f5,white,f3g3,121,64,-57
1rbk3r/p2p1p2/R3p2n/1p3p2/1p1P4/2N2PP1/1PPQP2P/2B1KBR1 b - - 0 15,c8a6,black,c8a6,-740,-752,-12
2rqkbnr/p2bp2p/np3p2/6p1/1Ppp1NP1/P3P3/2PP1P1P/RNBQKBR1 b Qk b3 0 11,g5f4,black,g5f4,256,271,15
r1b1k1r1/pp1q2b1/n2pppp1/7p/1Pp1PP2/N1PP2P1/PQRB3P/4KBNR b Kq - 2 15,b7b5,black,b7b5,-452,-435,17
rn3r2/2q1ppkb/p6p/6P1/pPp1Pb2/P2P4/R1P2PPN/2B1KB1R w K - 1 26,a2a1,white,c1b2,-601,-652,-51
rnb2b1r/pp6/2ppk3/P3ppN1/3PqP1P/BPP5/2Q1P2P/RN1K1B1R b - - 0 21,e6d7,black,e6d7,-809,-797,12
rnbqkbnr/4ppp1/pp1p4/2p3p1/8/P5P1/1PPPPPRP/RNBQKB2 w Qkq - 0 7,d2d4,white,d2d4,-495,-487,8
r1bqkbnr/p1pppp2/n6p/1p4p1/3P1P2/6PP/PPP1P3/RNBQKBNR w KQkq - 0 7,f1g2,white,f1g2,121,131,10
r3qknr/p1p3b1/1pP4p/3pp1p1/7P/P1PP2Pb/1RQNP3/2B1KBNR w K - 3 17,g1h3,white,f1h3,576,583,7
rnBk2nr/1p4b1/p5pp/1p3p2/1PP1p3/NQB3P1/P2PKP1P/1R2R3 w - - 0 25,c8b7,white,c8b7,858,881,23
rnbq4/pppkbppr/4pn2/8/1P1pP1Q1/N2P3P/P1P1NPP1/R1BK1B1R w - - 6 10,g4f4,white,g4f4,119,141,22
r1b2bnr/pppq1kp1/2np1p2/4p2p/6QP/1P1BP1PR/P1PP1P2/RNB1K1N1 b Q - 5 8,h5g4,black,h5g4,791,781,-10
r1bqkb1r/2pp1pp1/5n1p/pp6/1n1p3P/N1P1B3/P2KPPP1/R2Q1BNR b kq - 5 11,d4e3,black,d4e3,743,749,6
1rb1kb1r/pp1pp1pp/n1p1B2n/5p2/7N/1P4P1/P1PPPK1P/RNB1Q2R b k - 1 8,d7e6,black,a6b4,-537,-547,-10
rn1qkbrn/3p2pp/pp2pp2/2p2PP1/P1N5/1P1P3P/RBP1PK2/2Q2bNR w q - 2 16,a4a5,white,a4a5,53,72,19
rnbqk2r/1p1pb3/2p2ppp/p1P5/P2Pp1P1/1PnQPP2/1B5P/RN2K1NR b KQk - 2 18,e4d3,black,e4d3,757,721,-36
r1bqk2r/p1p4p/1pnppn1b/3BNp1P/1P1P1P2/P5P1/N1P1P3/1RQ1K2R b K - 5 20,c6d4,black,c6d4,440,455,15
r1b1k3/ppr5/n1pbppp1/3p3p/1P3P1P/PNPPnP2/R1N5/1QB1KB1R w Kq - 2 23,c2e3,white,c1e3,847,820,-27
r1b2k1r/ppppqpb1/4P1p1/7p/1P2n2P/2PR1Q2/P2P2P1/RNB1KBN1 b Q - 1 12,e4f6,black,e4f6,-171,-223,-52
rn2kbnr/2pp1ppp/1p2p2q/p7/2P5/4PbP1/PP1PB2P/RNBQK1NR w KQkq - 4 8,e2f3,white,e2f3,388,383,-5
rn3k1r/p2pnp2/Rqp1pbpp/1P3P2/1P1P2P1/2N1PK2/2P1N2P/1QB2B1R w - - 1 19,a6b6,white,a6b6,667,647,-20
rnb1kbnr/pp2p2p/8/2pp1pp1/1q1PPPPP/2N4B/PPP5/R1BQK1NR w KQkq - 2 8,c1d2,white,c1d2,275,281,6
r1bqkbnr/1p2p1pp/n1pp1p2/p7/8/PP3N1P/2PPPPP1/RNBQKB1R b KQkq - 1 6,e7e5,black,e7e5,49,42,-7
r1b2bnr/p2np1k1/3p2p1/5PNp/5P2/1P1qQ2P/3N2PR/2B2BK1 w - - 2 24,g5e6,white,g5e6,613,621,8
1rbqkB1r/pppp2p1/n4p1p/8/3P4/Q3n1P1/PPP1PP1R/RN2K1N1 w Qk - 4 12,a3e3,white,a3e3,94,101,7
2kr1br1/7p/n1pq3n/pN1ppbQ1/1P2P1P1/2PP3N/P4PBP/R1B1K1R1 w Q - 1 18,b5d6,white,b5d6,660,619,-41
1Qb1k1nr/1p2p1bp/r3B1p1/nP6/p3pq2/P4PP1/R1PP3P/1NB2KNR b k - 6 21,f4b8,black,f4b8,652,638,-14
r1q2bnr/p2k4/Bppp2p1/4pp2/3PP1b1/N1P2N2/PP3PPP/R1B1K2R w KQ - 0 13,a6c8,white,a6c8,54,51,-3
r2qkbr1/pb1p3p/1pn1p2n/5pp1/4P1P1/5P1N/PPPPQ1KP/RNB4R b q - 1 10,c6d4,black,c6d4,644,617,-27
rn4nr/pbpk2pp/1pq1pP2/1P1p4/7P/2N3R1/PBQPKNP1/R4B2 b - - 2 19,g7g6,black,g8f6,-695,-736,-41
rn3b1r/p2bkp1n/2p1p3/P2p3p/1R6/NpP2PP1/RP1PP3/2BK1B2 b - - 1 25,b3a2,black,b3a2,735,719,-16
b4b1r/1r2k2p/1Np1pp1n/ppP1q1p1/6P1/5K1N/PBPQPP1P/R4B1R b - - 6 22,e5b2,black,e5b2,31,37,6
r1bq1bn1/1p1kp2r/2pp4/p7/2P2p2/PP1PPNPp/N1QK2BP/R1B4R b - - 1 17,h3g2,black,h3g2,180,163,-17
1rbk2n1/p2nppbr/7p/Ppppq3/6RP/N1PPPP1N/1P1Q2P1/2B1KB1R b K - 3 22,g8f6,black,e5c7,-42,-41,1
rnb4r/3k3p/2p5/3nBpb1/p1P2PP1/P3P3/Nq5P/3RKB1R b - - 0 24,g5h4,black,g5h4,99999,100000,1
rn1qkbnr/1pp1p2p/5pp1/p1Pp1B2/PP6/6P1/1B1PbP1P/RN1QK1NR b KQkq - 1 8,e2d1,black,e2d1,684,679,-5
r2qkb2/nb1pp1pr/Qpp4n/p4P1p/4PN1P/2P2P2/PP1P1K2/RNB2B1R b - - 3 13,b7a6,black,b7a6,514,488,-26
r3kb1r/3bppp1/p4q2/n1p2NPp/2p1n2P/pP1PB3/P3PP2/1R1QKB1R b kq - 0 16,f6c3,black,f6c3,620,673,53
r3kbnr/p1Bn2p1/b7/2p2NNp/1qp2P2/PP6/2QPPKPP/R4BR1 b kq - 5 22,d7f6,black,c4b3,-472,-512,-40
2bqk1r1/rn1pbppp/1p3n2/pBp1p2P/P2P1P2/1RPQP1P1/1PR2K2/1NB3N1 b - - 9 16,e5e4,black,e5e4,221,222,1
rn3bnr/1bp1kpp1/3p4/p6p/qPpP1P2/N3P2P/P1Q2KP1/R4BR1 w - - 4 16,c2a4,white,c2a4,333,310,-23
r2qkbr1/1bpp2pp/5p2/pp2p3/PQ2PnP1/5P2/1PPPN2P/R1B1KB1R b q - 1 15,f8b4,black,a5b4,698,704,6
rnb1kbnr/ppppqpp1/2Q5/4p2p/2P5/NP2P2P/P2P1PP1/R1B1KBNR b KQkq - 2 8,b8c6,black,d7c6,686,675,-11
Bn5q/3pk2r/p1Pb1pPB/4P2P/8/P4N1P/4PK2/RN3Q2 b - - 0 23,d6e5,black,d6e5,-671,-726,-55
2rqk1nr/pp1bp1bp/5p2/1Pp3p1/P1pn2P1/5P1P/2QPP3/RNBK1BNR w k - 0 13,c2c3,white,c2b2,-222,-233,-11
rq2k3/pp1Np1br/P1p4n/7p/4P1P1/1P5B/7P/R4KNR w - - 2 25,d7b8,white,d7b8,-312,-348,-36
rn3rk1/p2q1p1p/b2p2pn/1ppN1P2/3Pp1P1/PP2P1BP/2PQ3R/R3KBN1 b Q - 3 15,d7d8,black,f7f6,-568,-571,-3
rnbqkbn1/p1ppppp1/7r/1p5p/5P2/P3P1PP/1PPP3R/RNBQKBN1 b Qq - 0 6,a7a6,black,a7a6,-47,-44,3
rn1qkbnr/4pp2/2P5/pp1p2p1/5Pp1/2K1PN2/PPP1b2P/RNBQ1R2 b kq - 0 16,g4f3,black,e2d1,819,888,69
rnbqkbnr/1p2p3/2p3p1/p1Pp1p1p/3P4/1Q3P1P/PP2P1P1/RNB1KBNR b KQkq - 0 7,e7e5,black,e7e5,199,190,-9
3qkbn1/1b2p1p1/2p2p1r/rpBp1BPp/3PP2P/1p2RN2/P1Pn1P2/RN4K1 w - - 0 23,b1d2,white,b1d2,-295,-320,-25
2bqkb1r/1p1pn2p/4p3/r1p1Ppp1/PPP5/2NB1P1P/2QP2P1/R1B2KNR b k - 2 15,c5b4,black,c5b4,-342,-326,16
r3kbnr/pp2pp1p/1n4b1/2p3N1/PqPp4/R5P1/NP1PPP1P/2BQKB1R b Kkq - 0 14,b4a5,black,b4a5,-152,-149,3
4r1nr/N1p2kb1/2qP1p1p/p3p1p1/P2N2P1/2P1B3/1P3KBP/RQ5R b - - 0 24,c6c4,black,c6c4,-655,-693,-38
1r1qkb2/pb1pp2r/n6p/3P1pp1/P1Pp1P2/RN1B2PN/1P6/Q1B1K2R w - - 6 23,d3f5,white,d3f5,361,342,-19
1rbqkbnr/p1pnpp1p/1p4pP/3p4/1P1P1P2/8/P1PQP1P1/RNBK1BNR b k - 2 8,g8h6,black,g8h6,235,244,9
r2q1k1r/p2n3p/2pPb3/1N2p1P1/8/4P3/PP1P3P/RBBQK1NR b KQ - 4 15,c6b5,black,c6b5,-500,-503,-3
r1bk1bn1/pp1p2pr/2P1pp1B/2p5/2P1q3/5N2/PP1NPPPP/R3KB1R w KQ - 1 12,d2e4,white,d2e4,71,72,1
r1b1kb1r/pp1p4/4p1p1/P1p1np1p/5P2/RPPN1Q2/3P2PP/1NB1KB1R b Kkq - 0 14,e5f3,black,e5f3,-547,-558,-11
1rbk1bnr/2pnpp2/1p1q2Q1/p2p3p/1P1P4/2P1B2P/P3PPP1/RN2KBNR b KQ - 1 10,d6g6,black,d6g6,723,702,-21
r1b2b1r/ppp1k1pp/2n5/1N2pp2/3qP1n1/5P2/PP1P2PP/R1BK1BNR w - - 1 13,b5d4,white,b5d4,-297,-350,-53
rn2kbn1/8/1ppq1p1r/p1Pp1PpP/2Qp2RP/8/PP1N1P2/1RB1KB2 b q - 2 24,b6c5,black,b6c5,62,51,-11
r2q1knr/pbppp1bp/n7/1p6/5pp1/PP1PP1P1/1BP2PBP/RNQ2KNR b - - 3 12,f4f3,black,f4f3,219,202,-17
rnbqkb1r/1p1pp1pp/p7/P1p2n2/2P1Pp2/1P6/1B1P1PPP/RN1QKBNR b KQ - 2 9,f5d4,black,f5d4,-46,-44,2
r1bqk2r/1p1pp1bp/2p3pn/pP2Bp2/2P5/Nn4P1/P2PPPBP/R2Q1KNR b kq - 0 10,g7e5,black,g7e5,209,205,-4
r1bqkbr1/ppppp3/2n5/5ppP/P1P1PP2/1PN2N1n/3P3P/1RBQKB1R w Kq - 2 11,f1h3,white,f1h3,275,308,33
1rbqk2r/p1pp1ppp/np1b1n2/4p3/2P4P/N3P1P1/PP1P1P2/R1BQKBNR b KQk - 2 7,c8b7,black,c8b7,178,172,-6
r1q1kbnr/p1p1p3/np2Qppp/8/3P1PPP/2P1B2B/P6R/1R1bKNN1 w kq - 2 19,e6c6,white,e6c6,585,551,-34
r1b1k2r/p1q1p2p/n1P3p1/1p3pb1/1PPpPP2/6PN/P4KBP/RN1Q3R b kq - 0 13,g5h6,black,g5h6,-153,-168,-15
r1bk1b1r/Nppqnppp/n7/P1p4Q/4p2P/4P2R/P2PKPP1/R1B2BN1 w - - 0 13,a7c8,white,a7c8,-163,-172,-9
1n2kbnr/r3p3/1p1pPp2/p1p3pp/6Pq/P6b/1PPPQP1P/RNBK1BR1 w k - 0 18,e2b5,white,e2b5,-139,-151,-12
1nb1k2r/1r1p2pp/2p5/4pp2/2P1P1P1/bP3P1P/1B1P4/R1nQK2R w KQk - 0 19,d1c1,white,d1c1,414,420,6
r1bk2nr/ppp1q3/1bn1pp1p/1P4p1/3p1P2/P1P1PQP1/1B1PN2P/RN2KB1R w KQ - 2 14,b5c6,white,b5c6,471,470,-1
rnb3nr/2p1b1pp/p2p2k1/1p3p2/1P1Pp2P/1qP1PN2/PBN2PP1/RQK2B1R b - - 4 15,b3d5,black,b3d5,3,4,1
r1bk2r1/p7/n3p3/5qBp/2p1P2P/b2P1N2/PPP2P1R/R2QKB2 b Q - 0 17,f5g5,black,f5g5,-584,-576,8
r1bqkb2/p1n1n1pr/1p1p3p/1Pp1R3/2P2p1P/B1NP4/P1Q1PPP1/R3KBN1 w Q - 0 16,e5e4,white,e5e4,135,151,16
3k1b1r/1b2n1p1/rpnN4/p1qppP1B/1p5p/7R/P1PPPP1P/R1BQK3 b Q - 7 20,c5d6,black,c5d6,571,597,26
r4k1r/1bppn1pp/ppn1qp2/1Q2B3/1P2p3/N3bNP1/P1P1PPRP/1R2KB2 b - - 9 17,a6b5,black,a6b5,774,799,25
rnbqkbr1/pp1p1ppp/7n/3Pp3/1p4P1/2P2N2/P3PP1P/RNBQKB1R b KQq - 0 6,h6g4,black,h6g4,27,29,2
1rbqk1nr/1ppppp2/6p1/pB2PP1p/PP3nQP/2b5/3P2P1/RNB1K1NR w KQk - 0 13,g4f4,white,g4f4,150,156,6
1nbq1k1r/r2Bp3/pp4pn/3P1p1p/1P3bP1/P1P1N2P/1B2PK2/1RQ3NR b - - 0 18,b8d7,black,b8d7,327,375,48
r1bqk2r/p1p2N1p/P1npp1pn/1p3p2/2P4b/2NP4/2R1PPPP/2BQKBR1 b kq - 0 15,h6f7,black,h6f7,379,397,18
r2b3r/p1qnk1p1/b2p1p1p/1nB5/5pP1/PP1P1N2/R3P2P/1NQ1KB1R b K - 2 22,d7c5,black,c7c5,394,341,-53
2bq1kr1/rp2b2p/n4p1n/p2pp1P1/1P3pB1/3PPP2/P2K3P/RNB3NR b - - 0 18,h6g4,black,e7b4,921,907,-14
rqb1kb2/pp1p1ppr/4p2p/P1p5/5n1P/8/1BRPPPP1/RN1K1BN1 w q - 0 16,g1f3,white,b1c3,-550,-571,-21
r1b1kbnr/2pqp3/2np4/PP3ppp/P6P/6P1/1B1PPPB1/RN1QK1NR b KQkq - 2 10,c6b4,black,c6b4,-600,-615,-15
4kbn1/p1rnqr2/1p1p1p1p/2p1pP2/2P4p/1QN1R3/PP1PB3/1RB1K1N1 b - - 3 24,f7g7,black,f7g7,-280,-274,6
r1bk1rn1/2p2ppp/1pn4q/4p3/1bpP1PP1/1PB1PN2/PQ5P/RN2KB1R b KQ - 0 16,e5f4,black,e5f4,188,150,-38
2b1kbnr/prnppN1p/1p4p1/2p5/P1P3P1/N1qP4/4PP1P/R1BQKBR1 w Qk - 4 14,c1d2,white,c1d2,277,277,0
1rb1k1nr/4p1bp/3BP1p1/3p3Q/pq6/1Pp3P1/P1BN1P1P/2R1K1NR w Kk - 5 19,c2g6,white,c2g6,628,633,5
r1b2bn1/p2pk3/n6r/qPp1pPp1/1PP3p1/B4QP1/2NP1P1P/R3KB1R b KQ - 2 15,a6b4,black,g4f3,159,143,-16
r1b1kb1r/1pp1p1pp/p1nq1n2/3p1p2/1P1B1PP1/7N/P1PPP2P/RN1QKB1R b KQkq - 2 7,c6d4,black,c6d4,517,475,-42
1r1q2n1/p1p1pk2/2np3b/5pp1/1BPQb2p/P2PP1PP/1PK3B1/RN4R1 b - - 8 20,c6d4,black,c6d4,474,480,6
r1b2k2/2p4n/np1p2p1/p3p2p/1b2P2Q/PPN3PN/2PP4/1RB1K2B b - - 1 21,b4c3,black,b4c5,-586,-622,-36
rnb1Bk2/1p1p3r/p5p1/1Np1p3/P1PqP3/1P1P3R/2K1Qn2/b1B5 w - - 0 26,h3h7,white,b5d4,0,0,0
r1b1k2r/1p1p1p1p/1qn1p2b/p1pn2p1/4PP2/NP1BK1PN/P1PP3P/R1BQ3R w kq - 1 14,e3e2,white,e3e2,70,72,2
1nb3rq/rp3k1p/p4p2/2pp1p2/1nPNP2P/P3Q1N1/6P1/R1B2BKR b - - 0 25,c5d4,black,c5d4,-340,-335,5
2r1qbnr/pbpppkp1/2n5/1N3Bp1/2PP1p2/1p2PNP1/PP3P1P/2RQKR2 b - - 10 15,e7e6,black,e7e6,216,227,11
1nb1kb2/2rpq2p/p4pr1/1p1nP3/P1Pp3p/1Q3P2/1P1P2N1/R1B3KR b - - 0 25,d5f4,black,d5f4,679,769,90
rnb2b1r/pp1pkp1p/1q2p3/2p3p1/2PP4/PN4P1/1PQ1PP1n/R1B1KBNR w KQ - 0 12,h1h2,white,h1h2,579,550,-29
rn2kb1r/p2q2p1/b5np/2P1p3/1Ppp2P1/2P1pP2/P6P/R1BQKBNR w kq - 0 15,c1e3,white,g1e2,-523,-546,-23
5br1/pbqpkpp1/2r5/1p1Pp2p/1pPB1PnP/N2R2P1/PP2P3/4KBNR w K - 1 18,a3b5,white,a3b5,-426,-413,13
r1bqkbn1/ppppp2r/2n4B/5pp1/2PP3P/P3P3/1P3PP1/RN1QKBNR w KQq - 0 7,d1h5,white,h6g5,447,447,0
r1qnkb1r/p1ppp1pp/b6n/Pp3p2/1P1P2PP/2P5/4PP2/RNBQKBNR b KQkq - 0 8,h6g4,black,c8b7,32,30,-2
rnb1kb1r/pppp4/6p1/5nPQ/1PP1p2R/3p4/R2N1PP1/2B1KBN1 b kq - 0 14,h8h5,black,h8h5,-90,-71,19
1rb1qk2/p2pbppr/5n2/3P3p/1n4PP/1P5R/3BP1B1/RN2K1N1 w - - 7 26,e1d1,white,g4g5,-684,-681,3
r1bq1rk1/p1p3p1/np1b1p1p/4P3/1PP4P/P7/R2PP1P1/2BQKBNR b K - 0 11,f6e5,black,f6e5,121,131,10
rnb3nr/pp1p2k1/1qp1p1pp/3BP3/1P3b2/2P4P/P4PP1/RNBQK1NR b - - 0 13,f4c1,black,f4c1,241,266,25
5b2/2pbkp1r/1r1p3n/1pnQqP1p/pP5P/2P4R/PB2P1B1/RN2K1N1 w Q - 0 23,b4c5,white,b4c5,183,178,-5
1r1qkbnr/4p3/2p5/pb1p2NP/1pB1P3/8/PPnPKP1P/RNB1Q2R w - - 0 16,c4b5,white,c4b5,-298,-279,19
4k2r/p1p2p1p/bP2p2n/2nBb1pP/2PpQ1P1/pPN2P2/R2PP3/5KNR w k - 2 24,e4e5,white,d5c6,966,994,28
r2q1b1r/2p2bp1/p1nkp1pn/5pP1/P2P3P/1p1Qp3/1RP2P1R/1NBK4 w - - 0 20,g5h6,white,g5h6,-485,-441,44
rnb4r/p1pp1k1p/1p2p3/4b3/PP1P1pp1/N2BPP2/2P4q/R1K2nN1 b - - 1 25,f1e3,black,f1e3,922,941,19
rn1qkb2/p3p1pr/2p3pB/3pP2p/1pN5/1bPP1P1P/P5PR/1R1QKB2 w q - 0 18,d1b3,white,d1b3,-57,-63,-6
rn1q1k1r/p1p1p1b1/1p3p1p/3p2N1/1K1P4/P1P1PP2/1P1nB1PP/R1BQ3R w - - 0 16,g5e6,white,g5e6,525,525,0
1r2k1nr/1bppqp2/p1nbp2p/1pP4P/1P3Pp1/B7/P2PP1P1/RN1QKBRN b Qk - 0 17,d6f4,black,d6f4,375,392,17
rnb2b1r/pp1ppk2/1Pp4n/6pp/Q1P2pPP/N4P1R/1P1PPK2/1RB2BN1 b - g3 0 12,h5g4,black,h5g4,-547,-562,-15
rnb2br1/p1pp1kpp/8/1pq1pp1n/1P1P4/N3PP1P/P5P1/R1BQKBNR b KQ - 0 10,c5b4,black,c5b4,90,74,-16
2rqkbnr/pp2ppp1/n1p5/3p3p/PPP5/1R1P4/4NPPP/2BQKBNR b K - 2 13,e7e5,black,e7e5,-290,-300,-10
r3kb1r/1pq1N2p/5pp1/p2p4/P2P1B2/1P1P3b/4PPP1/Q1R1KB1R w kq - 1 21,c1c7,white,c1c7,704,707,3
rn1qkbnr/1bpp1ppp/1p6/p3P3/4P2P/P6R/1PPP2P1/RNBQKBN1 w Qkq - 0 8,d2d4,white,b1c3,238,275,37
r3kbnr/ppq1p1p1/5p2/2P3P1/4p2p/2P1P2R/P2PKP1P/R1BQn3 b kq - 0 19,e1d3,black,e1d3,595,635,40
r1bqk1nr/p5pp/n2bp3/1p3p2/P2p1PP1/3p3P/RPPNPNB1/2B1QKR1 b - - 0 17,a6b4,black,a6b4,1,-6,-7
r3kbnr/p4p1p/np1p1P2/1bp1B3/1P2PP2/N6R/P1PP2P1/1R1QKBN1 b kq - 1 12,b5f1,black,b5f1,-745,-744,1
2bqkb2/4p2n/rpnp2r1/p4ppp/3PP1PP/PPP2P2/1Q2B3/RNBK2NR w - - 1 19,g4f5,white,g4f5,502,540,38
rnbqk1nr/2pp1ppp/4p3/pp6/7P/b1P3PR/1P1PPP2/RNBQKBN1 w Qkq - 0 6,b1a3,white,b1a3,382,388,6
rnb2b1r/1p2pk1p/p1p3pn/3p1p2/1PPP2P1/P3P2P/N1Q2P2/2R1KBNR b K - 1 16,f5g4,black,f5g4,-645,-646,-1
1rb1k1r1/ppp2pb1/N3p2p/6qn/3nP1Pp/2PPQ2N/P4P1P/2R1KBR1 w - - 5 17,a6c7,white,h3g5,484,481,-3
rn2r3/1bq2kbp/pp3p1n/1PpppBp1/P2P2P1/N6N/2PQPP1P/2K1R2R b - - 0 20,b8d7,black,c5d4,481,429,-52
3qr1k1/3pp1Bp/3r2pb/pp1b1pn1/Pp3PP1/2NPP1P1/2P4R/R1Q1KBN1 w - - 5 25,g7h6,white,g7h6,436,435,-1
rnbq1b2/p1p1kppr/1p1p4/4p3/2N1B2P/1P2PP1P/P1PPK3/R1Bn2NR w - - 2 13,e2d1,white,e2d1,-409,-428,-19
r2qkbnr/1bpp4/1pn1pp1p/pP4N1/8/B3P1PB/P1PP1P1P/RN1Q1RK1 b kq - 2 12,h6g5,black,h6g5,168,135,-33
rnbqkb1r/1p1pp1pp/7n/5p2/ppP5/2N2P1P/P2PP1PR/R1BQKBN1 w Qkq - 2 7,c3b5,white,c3b5,-205,-191,14
1nbqkb1r/rp1pppp1/p4n1p/P1p5/1P4P1/8/2PPPP1P/RNBQKBNR b Kk - 3 7,c5b4,black,c5b4,254,238,-16
1nbqk2r/r1ppnp1p/4p1p1/p2P2bQ/1PB1PP2/P4N1P/2P3P1/RNB1K1R1 b k - 3 16,g6h5,black,g6h5,436,392,-44
B1bk2r1/1q6/ppn4n/1N1p1ppp/P2p1PPP/b3PQ1R/1PPK4/R1B5 w - - 6 26,a8b7,white,a8b7,508,477,-31
r2q2n1/1pN2k2/p3pb1p/3Pp2n/P7/3B1pPb/1P1P3P/R1B1K1QR w - - 2 24,g1e3,white,c7a8,150,80,-70
rn1k1bn1/1p1bpp1r/2p5/p2P2p1/N2q2p1/4P1N1/PP2KPBP/1RBQ3R b - - 1 19,d4c4,black,d4d1,45,7,-38
rnq1kbn1/4r3/6p1/pp1pPP1p/2p5/P1N2K1P/1PPPN1R1/R1BQ4 w - - 7 23,d2d4,white,d2d4,159,186,27
r1b4r/2p1q2p/pp2p1kn/3Pb1p1/Pn1PP1PR/BP2KP1N/R5B1/1N6 w - - 4 26,d4e5,white,d4e5,-475,-513,-38
rn2k1r1/2ppb1pp/1pP1p2n/1B2Pp2/p4P1R/8/PPP1QKP1/R3B1N1 b q - 0 17,e7h4,black,e7h4,-495,-494,1
rn1qk2r/p2p1p2/3b4/2p1P1pp/PPp5/2P3PP/R3KPn1/BN5R w - - 0 21,e5d6,white,e5d6,-622,-617,5
rn2k1n1/1qp1p2r/1pN4b/pb3ppp/P4P1P/1PNp1K1R/2PPP1P1/R1BQ1B2 w q - 0 18,a4b5,white,a4b5,-4,37,41
1Q1rkn2/p1R1bp1r/3p3p/n7/5p2/1P2p1PP/P1P1qPB1/2K3NR b - - 5 24,e2e1,black,e2d2,1008,1109,101
r4bnr/p2p2p1/1Nn2p1p/2P2k2/1pP5/8/PB1P1N1P/2KR1B1b w - - 0 23,b6a8,white,b6a8,159,159,0
r2n3r/qp1k1pp1/2pb4/p1n1Pb2/P1PNpBpP/8/1P1KB3/1R3QNR w - - 4 24,d4f5,white,d4f5,182,192,10
rn2kb1r/pp1b1p2/1q2pnpp/1Npp2B1/2P5/P2P1P2/1P2P1PP/R1Q1KBNR b kq - 1 10,h6g5,black,h6g5,588,622,34
r1b2b1r/1pp2kp1/p3pp1p/3p2q1/Pn6/1PPPQPnP/4P2R/RNK2BN1 w - - 0 16,f3f4,white,f3f4,-676,-667,9
r1bqkbnr/1ppn4/p3pp1p/P2p3P/1PR5/5P2/1BPPP1P1/RN1QKB1n b kq - 1 14,d5c4,black,d5c4,626,623,-3
rnb1k1nr/1p1pp2p/Q5q1/5Pp1/p7/2NP4/PB3PPP/RN2KB1R b KQ - 0 20,g6a6,black,g6a6,410,423,13
r1b4r/p1pq1pbp/1p1p3n/P3pkN1/1P3P1P/N2PP3/2P1K1P1/1RBQ1B1R w - - 3 16,f4e5,white,e2e1,536,522,-14
rnb1kbnr/p1qpp1pp/2p5/5pB1/1p1P2P1/2P2P2/PPQ1P2P/RN2KBNR w KQkq - 2 7,g4f5,white,g4f5,186,197,11
r2q2nr/pbp1pkbp/3p4/1p2Pp2/P1P4P/2NPBN2/1P3PP1/R1R3Kn b - - 0 21,b7f3,black,b7f3,713,687,-26
rn2nb1r/ppk1qpBp/3pp3/7b/1p3P1P/P1N1PN2/1QPP2P1/R3KBR1 w Q - 1 13,c3b5,white,g7h8,426,395,-31
r5kr/pB4qp/n4p1n/1pNpp3/4P1pN/P1Pp2P1/P3QP1P/R1B2KR1 b - - 3 24,d3e2,black,d3e2,53,81,28
rnbqkbr1/1pp1pppp/3p3n/8/8/1p2PPP1/P1PP2BP/RNBQ1KNR w q - 0 7,c2b3,white,c2b3,-68,-66,2
2bqkbn1/3pp3/r4p1r/Q1p3Pp/1n1P4/P1P4P/1B2P1P1/RN1K1BNR b - - 0 14,d8a5,black,d8a5,516,488,-28
r1k2b2/pbpqpppr/n6B/1p1p2N1/1PPPn2P/4P3/P2Q1PP1/RN2KB1R w KQ - 3 14,g5e4,white,g5e4,110,113,3
r1bqk2r/3pbp1p/5n2/Bpp1p1p1/5N1P/1P1P4/P2NKPn1/1RQ2B1R b kq - 0 18,g2f4,black,g2f4,734,709,-25
q2k3r/4bp2/2Q2n2/p1p1p1pp/2B1PP2/P4KNP/1P1B2P1/RN5R b - - 0 21,g5g4,black,g5g4,-367,-346,21
r1b3nr/p1ppqk1p/1p2ppp1/8/1n1PP3/1P4PP/PbP2P2/RNB1QKNR w - - 1 15,c1b2,white,c1b2,-278,-273,5
rnb2k2/pp1pq1pr/4pn2/2p2p1p/3P3P/N1P5/PP2PPPB/R2QKBNR w KQ - 3 11,g1f3,white,g1f3,567,556,-11
rn1qkbnr/pp1bpp1p/3p4/6p1/1p2P3/5QP1/P1PP1P1P/RNB1KBNR b KQkq - 1 6,f8g7,black,f8g7,252,241,-11
rnb2b1r/pq1kppp1/3p3p/1p3n2/2P3P1/4P2B/PP1P1K1P/1RB1Q1NR w - - 1 19,h3g2,white,h3g2,-111,-102,9
rnb1k1n1/2pp1pp1/8/pp2pP2/1bPPP1pr/PQ6/4NK2/RNB2B1R w q - 0 15,h1h4,white,h1h4,704,702,-2
r1bq1bn1/p1ppkp1r/np4pp/4p3/5P2/N2PP2P/PPP2KP1/R1B1QBNR b - - 1 10,e5e4,black,e5e4,-47,-40,7
1rbq1bnk/3pp3/5p1r/p2N2pp/5P2/1Pp3PB/1PNPP2P/1RBQ1K1R w - - 0 21,b2c3,white,h3g2,337,329,-8
1n2kb1r/rp2pppp/2p3bn/p2p4/P2P2P1/qQPNPP1P/1P2BK2/RNBR4 w - - 0 16,b1a3,white,b1a3,775,752,-23
r1b3nr/ppp1b3/2kp1pp1/4p2p/qP4PP/PnNPPP2/R1P5/2BKQBNR w - - 3 20,c3a4,white,c3a4,725,704,-21
r5n1/pq2k1b1/bpp1p1pr/2P1Pp1P/3p3P/P2P3B/1B1QKn2/RN4NR w - - 1 22,e2f2,white,e2f2,169,170,1
r2qkb1r/p2b1p2/n1pp3n/1p2p1pp/1PBPP1P1/2N1Q3/P1PB1P1P/R3K1NR w KQkq - 0 13,c4b3,white,c4b3,-110,-117,-7
r1bk2q1/p1pp2Q1/n2r1n2/5ppp/2P2PP1/3N1R1P/PP1PPKB1/RNB5 w - - 7 23,g7g8,white,g7g8,595,589,-6
3nk3/2p2prp/pr1P2pn/1P4P1/1PP1p1b1/B1q2BN1/4Kb1P/RQ5R b - - 0 24,e4f3,black,e4f3,99992,99993,1
r1b1kbr1/1p1npppp/p7/q1pP4/6PP/NPn1P3/P2P1P2/1RBQKBNR b Kq - 2 11,c3d1,black,c3d1,542,543,1
rn2kbnr/p1qpp1pp/bpp2p2/3NN3/Q7/P3P1PP/1PPP1P2/R1B1KB1R b KQkq - 5 10,c6d5,black,c6d5,464,445,-19
rnb1k1nr/pp1qp2p/3p3b/1Np1Npp1/P4P1P/8/1PPPP1P1/R1BQKB1R b KQ - 0 11,d6e5,black,d6e5,149,147,-2
1rbqkb1r/1pp1pppp/n2p1n2/Q7/2P5/N2P2PB/PP2PP1P/R1BK2NR w - - 0 10,h3g2,white,h3g2,106,101,-5
2rnk2r/2p1bppp/pp1p4/7n/5PbP/BP1PP2P/P3Q1B1/R3K2R b k - 6 23,g4e2,black,g4e2,515,485,-30
1n2k1n1/4b1p1/b2ppr1r/1P3P1p/R6q/Np1P1N1R/2PQ2P1/4KB2 w - - 0 24,f3h4,white,f3h4,573,585,12
rn2kb1r/p1pb1ppp/1N1p4/2PPp1P1/1p2P3/4B2P/P3PK1R/R2Q1BN1 w - - 1 22,b6a8,white,b6a8,867,884,17
r1b1kbr1/1pp1pppp/n2q1n2/P7/1P2pP2/N6P/R2PN1P1/2BQKB1R w K - 0 13,a3c4,white,a3c4,-138,-141,-3
r5nr/2pp1k2/b2b1q2/pp1P3p/1P2p1Pp/n3PN1B/2P1RP1R/2B1K3 b - - 3 23,e4f3,black,e4f3,924,936,12
Brb1k2r/p1ppq3/2n1N1pb/7p/1nP3P1/NP1P4/P3PP1P/R1B1K1R1 b Qk - 4 15,h6c1,black,h6c1,693,702,9
rBb1q1nr/1p1pk2p/pp4p1/3P1p2/P3pb2/7P/1PPNPPP1/R3KBNR w KQ - 0 14,b8f4,white,b8f4,-114,-109,5
rnbqkbr1/p2p1pp1/5n1p/1pp1p3/4PB2/3P2P1/PPP1NP1P/1R1QKBNR w Kq - 0 8,f4e5,white,f4e5,222,186,-36
1r1q1knr/3b1pp1/4p3/Pppp4/1p2P3/3P1P2/R4N1R/1N1QKB2 b - - 0 23,h8h2,black,h8h2,487,483,-4
4kb2/R1q1ppr1/2p3pn/1p1pPb1P/1P6/3P2NP/1BK2P2/1NQ2B1R b - - 0 23,c7a7,black,c7a7,-303,-327,-24
r1bqkbn1/p1ppp1pr/1pn2p1p/7P/5P2/3P3R/PPP1P1P1/RNBQKBN1 w Qq - 3 6,d3d4,white,d3d4,108,106,-2
3qkb2/rP1np1nr/p4Q1B/4P1pp/1p1p1P1P/P2P4/2P3PR/RN2KBN1 w - - 1 22,f6g6,white,f6g6,99999,100000,1
r1bqkr2/ppp3pp/1n5n/3ppp2/P5P1/RP1P3P/2PNPP2/2BQKBNR b Kq - 2 10,f5g4,black,f5g4,-289,-301,-12
r1bqkbnr/1p1ppp1p/n5p1/p5P1/P1p5/N3PN2/1PPP1P1P/R1BQKB1R b KQkq - 1 8,d7d5,black,d7d5,-51,-41,10
r1bqk1nr/p1pp1ppp/n2b4/1p2p3/5PP1/P2P4/2P1PK1P/RNBQ1BNR b kq - 6 9,d8h4,black,d8h4,451,429,-22
r1b1r3/p2pk1p1/n4p2/2NPp2p/q5n1/5P2/PP1QP1PP/3RKBNR w K - 2 19,c5a4,white,c5a4,795,777,-18
r2Nkb1r/p2np3/1pp2n2/7p/2PP2b1/1P2P3/P3Q2P/RNB1K2R w KQkq - 0 18,e2f1,white,e2f1,358,372,14
r2qkb1r/1ppbpppp/1n1p1n2/pB4P1/1P6/B3PN2/P1PP1P1P/RN1QK2R b KQkq - 0 7,d7b5,black,d7b5,271,271,0
r2qkb1r/pp1np2p/n1ppb1p1/8/1P2PBp1/3P4/PNP1KPBP/R2QN1R1 w q - 2 17,d3d4,white,d1d2,-197,-196,1
1rb1kb1r/p1p1np2/1p2q2p/2Ppp1p1/1n2PPP1/N1N4P/PP1P4/1RB1KBR1 b k - 2 15,e5f4,black,e5f4,747,796,49
r1b1kbnr/pp2pp2/n5p1/2p1p3/3P2Pp/1qN1P2P/PPP1BP2/R1BQK1R1 w q - 0 14,a2b3,white,a2b3,629,627,-2
r1b1kbn1/1p1n4/p2pp1pr/2p2pBp/5N2/PqPP2P1/R2QPP1P/1N2KB1R b Kq - 3 12,b3b1,black,b3b1,520,522,2
r3kbnr/1bq5/pPp2pp1/2p1pP1p/PP4Q1/N2P3P/3P2P1/1RB1KB1R b Kkq - 0 20,h5g4,black,h5g4,94,86,-8
r3k2r/pbp1qppp/n2p3n/2b1p3/p4PPP/5N2/PPPPPK2/R1BQ1BR1 w kq - 5 12,e2e3,white,e2e3,-428,-447,-19
rn3bkr/2pbqnpp/p7/1N1p2N1/1P6/B3P1PB/P1PK3P/R3Q2R w - - 1 19,h3g2,white,h3g2,-291,-282,9
r4b1r/pb1kp3/P1pp3n/1p1P4/4pp1p/Q1N5/q1P1K1PP/R1B1NB1R w - - 0 25,a1a2,white,a1a2,710,699,-11
rn2kbnr/pp2pNpp/2p2p2/1q1p4/2PQPP2/N4b2/PP1P2P1/RBB2K1R b kq - 12 17,b5b6,black,b5a4,-363,-379,-16
rnb2k1r/p2qp3/1pp3pb/7p/PPBP1N2/5PP1/R1PB1K1P/1N2Qn2 w - - 0 22,e1e5,white,f4e6,406,414,8
r7/1qp4r/p2kbn1R/1p1p1PN1/1P6/b1PP1P1B/P3KP2/R1B5 w - - 2 23,c1f4,white,c1f4,303,326,23
1n4nr/r1k1bp1p/3pp3/1p3qp1/1P6/B3P1Pb/2RKBP2/5NR1 b - - 0 24,c7d8,black,c7d7,842,856,14
3qk1nr/1rp1bp2/p6p/Pp1pPbp1/8/N4PPB/PBP1PK2/R2Q1N1R b k - 3 18,f5h3,black,f5h3,-309,-308,1
2N1kb1r/rp2p3/n2p4/p1pP1pBp/1q5P/3P2P1/PPPNBP2/1R1Q1KR1 b k - 0 22,a7a8,black,a7a8,-849,-931,-82
r2qkbn1/3nppp1/1pp3P1/p2Q4/7p/4P2P/PPBP2P1/RNB1K1NR b - - 3 16,c6d5,black,c6d5,196,211,15
r1bqkbnr/p2ppppp/8/1p6/1P2P3/Nn6/P1PB1PPP/RQ2KBNR w KQkq - 1 8,a2b3,white,a2b3,435,425,-10
1rbqkb2/p1p1ppp1/np1p1n1r/7p/P1P1P3/R4N2/1P1P1PPP/1NBQKB1R w K - 2 8,b1c3,white,d2d4,140,150,10
r1b1k3/3n1prp/3bpn2/pp2p1p1/2PpPPPP/qP5B/R4Q1R/4K1N1 w q - 2 25,a2a3,white,a2a3,-461,-477,-16
1r3bnr/p3pp1p/b2pkBP1/1p1q3P/1pP4N/N2P4/n1Q1PP2/R3KBR1 w Q - 2 21,f6h8,white,c4d5,674,737,63
r1bq1b1r/3kp2p/1pp2nQn/p4p2/2P1pN1P/3P2P1/P3B3/RNBK3R b - - 4 16,h7g6,black,h7g6,712,663,-49
4k1r1/rpp4p/p6b/1PPbpn2/Q1q1PpB1/P5P1/1B1PN2P/RNK3R1 w - - 3 26,a4c4,white,a4c4,456,469,13
rnb1kr2/3p1p2/1pp4p/PN2pn2/2P1PpPP/b3q3/PB1PB2N/1R1Q1K2 w q - 0 19,b5c7,white,d2e3,-37,-37,0
rnb1kb1r/3pnpp1/p3p2p/2pQ1q1B/8/N1P1P1PP/PP1P1P2/R1B1K1NR b KQq - 2 12,e6d5,black,e6d5,713,702,-11
1n1q1bnr/3bk1pp/rp1pp3/p1p2p1Q/P1PPPP2/N5PP/1P2NK2/1RB2B1R b - - 2 15,g8f6,black,g8f6,94,93,-1
rnb1kbr1/1ppp1p1p/p5p1/4p3/1P2nq2/2P2PPP/P1QPP3/RNB1KBNR b KQq - 0 10,f4g3,black,f4g3,99996,99997,1
rn3bnr/1pp4p/3NkpPB/pq1N4/3P4/7b/P1P1PPPR/RQ2KB2 w Q - 4 19,d6b5,white,d6b5,966,963,-3
rn3k1r/p2qnbp1/7p/2p1p3/3Ppp2/1QP2P1P/PPBK2P1/RNB3NR w - - 4 21,b3a4,white,b3a4,129,152,23
rnbqkbnr/1pp1pp1p/p2p4/8/8/PPP2N2/2QPP1PP/RNB1KB1R b KQkq - 0 6,f8g7,black,c8g4,-5,-5,0
rn1q1b1r/p2kn1p1/Pppp1p2/2P1pb1p/8/3PP1PB/1P1QNP1P/RNB2K1R b - - 2 14,f5h3,black,f5h3,499,508,9
rnb1k3/p2p1p2/2p5/2q3p1/4nP2/PPP3P1/1Q1P3r/RNBK2RB b - - 1 22,e4f2,black,e4f2,99995,99996,1
r2qk2r/p1p1ppbp/P1np4/Rp1b4/1P1NP3/6Pp/2PP4/1NBQKB1n w kq - 2 19,d4f5,white,d4f5,-350,-364,-14
1n3br1/r1k1p3/p3b1p1/Rp1pPp1p/1B1P3P/1PP1K3/P3B1n1/RNQ3N1 w - - 0 23,e3f2,white,e3f2,556,535,-21
rn2kbn1/5ppr/pq1pbB1p/1pp1p3/1P2P2P/1NN3P1/P1PP1P2/R1Q1KB1R b KQq - 0 11,g8f6,black,g8f6,384,372,-12
r4b1r/pn2pnpp/2p3k1/Qp1p1pN1/3P1K1B/PP4PB/2P1PP1P/RN5R b - - 0 21,b7d6,black,f7g5,-660,-685,-25
rnb1kb1r/p1p1q1p1/1p1ppn2/2B2pp1/2P2P2/1P6/P1QPP2P/RN2KBNR b KQkq - 1 9,c8b7,black,c8b7,548,553,5
r3qbn1/4ppr1/2np2P1/p3kb1p/P5PP/4K2B/RPP1P3/2BQ2NR b - - 4 21,h5g4,black,h5g4,325,324,-1
r3kbnr/2pqpp1p/bpn3p1/P3N3/3p4/2NPP1PP/PBP2P2/R2QKB1R w KQkq - 5 11,e5d7,white,e5d7,620,636,16
r1b1qb1r/1ppnpkp1/p4n2/P2p1p1p/1R3P2/1P4P1/2PPP1BP/1NB1QRKN b - - 13 13,e7e5,black,e7e5,145,138,-7
rnbqkb1r/p1p1ppp1/1p1p4/5nN1/5Pp1/1PP5/PBQPPK1P/RN3B1R b kq - 2 9,f7f6,black,f7f6,288,314,26
rqb2b1r/1p2k3/p1Bp1ppp/4pP2/4N1QP/PPn3P1/1B2NP2/1R3K1R w - - 0 24,g4g6,white,g4g6,614,631,17
1rbk1bnr/p7/1n6/1Pp1pp1p/1PPp3K/2N1p1PN/1B2P2P/R4B1R b - - 8 25,g8e7,black,c5b4,488,481,-7
rnb3n1/1p1kb3/p2qpp2/6pr/P1p1P2P/7N/1PPP1PP1/RNB1KR2 b - - 3 14,g5g4,black,g5g4,848,814,-34
r1b2b1r/pp2n2p/4kp2/2pp2p1/2Pn1PP1/7N/q2PB2P/R1B1K2R w KQ - 1 20,a1a2,white,a1a2,-608,-592,16
2rqkbn1/3n1pp1/1p1pp2r/pNp5/2P1P1p1/1PBb1PP1/P1QP4/1R1K4 b - - 7 24,h6h1,black,h6h1,99999,100000,1
r1b1kbn1/p1qppppr/n7/1Pp4p/P4P2/2N3PP/1P1PP3/R1BQKBNR w KQq - 2 10,b5a6,white,b5a6,464,449,-15
rn1qkbn1/pb3p1r/1p2p3/2B4p/P3p1p1/2PP1QPN/1P2KP1P/RN3B1R b q - 0 13,e4f3,black,e4f3,879,910,31
rn2kb1r/p1p2npp/bpq2p2/4p3/1PpP2P1/P4N2/N3PPBP/R1BQ1RK1 b kq d3 0 13,a6b7,black,a6b7,-112,-102,10
1nb1k2r/1r5p/2p1p2n/bp4p1/p1PpP1P1/PPNP4/3B1P1P/1R2KB1R b k - 1 20,d4c3,black,d4c3,769,770,1
1r1qkbn1/p1p1pppr/2npb3/1p5p/P7/3PKP1P/1PP1P1P1/RNB1QBNR w - - 1 8,a4b5,white,a4b5,44,49,5
rnb1kb2/p3ppp1/7n/3p1Q2/RPq1PPPr/2P5/7P/1N2KBNR b K - 0 15,c8f5,black,c8f5,531,600,69
1r1qkbnr/2p5/1Q1pPp1p/p1nb2P1/1p1N2P1/4P3/PPP2P1N/R1BK1B1R b k - 1 19,b8b6,black,b8b6,567,599,32
3qkbnr/p4pp1/2rpp2p/1pp2b2/Nn6/1PKP4/PBPNPPPP/R3QB1R w k - 0 13,d2c4,white,d2c4,-422,-452,-30
r3k2r/1ppb1np1/p3p3/N1bp2qp/PnQ1P2P/3P2P1/R4P1R/1NB1KB2 w - - 1 21,c4c5,white,c4c5,236,193,-43
1nqk3B/r2p4/3b3r/p1pnPp1p/PP3P1P/3P1K1N/b7/1N1Q1B1R w - - 3 23,e5d6,white,e5d6,-357,-384,-27
rn1k1b2/pp1b4/2pp2pB/P3p2p/P2P1pP1/NR3P2/2PKP2P/3Q1BNR b - g3 0 13,f8h6,black,f8h6,-776,-809,-33
rnbqkb1r/p2ppp2/1p4pn/2p4p/3P4/4B3/PPP1PPPP/RNQ1KBNR b KQkq - 3 6,h6f5,black,d7d5,104,116,12
r1b1qknr/1pp1b3/1P5p/3p1pp1/3p2P1/RNBn3P/2PKPP2/3Q1BNR w - - 1 20,a3a8,white,a3a8,-162,-152,10
rnb1kb1r/p1pp1ppp/5q2/1p2p1P1/4n3/2PP4/PP1BPP1P/RN1QKBNR b KQkq - 0 6,f6f2,black,f6f2,99999,100000,1
r1Bq1bnr/n5kp/2ppp3/4P1p1/p7/2P3PP/PP1PKP2/RNB3NR w - - 0 14,c8e6,white,c8e6,-571,-526,45
5k2/p2bnp2/pr2pbpr/2pP2P1/3PP2p/P1B3Q1/3N1KPP/R5NR w - - 8 22,g3f4,white,g3f3,711,706,-5
rnbq1bnr/p1pkp2p/3p1pp1/1p6/2P4P/1P1PB3/P2NPPP1/RN1QKBR1 w Q - 5 10,c4b5,white,g2g4,132,139,7
r1b1kbnr/2pp2qp/2n5/pp3pp1/1P2p3/2PP1PPP/P2KP3/RNBQ1BNR b kq - 1 10,a5b4,black,a5b4,339,328,-11
r2qk2r/3pnp2/2b2bp1/pp2P1p1/PPB1P2P/N1B1n1PR/2PP4/R2QK3 b kq - 0 21,e3d1,black,e3d1,548,522,-26
rn2k1nr/1pp1pp1p/4b1pb/p4Pq1/1NP5/1P5N/P2PP1PP/R1BQKB1R w KQkq - 1 9,h3g5,white,h3g5,590,591,1
r3b1nr/ppp2kpp/n7/5p2/8/NP1N3P/P1PPBbP1/1RBK3R b - - 0 16,f2g3,black,f2g3,-177,-190,-13
rnb1k3/p4r1p/1p1p2pn/2p2p2/P3P3/1P2Pq2/2P2NP1/1NBQKBR1 b - - 1 22,f3d1,black,f3d1,242,290,48
rnbqk2r/pppp1np1/1b3p2/7p/NP2Pp2/3P3P/P1P2PP1/R2QKBNR w KQkq - 3 9,d3d4,white,g1e2,-371,-370,1
2rqN1n1/1pp1krb1/p6p/1bPpp1p1/nP1P1Q1P/4P1P1/4NP2/R1B1KB1R w K - 1 21,f4g4,white,f4g4,-227,-219,8
rn2kb2/p2pq2p/bp2rn2/2p1pPP1/PPP1N2P/B7/3P2PR/RN1QKB2 w Qq - 7 17,g5f6,white,g5f6,553,580,27
1rbq1kr1/1pp3pp/p1np1p1n/3Pp3/Nb6/P6P/1PPQPPP1/R3KBNR w - - 2 13,a3b4,white,a3b4,30,15,-15
r1b2bnr/pp1npkpp/1qpp4/8/8/N1PP4/PP2PPPP/R1B1KBNR w KQ - 1 6,e2e4,white,g1f3,-571,-587,-16
r3qbr1/1pp4p/p1k1BP2/3p3b/PP6/B1Pn1N1P/3PKPP1/R2Q2NR w - - 3 22,e2f1,white,e2f1,494,505,11
r2qkb2/p1ppp1rp/Q3b3/2P1np2/4P3/4B3/PP3PPP/RN2KB1R w Qq - 2 16,b1c3,white,e3d4,121,110,-11
r1b5/3pnp1p/5krb/Ppp3p1/2Pp1P2/3QP1PN/P3B2P/1RB2K1R w - - 3 24,e3d4,white,e3d4,803,741,-62
rnk3nr/2q1pp1R/p3b2b/1pppNPpB/1PPPP3/4Q1K1/P5P1/R1B3N1 b - - 3 19,h8h7,black,h8h7,256,299,43
r1b1kb1r/pp1p1ppp/1qn4n/2p1p3/5P1P/6PB/PPPPP3/RNBQK1NR b kq - 3 7,d7d5,black,d7d5,233,226,-7
1r2k2r/pbpqppb1/2n4p/Np1P4/1P1PnPpP/B1P2Q2/P4NP1/R3K1R1 b Qk - 0 18,c6a5,black,g4f3,637,651,14
3qk1nr/1p1bb3/r1npppNp/5P2/pPNP2p1/8/P1PBP1PP/R2QKBR1 b k - 3 19,c6d4,black,c6d4,-267,-275,-8
r2qkbnr/nPp1p2p/8/pN1p4/5pbP/8/1PPPP3/RNBQKBR1 b Qkq - 2 12,a8b8,black,a8b8,-300,-305,-5
r2q1bnr/p1pkpppp/1p1p4/8/1n5P/2PbP3/PP3PP1/RNBK2NR b - - 0 12,b4c2,black,d3c2,892,857,-35
r2qk2r/p1n4B/4b2b/2p3pP/2pP1p1Q/P3P3/1P3K2/RNB3NR w - - 2 21,h7g6,white,h7g6,57,47,-10
rnb1k2r/p1p5/4Bppn/2B5/2P1P3/1P2K1Pp/P2PN2P/R2QR3 b - - 2 20,c8e6,black,c8e6,-553,-548,5
1nb1r3/r1pp1k2/pp2pnpp/2b1Pp2/1PPP2PP/P6B/Q5KR/R1B5 w - - 1 26,b4c5,white,b4c5,511,509,-2
1nb3k1/r5p1/2pp4/pp2p1P1/1PN1Pp2/P1Q1PK1B/2P5/b5N1 w - - 2 24,c3a1,white,c3a1,495,533,38
rn5b/p3pk1r/1p2bp1n/1Pp5/P5qp/2PP2P1/1BK1P2P/RNQ2BNR w - - 2 21,f1h3,white,f1g2,341,347,6
rnbk2nr/Np1p1ppp/8/4p3/qb3PP1/4K2P/PPQ1P3/RNB2B1R b - - 4 14,a4c2,black,a4c2,759,796,37
r1bq1rn1/1pbp1p1N/4k3/p3n3/PP3P2/Q1pB2P1/2PPP1RP/RN2K3 b Q - 0 17,e5d3,black,e5d3,-8,-25,-17
rnb1q2r/p2k3p/6p1/1p1Pp3/P1K1np2/b3P2N/1PP2P1P/R1BR2Q1 w - - 0 19,a4b5,white,a4b5,-368,-398,-30
rnb1kbn1/4q3/p3pppr/1ppp3p/PPPPNB2/R5PN/2Q1PP1P/4KB1R w Kq - 0 12,c4d5,white,e4d6,430,393,-37
1n2k1r1/rpqb2p1/p1p1ppN1/4pP1Q/P1Bb2P1/N7/5K2/R1B4R w - - 0 21,f2g2,white,f2g3,310,362,52
r1b2bn1/p1kppp2/n2r4/1p4pp/P2P1P1P/1PB2NP1/2qQPK2/R4B1R w - - 2 21,d2c2,white,d2c2,646,636,-10
r1bqk1nr/1p2bpp1/1p5p/3pp3/Pp6/N2P1PPP/QB1PP3/4KBNR b Kkq - 1 14,b4a3,black,b4a3,577,553,-24
rn5r/p1n1pk1p/Bp1pb1qb/N1p3p1/PPP1PN2/3Q2p1/3P1PPR/2B1K3 b - - 0 19,g3h2,black,g3h2,771,763,-8
r1bq2nr/1p1pk3/n6p/p1p1pp2/P1N1N2R/3P1PP1/RPPBP3/3QKBb1 w - - 3 18,e4d6,white,e4d6,329,351,22
rnb3nr/1p1pk1b1/2p2p1p/p2Np1p1/PP2P2P/2NP4/2PQBqP1/2RK3R b - - 1 21,e7d8,black,c6d5,307,256,-51
2r1kbnr/p1q4p/b1np4/1pp1ppp1/1P2BP2/2B1P1P1/P1PPN2P/RNQ1K2R b KQk - 9 13,f5e4,black,f5e4,386,373,-13
rk3bnr/p3p1p1/n1b4p/Bp1PP1P1/3p1P2/N4P2/PP2B1R1/1R1QK1N1 w - - 1 21,d5c6,white,d5c6,1176,1201,25
r1bk1bnr/pp1p1p2/6p1/2pn4/2P5/N2Q2Pp/PP1BP1BN/3RK2R b K - 1 15,h3g2,black,h3g2,-477,-488,-11
rnbqk1n1/pppp1pb1/6pr/4p1B1/PPP3p1/2NP4/R2QPP1P/4KBNR b Kq - 5 11,f7f6,black,f7f6,-118,-105,13
1nb2b2/3p1k2/r2r4/2N1p1p1/pPPp3P/P3PP2/1R1N3P/2BBK2R b - - 0 25,f8e7,black,g5h4,-607,-559,48
rnb1k1nr/pp1p3p/1bp2p1q/1Q2P1p1/5B2/2P1PP2/PP4PP/RN2KBNR b kq - 0 14,c6b5,black,c6b5,626,607,-19
rnbqk2r/bppp2p1/7n/p3pp2/3PPP2/3Q2PB/PPP4P/RN1K2NR b kq - 2 11,d7d5,black,e8g8,417,401,-16
r1b1kb2/p3n1r1/BN1ppp1p/6p1/3p1PPP/2Q1P2N/PPK5/R1B4R w q - 1 23,a6b5,white,c3c8,699,693,-6
rn3knr/2q2p1p/p6b/1pppp1p1/P1NP4/2P4P/1P2PPB1/R2QK1NR w KQ - 0 13,a4b5,white,c4e5,244,248,4
rnb2b1r/2ppk1pp/1p2pq1n/pN3p2/4P3/P2PB3/1PP1KPPP/1R1Q1BNR w - - 6 11,g1f3,white,g1f3,279,251,-28
r1b3nr/p7/n1pqkppp/1N1pp3/2P1P1P1/B7/P2PBK1P/R1Q2RN1 b - - 0 16,d6d7,black,d6d8,-625,-672,-47
4k1nr/4b3/5p1p/2Pppb2/3nPP2/3P2pN/PQ4PR/RNBK1B2 b - - 0 25,g3h2,black,g3h2,-390,-421,-31
r1bq1b1r/p3pk1p/5ppn/1p1pn2P/1Pp2P2/N5P1/PBPPP3/1R1QKBNR b K - 0 12,e5g4,black,e5g4,149,154,5
4rQr1/pp3b1p/2p2kPn/5p2/1P2PK2/N5R1/q2N1PP1/1RB1nB2 w - - 1 26,f8d6,white,f8d6,595,696,101
rn1qkbnr/pp1bppp1/3p3p/2p5/Q1PP4/P7/1P2PPPP/RNB1KBNR w KQkq - 0 6,a4d1,white,a4d1,-72,-72,0
rnb2bnr/pp1pp1k1/1P3p1p/2pq4/4P1Pp/2NP1P2/P1PK3P/R2Q1BNR b - - 0 11,d5f7,black,d5f7,305,289,-16
rnb1kb1r/3q3p/1ppp1p1n/p5p1/7P/3BP2N/PPQP1PPR/RNBK4 b kq - 1 10,g5g4,black,g5g4,152,145,-7
1rbqkbn1/p1n1p1p1/r7/1NKp2Pp/PP1PPp1P/5P1R/2PQN3/R1B2B2 b - - 2 23,c7e6,black,c7e6,99999,100000,1
r2qkbr1/2pnppp1/8/pP6/b2p2P1/R1Q1BP2/1P1KnN1P/1N3B1R w q - 0 23,c3d3,white,c3c6,-217,-240,-23
rnbqk1nr/p1p1p2p/1p4pb/3p1p1P/6P1/8/PPPPPPB1/RNBQ1KNR w kq - 1 6,h5g6,white,g4g5,172,169,-3
1rb2bnr/q2k2p1/p7/3PPP1p/1p4pP/PPN3P1/8/1R1QKBNR b - - 0 23,b4c3,black,a7e3,234,232,-2
r1bqkb1r/pp1pN2p/2p2pp1/n3pn2/4P2P/5P1N/PPPPK1P1/R1BQ1B1R b kq - 0 10,f5g3,black,f5g3,569,561,-8
rn2kbr1/p1pqppp1/1p1p3n/5b1p/PP4P1/2P4P/R1QPPP2/1NB1KBNR w Kq - 1 8,g4f5,white,g4f5,501,476,-25
rn1kq1rb/pb3p1p/5Np1/1p5P/2P1p1n1/1P2p2N/P2K1PP1/R1B2B1R w - - 0 24,f2e3,white,d2c2,-776,-803,-27
r3kb1r/p5pp/n6n/1ppNpb2/8/4P2P/PPPP1KPR/R1B3N1 b kq - 1 16,f5c2,black,f5c2,589,570,-19
1nbk1r2/1r1p4/2p3pp/1pP1p3/p5pP/P3P1K1/BP2NR2/RqB5 w - - 0 26,f2f8,white,f2f8,537,519,-18
2br4/4k1pp/rppppp1n/pBb5/1P1NP2P/P3NPP1/2Pq4/1RB1K2R w K - 0 19,c1d2,white,c1d2,141,164,23
rn1qkbnr/p2Nppp1/b6p/1ppp4/1P6/8/P1PPPPPP/R1BQKBNR w KQkq - 0 6,d7c5,white,d7c5,183,187,4
1rb1r3/pp1k2p1/n4p1p/2p3BP/5QP1/4N1R1/PqP1PP2/RN2KB2 b Q - 1 20,b2a1,black,h6g5,-22,-369,-347
r1bqkbnr/p2ppp2/npp5/3N2pp/2P1PP2/4K3/PPQP2PP/R1B2BNR w kq - 0 9,d5c3,white,d5c3,-155,-154,1
1n3knr/5q1p/rp1p1pp1/p2p4/1p1P4/PPP1PN2/R2KB1PP/1bB3bR b - - 0 25,b4c3,black,g1e3,796,731,-65
1rb1k2r/3np2p/pp6/2p5/P1P2BN1/R2PP1P1/1P6/1Nn1KBR1 w - - 0 25,e1d2,white,f4b8,602,648,46
r1b2knr/p4p2/4Bqpp/1p6/1P3BPP/P1PP2nN/R3P3/1NKQ3R w - - 1 24,e6b3,white,e6b3,570,614,44
1n1qkb1r/1p3ppp/r1p4n/p2p4/BP2Pp1P/5Q2/P1PP1PbR/RNB1K3 w Qk - 0 11,h2g2,white,h2g2,-306,-287,19
r4b1r/1p3p1p/n1p1k1p1/p2p2B1/3Pp1PP/6N1/P1b1P3/1R1QKBNR b K - 4 21,c2d1,black,c2d1,-391,-373,18
rnbq1k1r/2ppnpbp/4p1p1/pN6/2P3P1/5N1P/PP1PPPB1/1RBQK2R b K - 0 12,h7h5,black,h7h5,-153,-145,8
3rkb2/2p1pppr/p7/np1N3p/2pP4/NPK1P2B/R4PPP/1bBR4 b - - 0 25,b5b4,black,b5b4,-28,-37,-9
rn3rk1/3b2bp/3ppp1n/pp4pP/P4P2/N1P4R/QP1PP1P1/2B1KBq1 w - - 0 15,a3b5,white,a3b5,-546,-559,-13
r2qkbnr/pp6/2p2p1P/P3p3/Q2p3P/3n4/bP1KP1P1/1NB2BNR w kq - 0 14,a4a2,white,e2d3,-464,-468,-4
1nb1qbkr/2ppp2n/7r/pp5p/NP2Pp1p/P4PPP/2PP4/R1BQKR2 w - - 0 18,g3f4,white,a4c3,-497,-542,-45
r1bq1bnr/p1pk2Bp/5p2/1pnp4/P2PpP2/7N/1PPNP1PP/1R1QKB1R w K - 0 10,g7f8,white,g7h8,393,386,-7
1r1k3r/4n1Rp/ppbP3b/4ppQ1/1P5P/8/P1K2PP1/R1B2BN1 b - - 2 21,c6a4,black,c6a4,-641,-697,-56
rnq1k2r/1p2np1p/pP2p2b/3p4/NRp2Pp1/P5P1/2bPP2P/2BQKBNR w Kkq - 1 19,d1c2,white,d1c2,191,204,13
rn3r2/pb1pppkp/2p2npb/q7/P1B4P/1pN1PP1R/R2PKNP1/2BQ4 b - - 0 14,b3a2,black,b3a2,393,397,4
rnb1kb2/1n2p1pr/pq1p4/2p4P/3PPpp1/p1P2P1B/1P5N/RNB2KR1 b q - 2 23,a3b2,black,a3b2,967,918,-49
r4knr/p1n3pp/B1p5/6q1/pb2p2B/N1R1pNPP/1PP2P2/5K1R w - - 1 20,f3g5,white,f3g5,-234,-228,6
rnb1k2r/1ppp1ppp/4p2n/p5q1/P2P1P1P/b1N5/1PP1PKP1/R1BQ1BNR b kq - 0 8,h6g4,black,h6g4,-432,-427,5
4k2r/rBq1ppbN/b7/p1p2P2/N2p1PP1/PPP3Q1/3P3P/1RB1K2R w - - 5 24,b7a6,white,b7a6,533,535,2
Qnb2br1/2k1p1p1/p4n2/Pppp4/1P3pp1/3P1P2/1RP4P/2BNKBNR b K - 5 24,b8c6,black,e7e5,-605,-605,0
rn1qkb1r/p2pp3/1Bp3pp/6pn/1P2PP2/3K3P/P1P3P1/RN1Q1BR1 w kq - 1 13,b6d8,white,b6d8,512,481,-31
rnb4N/3p3p/1pk4b/p1p1pnp1/1Q3P1P/P2P2P1/1PPBKP2/1R1N1B1R b - - 3 20,a5b4,black,a5b4,-549,-565,-16
r1b1q1n1/pp1nb1pr/2pp1pk1/4P3/1P2PPP1/1QPK3p/P6P/RNB2BNR b - - 0 16,h7h4,black,h7h4,-206,-222,-16
rn3bnr/3qp2k/2p2pp1/1Q1p1b1p/pP1PPP2/2P1KNPP/PB1N4/1R3B1R b - - 1 19,c6b5,black,c6b5,438,403,-35
rnb1kbnr/p1p2ppp/4p3/1p1pq3/4P2P/2N3P1/PPPPBP2/R1BQK1NR b KQkq - 0 6,d5e4,black,d5e4,-103,-113,-10
r1bqk1r1/p2p3n/npp3p1/4pp1p/1bPP3P/NP1KP3/PB3PP1/4RBNR b q - 3 15,b4e1,black,b4e1,863,834,-29
rnbqkb1r/1pppp2p/5p2/p5p1/5P2/1P2P2N/P1P1Q1PP/RNB1KB1R w KQkq - 0 7,e2h5,white,e2h5,99999,100000,1
1n1k3r/r2b2b1/B1p3np/1p1pPp2/1p1p2P1/2P1Q2P/P2B1P2/RN2K1NR b Q - 0 25,d4e3,black,d4e3,451,460,9
r1bqkbnr/p1pp3p/1p2p3/5pp1/3N1B1n/P1NP2P1/1PP1PP1P/R1KQ1B1R b kq - 0 9,g5f4,black,g5f4,229,225,-4
r1r5/1p1kpp1n/1q1N2pb/2pP3p/p1B2PN1/P3P3/2PB2PP/R3K2R w - - 3 26,d6c8,white,d6c8,159,140,-19
rn1q2nr/p3pk1p/2p2p1b/Qp1p4/PP1P2Pp/1N3b2/1RP2P1P/B3K1R1 b - - 5 21,d8d6,black,d8a5,635,637,2
2r1q1nr/pb3kbp/B2P4/n3p1P1/1pp3P1/P3Np2/2RPN3/2BQK1R1 w - - 1 26,e2g3,white,e2g3,98,229,131
r1bqkbnr/p3p3/n1p3pp/P2p4/1pPPPPp1/8/1P4PP/RNB1KBNR w KQkq - 0 10,c4d5,white,e4e5,-631,-644,-13
r2qkbnr/ppp1pp1p/2np4/6p1/2P5/5P1b/PPNPPKPP/R1BQ1BNR b kq - 2 7,h3d7,black,h3d7,1,-15,-16
1rbqkbnr/p1pppp1p/8/1p2n1B1/P6P/3P3R/1PP1PPP1/RN1QKBN1 w Qk - 0 6,d3d4,white,d3d4,266,252,-14
1rbqkb1r/2p1pppp/2np4/pp1Q4/6nP/P1P5/1P1PPPPR/RNB1KBN1 b Qk - 1 8,g4h2,black,g4h2,413,411,-2
r1q1k2r/pbpp1p2/2nb1npp/3PN3/1p2PP2/PP1B3P/2PBN1P1/1R1QK2R b Kkq - 0 15,c6e5,black,c6e5,-264,-247,17
rb2k1nr/p2n2p1/1p3p1p/1P2p3/2q1b1PP/P2NPP2/3P3K/R1B2BR1 w - - 0 26,f3e4,white,d3b4,-607,-642,-35
r1q1kb2/2p1ppr1/3p1n2/pp2PNPb/4P3/1PN5/P1PPB3/R1BQK3 w Qq - 2 16,f5g7,white,f5g7,393,483,90
2r1kbnr/p1p2pp1/b2pp3/1p5p/2NPP3/2QB1P2/PP1PK1Pq/R1B3NR w k - 0 14,h1h2,white,h1h2,679,684,5
rnb1kb2/1p2pp1r/3p1n2/p1q3B1/4P2p/PPPK1P1P/1Q4P1/RN3BNR b q - 0 14,c5g5,black,c5g5,505,483,-22
1nbq1b2/r1p1p1rp/1p3kpn/3p1p2/PpP2P2/2NP1NK1/Q3P1PP/1RB2B1R b - - 1 17,b4c3,black,b4c3,279,303,24
r1b4r/1Qqn1pb1/2Npkn2/p5p1/PPp5/4PB2/1BPP1PPP/RN2K2R b KQ - 1 15,c8b7,black,c8b7,490,507,17
1n2kb1r/r3p3/2q1bp2/BPp3pp/2PPp1PP/1P3P2/4P1B1/nR1K2NR b k - 0 21,c6d7,black,c6d6,697,705,8
1nb3nr/r1qBkN1p/5p1b/p1p5/Q3p1P1/2P1P2P/PP1P1P2/RNB1K2R w Q - 0 13,d7c8,white,d7c8,446,442,-4
1n4nr/rb3kb1/pq2pp2/1N2B1p1/1PpP1PPp/3QK3/P3P2P/1R3BNR w - - 9 22,b5d6,white,b5d6,-373,-368,5
rn2kb1r/p2bppp1/8/1P1p3Q/4n3/R3P1PN/1PPP2PP/1NB1KB1R b Kkq - 1 15,h8h5,black,h8h5,-367,-372,-5
r1b1kbnr/2p1pppp/p1npq3/1p3P2/3P1B1P/P7/1PP1P1P1/RN1QKBNR w KQkq - 1 7,f5e6,white,f5e6,676,661,-15
3qkb1r/pr1bp1p1/2P2n2/Pp3pNp/1P3P2/Rn4P1/1B1PP1BP/1N1QK2R b - - 2 16,b7c7,black,b3d2,-687,-720,-33
1rbqkbnr/2ppp2p/2n2p2/p5Pp/1p6/1PN1P3/P1PPNP2/R1BQKB1R w KQk - 0 9,c3d5,white,c3d5,246,230,-16
r2qkbQ1/p3p2p/n2p1p2/3p2p1/Pp1P3P/4PN2/1PP3P1/R1BK1B1R w - - 1 15,f1b5,white,f1a6,918,869,-49
1n1r1bn1/pP1b2p1/2pp2kr/3P1p1p/1P3B1P/4pP2/1RP1P1PN/1NQK1B1R b - - 2 22,g6h7,black,g6h7,-769,-769,0
2bqkb1r/1r2pp2/p1p1p2n/4P1pp/1P6/2PP1KPQ/P4P1P/R1B3NR b k - 0 16,g5g4,black,g5g4,752,758,6
r1bqkbnr/2ppp3/p6p/4npp1/1pPP4/PP6/3KPPPP/RNBQ1BNR b kq - 0 9,e5g6,black,e5g6,34,29,-5
r4q1r/p1p1npk1/bNp3pb/4p1Np/P1P2P2/7P/3PP1P1/R1BQKB1R b KQ - 0 15,a7b6,black,a7b6,25,60,35
r3kbnr/2qnp1pp/p3b3/1pPp1p2/P1P2P1P/1P2B2R/4PKP1/RN1Q1BN1 w kq - 1 15,c4d5,white,c4d5,209,219,10
1rb2k2/p2pp2p/1p6/1n3pQ1/1NP3nP/N5PR/P1K1PPB1/q7 b - - 0 20,a1c3,black,a1c3,99998,99999,1
r1b2k2/pp1Qn3/1r5b/2pppp2/1BP4p/q1N1PP2/1P4BP/1R3KNR w - - 0 24,d7d8,white,d7d8,578,577,-1
rnB1k2r/p1pp1ppp/4pn2/3q4/P1P2N2/4P1P1/P2P1P1P/RN1QKR2 w Qkq - 3 12,c4d5,white,c4d5,814,826,12
1rb2knr/3pp2p/p1n4b/1p1P1pp1/1PpPP1P1/B3QPK1/P6P/RN3BNR b - - 1 19,f5f4,black,f5f4,-339,-363,-24
rnbk1bnr/pp2pppp/2p1Q3/2qp4/8/P1P2P2/RP1PP1PP/1NB1KBNR b K - 1 9,c8e6,black,c8e6,736,707,-29
r1bqk1nr/ppppb1p1/n4B2/P3p2p/3P3P/6PB/1PP1PP2/RN1Q1KNR w kq - 1 10,f6g7,white,f6g7,468,460,-8
r1q2b2/p2npkrp/bp3p1n/6p1/2Pp1P2/1P1Q3P/P2K2P1/R1BN1BNR b - - 6 17,d7c5,black,g5f4,464,457,-7
r1b1kbnr/1p2pp1p/p1np3B/3q4/NPp3P1/5N2/P1PPPP1P/R2QKB1R b KQkq - 4 8,f8h6,black,f8h6,103,105,2
r2Bk3/1b4p1/2npP2p/1Bp2r2/p2P4/6P1/PPP4P/RQK1b1NR b q - 2 24,e8d8,black,e8d8,-440,-466,-26
rnq1kbnr/1pp1pQ1p/p2p2p1/8/2P3b1/1P5P/P2PPPP1/RNBK1BNR b kq - 4 8,e8f7,black,e8f7,497,488,-9
r3k2r/2ppnp1Q/1pP3p1/p3p1bp/1PP5/2N2PP1/P1R2B1P/5KNR b kq - 2 19,h8h7,black,h8h7,-484,-473,11
r1b1qbnr/p2np1p1/1p3k2/1Ppp1p1p/7P/P4NP1/1NPPPP2/1RBQKB1R b K - 4 10,c8b7,black,f6g6,-173,-173,0
r1bqk1nr/pppp1pp1/Q2b4/4p2p/P5P1/1PP2P1B/3P3P/RNB1K1NR w KQkq - 4 9,a6e2,white,a6e2,201,207,6
r1b1qrk1/2pp1p1p/3b3n/1pnP4/3p2pP/pPP5/PBQ1PPP1/RN2KB1R w Q - 0 16,b1a3,white,b1a3,-410,-426,-16
r1b1k2r/4q3/1p2pb1P/p1p5/1nP1ppn1/1P1PP2P/P1Q1NP2/RN1K3R w kq - 0 23,h3g4,white,h3g4,-699,-730,-31
r3k1r1/p1qp1pp1/bpp1p3/2nn3p/P1P2P2/3PP2P/1P1KBP2/RNBQ2NR w q - 1 14,c4d5,white,c4d5,448,485,37
2bq1b1r/rppk1p2/n2pp2p/6N1/Pp4P1/1P3Pn1/1BPPP1BP/R2QK1R1 b Q - 2 13,h8g8,black,h8g8,12,12,0
1n2k2r/rbp4p/3p4/p3pnp1/PpP2bP1/q2PPP1P/1P3R2/1R1QKB2 w - - 0 25,g4f5,white,g4f5,-140,-138,2
2bqkb1r/1pppp3/r1n2n2/p4pN1/1P1P1P1P/2P3p1/PB1QP2R/RN2KB2 b Qk - 1 12,g3h2,black,g3h2,544,544,0
rnb1kb1r/3ppp2/ppp2n1p/3R1P2/P1PP2q1/4B2p/1P2P3/1N1QKBNR w kq - 0 18,d5e5,white,d5e5,-256,-264,-8
r1bq1b1r/p2pk3/n2pp1p1/1p3p1p/1n3P1P/BR1P2PB/P1P1P3/3QK1NR w K - 0 14,a3b4,white,h3g2,-284,-304,-20
r1bqkb1r/2pp3p/2n1pppn/pp6/P6P/2P3PN/RP1PPPBR/1NBQK3 w kq - 0 9,a4b5,white,a4b5,464,440,-24
1rbq3r/ppp1kpB1/4p3/1Pbp2PQ/1n4P1/P1P5/3PP1BP/RN2K1NR w KQ - 1 19,g7f6,white,g7f6,792,806,14
4k1nr/1p3Nb1/pnrp1ppp/2pPp3/4P3/NPP1B2P/R4PB1/3K3R b k - 1 20,e8f7,black,e8f7,-485,-477,8
r1b2k1r/pp3ppp/2nbp3/2pp4/2PPP2B/NP3N1P/P4PP1/R2QKB1R b KQ - 0 10,d5e4,black,d5e4,-732,-729,3
r1b1kbnr/pp3pB1/2p1p2p/3p2N1/1P6/6P1/P1PKPn1P/q1Q2BNR w - - 0 16,c1a1,white,c1a1,277,272,-5
rnbqkbn1/p2pp3/1N4pr/1pp4p/3P4/5p2/PPP2PPP/R1B1KBNR w KQq - 0 12,b6c8,white,b6a8,-532,-531,1
r1bqkb1r/pppppppp/8/7n/8/1N1n2P1/PPPK1P1P/R2Q1BNR b kq - 1 8,d3f2,black,d3f2,526,523,-3
5bnr/r1q1pk1p/5p2/ppp1n1p1/PP1p1Pb1/R3N3/1BPPP1PP/3QKB1R w K - 6 15,e3g4,white,e3g4,-262,-260,2
3kr1nr/p1p3bq/b4p2/3p2pp/4p1P1/NP2Pn1P/P1PQB3/R1B2KR1 b - - 2 22,f3d2,black,f3d2,721,728,7
2bqk1n1/2pnb1pr/1prpp3/p6p/PPP1PQ2/R1NB2PP/3P1P1R/2BK2N1 b - - 0 21,a5b4,black,a5b4,359,338,-21
3n3r/r1p2ppp/4b3/p2kpP2/3Q2P1/P3PN1P/RP1nK3/2B2B1R b - - 0 21,e5d4,black,e5d4,-563,-537,26
r1b3r1/p4kb1/Q1ppp1np/2R2n1N/4Pp1P/1P6/B1PP1PPq/2B1KR2 w - - 0 25,c5f5,white,c5f5,-139,-150,-11
3b2n1/r2nk2r/1R1p1p1p/1PP3B1/2P4q/1P3p2/4P1PP/3QNBKR w - - 1 26,g5h4,white,g5h4,720,753,33
rnbqk1nr/pppp2p1/2B2p1p/4p3/5PP1/3Pb3/PPPQP2P/RNB1K1NR w KQkq - 0 8,c6d7,white,c6d7,81,89,8
rn3b1r/p4ppN/2k4q/1ppp1n2/1PPQPPbp/P3PBP1/4N2P/R1B1K1R1 b - - 1 20,f5d4,black,f5d4,444,448,4
r1b2bnr/pp1n1k2/B1ppp1p1/P1q3Pp/4pP1P/RP1P4/2P1K3/2BQ2NR w - - 3 17,d3e4,white,a6c4,-370,-378,-8
r3kbn1/p3q2r/1ppp1pp1/1B3bPp/1n5P/P1P1pN2/1R1P1P2/BN1QK2R b Kq - 1 20,c6b5,black,c6b5,320,311,-9
1rb2bkr/2q1p3/1pn5/P2p2Np/P2Pn2P/2N5/2P1PP2/R2QKB1R b KQ - 0 17,e4c3,black,e4c3,314,321,7
r2k2n1/1pp2p1r/p3pN2/PB1P1bNp/8/b6P/P2Q1PP1/3RK2R w K - 0 19,d5e6,white,d5e6,1015,1112,97
rnbqkb1r/1p2pppp/p1p2n2/3p4/1NP2P2/6P1/PP1PP2P/R1BQKBNR w KQkq - 0 7,c4d5,white,c4d5,-74,-57,17
r1q1k1r1/ppp1ppbp/1P4nn/P2p1P1b/3PP3/4B3/2P2N1P/RN1QKB1R b KQq - 0 14,h5d1,black,h5d1,393,397,4
r2qkb1r/p1ppp1pp/5pbn/Q7/P2n4/1p1P1P1P/1PP1P2R/RNB1KBN1 w Qkq - 0 13,b1a3,white,b1a3,-320,-321,-1
r1b3kr/n1qpp1b1/3P1ppn/ppp4p/P1P4P/1P2PP1N/4Q1PR/RNB1KB2 w - - 0 19,d6c7,white,d6c7,730,713,-17
1rbqkbr1/1pp2ppp/2nppn2/8/p2PP3/N1Q5/PPP2PPP/R1B1KBNR w KQ - 1 10,c3e3,white,f1b5,58,57,-1
r3kbnr/p2qpppp/Bp1p4/2p1n3/5P2/N1P4N/PP1P2PP/R1BQK1R1 w Qkq - 0 9,f4e5,white,f4e5,705,731,26
2q1kb1r/rpp1pp1p/2np4/p2b2P1/4n1PP/3PK3/PPPQP3/RNB2BNR w k - 1 11,d3e4,white,d3e4,338,349,11
2bnkb1r/1pppq1pp/5n2/4pp1P/1p6/r3P2Q/P1PP1PPR/R1BNKBN1 b Qk - 6 10,a3a8,black,a3a8,253,256,3
r1bq1b1r/p3kp2/3p1n2/Rpp1p1pp/1nP1P3/7P/3PQPPR/1NB1KBN1 w - - 0 21,a5b5,white,a5b5,-362,-376,-14
r1bq1k1r/1pppbp2/p4n2/2P1p2p/1P1BP1Q1/P2B3N/3P1PPP/RN2K1R1 b Q - 0 11,h5g4,black,f6g4,586,577,-9
2k2bn1/5ppr/rpppNB2/Q1P4p/4P3/PRnP2P1/5K1P/5B1R b - - 0 24,c3e4,black,a6a5,-426,-449,-23
1nb3nr/r2p1kpp/p1pb1q2/1p6/1P3P2/N1PP2Pp/P6P/1KBR1B1R w - - 4 19,f1h3,white,d1e1,-690,-678,12
r1q1kbr1/pp2pppp/3p3n/4B3/1Qp5/Pn1P1P2/2N1P1BP/R3K1NR w q - 1 19,d3c4,white,d3c4,28,37,9
1n2k2r/rp2p1b1/p1q2pp1/2np3p/2BPP1P1/1P5b/P1PKQP1R/RN4N1 w k - 1 20,e4d5,white,e4d5,82,79,-3
r1b2b2/p1n1pp1r/4kn1p/1q1pN1p1/Q1pPPPP1/Bp5B/P4K1P/RN5R b - - 7 20,f6e4,black,f6e4,561,559,-2
3rqbnr/2k1p1p1/1p2P3/p1pp1pPp/2n5/PP1PPB2/2Q2K1P/RNB3NR w - - 4 20,b3c4,white,b3c4,665,653,-12
1rbqkbnr/p2pp1p1/1ppB1p1p/2n5/3P2P1/5P2/PPP1PK1P/RNQ2BNR b k - 5 8,e7d6,black,e7d6,213,254,41
2bqk2r/r1p1bp2/pp2pn1p/3p4/1nP1P1p1/PQBP1PP1/4B2P/RN2K1NR b KQk - 2 13,d5c4,black,d5c4,220,246,26
r1bq1b2/p3pk1r/2np2pp/1p3pP1/1PP4P/1N2R2N/P1PBPP2/R2QKB2 w Q - 0 15,d2c3,white,c4b5,577,561,-16
1r1qkbnr/p1pp1p2/n1b3p1/1p2p2p/PP1PN3/2K1B3/2P1PPPP/1R1Q1BNR w k - 2 10,d4d5,white,d4d5,-242,-237,5
rnbb2nr/3kBpp1/p1p5/1p4Np/3PPP2/1P1P2P1/4Q1BP/RN2K2R b KQ - 2 22,d7e7,black,d7e7,-676,-632,44
r1b2b1r/pp1pkp1p/n1q1p3/2pP4/1PPn1p1N/B3P3/P2N2PP/R1Q1KB1R w KQ - 5 13,d5c6,white,d5c6,608,604,-4
3rkb1r/npp1qb1p/3p4/p3p1p1/4P1PP/NQP2P2/PP1P1K2/1RB3NR w k - 0 17,b3b7,white,b3b7,176,170,-6
4kb2/rb1pppp1/2p4n/pq5r/1pPnP1p1/NP6/P3QP1P/R1B2KRB w - - 0 20,a3b5,white,a3b5,-393,-422,-29
r1bk1bnr/p2pp1p1/1qpN2n1/Pp3p1p/R1P3PP/3BPP2/1P1P4/1NBQK2R w K - 1 18,a5b6,white,d6f7,618,559,-59
1rb1qb1r/1p1pk2p/1Nn1p3/1P3pP1/3pP1Pn/P6P/2PBN3/R1Q1KB1R b Q - 2 23,f5e4,black,f5e4,-213,-185,28
r1b1qb1r/pp1p3p/n3k3/PP1p1p2/6pP/2PPPN2/2Q2PPR/R1B1KB2 b Q - 0 16,g4f3,black,g4f3,-244,-229,15
r1bqkbr1/p1n1p2n/1p2p1p1/2p4p/5p1P/BP2P1PR/P1PP1P2/RNK2BN1 w q - 0 14,g3f4,white,g3f4,-658,-643,15
3k1r2/ppr2p1p/4p2B/1QPP2p1/5b2/3PPP1N/PN4P1/3RKB2 b - - 2 25,f4g3,black,f4g3,-896,-900,-4
rnb1k1nr/1p1p1pp1/1qp4p/pN2p3/Pb6/R3PPP1/1PPP1K1P/2BQ1BNR b kq - 0 8,c6b5,black,c6b5,394,411,17
r1bq3r/1ppn1kpp/p3p2n/2bp4/P5N1/5PPP/1PPPP3/1RBQKBNR w K - 3 12,g4h6,white,g4h6,149,154,5
4kb2/2p1qn2/rn5r/p2p2p1/PpP2p2/1R1PP2P/1P2NP2/2BNK2R w - - 0 26,e3f4,white,e3f4,-666,-665,1
2r1k1n1/pbn2pp1/4p2r/P1pp2bp/p1PNP1P1/3P1P2/6BP/1RBQ1KNR b - - 0 16,g5c1,black,g5c1,-642,-625,17
q4bn1/2pk1rB1/n3p3/p4b1p/Pp2QP1P/1p2r1P1/4PK2/R4BNR b - - 3 25,e3e4,black,e3e4,822,825,3
r1b2br1/ppp2kpp/n2p1p2/1P1np3/P1P1P2P/3P1P2/1B4q1/RN1QKBNR w KQ - 0 12,f1g2,white,f1g2,525,523,-2
rnqk1b1r/p2p2p1/1p2pn2/1bB4p/P4pP1/1NRP4/1PP1PP1P/3QKBNR w K - 3 13,c5f8,white,c5f8,509,524,15
rnbqkr2/1p2p1b1/4B2p/pP1p2p1/P1N5/4P2P/1RPP1PP1/2BQKnNR w Kq - 2 15,d1h5,white,d1h5,99998,99999,1
r2q1b1r/p1p1kpnp/1p2p3/RP4p1/2Pp3P/3P4/1BQNPP2/4KBNb w - - 2 15,a5a4,white,a5a4,-225,-243,-18
2b2b2/1r2kpr1/4Bn2/p1PqPPp1/2Q3P1/7p/Pn1PK2P/R1B2RN1 w - - 3 24,e5f6,white,e5f6,779,850,71
1Bbqr3/1pnk2p1/5n2/rP1ppp1p/P1P1P3/1Q3P2/R3N1PP/1N2KBbR b - - 8 22,g1b6,black,g1b6,-101,-95,6
1nb1k2r/r2pb3/2q1pnpp/p7/P1p1PpPP/1pPP1P2/R4NK1/1NBQ2R1 b k - 4 24,b3a2,black,b3a2,781,762,-19
rn1qkbnr/p1pppp2/bp4p1/7P/2P5/Q7/PP1PPPBP/RNB1K1NR b KQkq - 2 6,h8h5,black,c7c6,-250,-253,-3
r1bqk1nr/pppp4/n4p1b/4pP1p/PP1PP3/6pN/2P3PP/RNBQKB1R b KQkq - 0 9,h6c1,black,h6c1,-100,-95,5
1nbqkbn1/rp1pp2r/p5pp/2p2p2/P4P2/R5PB/1PPPPK1P/1NBQ2NR w - - 2 9,e2e4,white,e2e4,32,32,0
r3qr2/pp3pp1/n1k2b2/2nppP1p/P2Q4/2K1PN1P/RPP2PBR/1NB5 b - - 0 18,e5d4,black,e5d4,554,564,10
rN2k1r1/pbqp1p2/5b2/2pP2np/4p1PP/2PQP3/PP2KP1R/1RB2B2 b - - 0 24,e4d3,black,e4d3,803,820,17
rnq1kbnr/p1ppppp1/1p6/1N1b3p/2P3P1/4P2N/PP1P1P1P/R1BQKB1R w KQkq - 6 9,c4d5,white,c4d5,435,408,-27
rqb1kbn1/p3p1pr/2np3p/PpP2p2/2P1N1PP/1P2P2B/3B1P2/1R1QK1NR b Kq - 2 14,f5e4,black,f5e4,47,32,-15
r3qk1r/p6p/bppp1ppn/4p3/4P3/1P4K1/P2QN1PP/R1B3NR b - - 2 20,h6f7,black,h6f7,-4,-6,-2
1nb2knr/5pp1/2ppq3/r4P1p/P2PQ2b/2P1P1PN/RP5P/1NB1KB1R w K - 0 14,f5e6,white,f5e6,789,791,2
rnbk2nr/3pb1p1/p4p2/P1p1p3/2p2P1p/2NPB2P/q2RP1P1/1Q1K1BNR w - - 0 22,d2a2,white,d2a2,601,602,1
r1bqk1n1/3pb1pr/p7/npp1pp1p/P3PP2/4K1P1/1PPP2NP/RNB1QB1R w q - 1 13,a4b5,white,a4b5,-93,-96,-3
r6r/1pp2kb1/p1nnqPpp/6B1/2N1p2P/6PB/PPP2PKR/1R4N1 w - - 4 24,h3e6,white,h3e6,477,458,-19
2bqkbn1/1ppppr2/r4pPp/8/1PP2P1P/Q7/P2PP2N/RNB1KB1R b KQ - 4 15,a6a3,black,a6a3,-335,-321,14
rn1q1b1r/4kN1p/b3p1p1/p1pp1nP1/PpPPPp2/1P6/R4P1P/Q1B1KBNR b K e3 0 20,e7f7,black,e7f7,112,147,35
1r1nk3/2qbp1bp/p1p4n/1B1pp1pP/1r6/1P2N1K1/PBPPQPPR/RN6 w - - 7 22,f2f3,white,f2f3,-733,-757,-24
r2q1rk1/1bp1n2p/p4p1b/P2pp3/1np2PpP/NP3NPR/1RQPPK2/2B2B2 b - - 1 19,b4c2,black,b4c2,826,801,-25
3r1bQr/1pp1kp2/1n2p2p/8/pP1P1P2/P1p3PN/1B1P3P/RN2KB1R w K - 1 19,g8f8,white,g8f8,838,838,0
rnb2br1/1p2pp1p/1qk2np1/p2p4/8/PPp2PP1/1BPQP2R/R3KBN1 b Q - 7 16,c3d2,black,c3d2,896,893,-3
1n2kbnr/r1pqpp1p/p2p2p1/1p6/2P1PP2/5NP1/PP1P3P/RNBQK2R b KQk - 1 8,c7c5,black,c7c5,45,33,-12
1n1k3r/r2bn3/pppNp2p/3pPp2/1P1P2pP/2P1KQ2/3B1PP1/q4BNR w - - 2 25,f3e2,white,f3e2,-275,-272,3
1rbqk2r/pp1p1n1p/7b/2n1pppP/1P2PP2/8/P1PP2PR/RNB1KBN1 w Qk - 1 13,b4c5,white,b4c5,-561,-542,19
4k2r/1qp1b2p/rp3p1n/nN2p1pP/p3P3/PP3NP1/b2P1PR1/R1BQ1K2 w - - 2 21,a1a2,white,a1a2,-217,-215,2
rn1q1kr1/2pQ4/bp2pN1b/2np2pp/P2P1p2/4P1PP/5P2/R2K1BNR w - - 0 26,f6h7,white,f6h7,99999,100000,1
rn1kq3/2p2p2/pP1p4/1B1n1b2/QP1Pp1Pp/2P1b3/1B1K3P/RN5R w - - 0 24,d2c2,white,d2e1,-40,-65,-25
1r1qk3/1b2n1br/n2pp1pp/ppp5/P1P1PpPP/1RNB4/1P1PNPR1/2BQ1K2 w - - 0 20,e2f4,white,e2f4,154,160,6
r1b1k1r1/p1pp1pQ1/1p1bp2n/6qp/1n2P3/1PKPB1PP/P1P1NPB1/RN1R4 b - - 10 16,g5g7,black,g5g7,687,672,-15
rn2k3/3pp1bp/b1p3n1/qp2Np1P/QP4r1/2PP2pR/P2NP3/1RB1KB2 w q - 1 23,a4a5,white,a4a5,380,379,-1
1rbk1br1/pQ1pp1p1/2B4n/p4p1p/2p2P1P/2P4R/P2PP3/RN1K2N1 w - - 0 22,b7b8,white,b7b8,793,800,7
r1bq1r2/4b1B1/1nppp2p/p1k1P3/2P2p1P/NP1P1PP1/P7/RKNQ1B1R w - - 0 25,d3d4,white,d3d4,99997,99998,1
r1q2bnr/ppnkppp1/1Ppp3p/3N4/P1P5/7P/3PPPP1/RbBQKBNR b KQ - 0 10,c7d5,black,c7d5,-76,-83,-7
r1b3nr/6bp/P2p1kp1/5p2/3P1P2/2pBP2P/q2B1NPR/R2K4 b - - 1 25,a2d2,black,a2d2,99999,100000,1
1nbq1b1r/rp1pp2p/2p1k2n/p1P2p1P/1P4p1/6PB/P2PPP1N/R1BQK1NR b KQ - 0 14,d7d5,black,d7d5,94,85,-9
rn1q1bnr/4pkpp/p1p2p2/1p1p1b2/3P1B1P/7N/PPP1PPP1/RN1QKB1R b KQ - 3 8,h7h5,black,f5g4,0,5,5
rnbqkb1r/p3ppp1/5n2/1ppp3P/3P4/2P5/PP1BPPBP/RN1QK1NR w KQkq - 0 8,d4c5,white,d4c5,45,54,9
rnbq1b1r/1B2pk2/3p1np1/p2P1pPp/P2BP3/1PN2P1P/2P5/3RK1NR b - - 0 20,c8b7,black,c8b7,534,522,-12
rn3br1/2pbk3/p4p1p/1p1Rp1N1/1PP1P2n/1Q4P1/P2PKP2/R1B2BN1 b - - 0 18,h6g5,black,g8g5,-644,-648,-4
r1b1kbnr/ppp1ppp1/2n2q2/1B1p4/4QP2/4P3/PPPPN1PP/RNB1K2R w KQq - 7 8,e4d5,white,e4d5,156,155,-1
rnbqkbnr/pp2pp2/2p3p1/3p3p/2P1N3/PP5N/3PPPPP/R1BQKB1R b KQkq - 1 6,d5e4,black,d5e4,451,428,-23
1r1q1k2/1bp3br/1p3p1n/1N1pP2p/PpBnP1pP/2P3P1/2Q2P2/R1B2KNR w - - 0 23,b5d4,white,b5d4,367,387,20
2rqkbnr/2p5/bpnpp2p/pB2P1p1/1P3p2/PQP3PP/1B1P1P2/RN2K1NR b KQk - 0 13,a6b5,black,a6b5,197,179,-18
3q2nr/rbp3p1/2npk3/p3P3/P2P1pPp/RP6/1BP1P2P/1N2KBQR w - - 5 22,e2e4,white,e2e4,429,430,1
rn1q1b1r/1ppkpp2/2bp1nPp/p7/1PP4N/8/P2PPPP1/RNBQKBR1 w Q - 1 10,b4b5,white,b4b5,260,247,-13
rnb5/1ppkn2r/6Q1/1p1p1p2/2q1P3/P3P2P/1BPPN1BR/5K2 b - - 0 25,e7g6,black,e7g6,644,661,17
rn1qkb1r/1p2pp1Q/p1pp1n2/5bp1/3P2p1/1P2PP2/P1P4P/RNBK1BNR w kq - 2 9,h7f5,white,h7h8,235,238,3
rnbqkb2/5ppN/1p1pp1rn/p1p4p/N5PP/P2PPP2/1PP3B1/R2QK2R b KQ - 1 14,d6d5,black,d6d5,337,333,-4
r1bq1b1r/p1pkp3/B7/5ppp/p3pP1P/2P2Q2/1P1P2Pn/RNB1K1N1 b Q - 0 14,h2f3,black,h2f3,767,747,-20
r1b1qrk1/2bp3p/ppn5/2P1PpN1/PNP1P2P/BP6/3K2P1/1R1Q1BR1 b - - 0 22,c7e5,black,c8b7,-337,-389,-52
r1bq1bnr/p1pkpp2/5p1p/1p1p3n/1PN1P3/3P4/P1PQ2PP/1R2KBNR w K - 4 12,c4a5,white,c4a5,-313,-295,18
r2k1bn1/pb1ppp1r/1qn3Q1/1pp5/NP1PPB1N/6P1/P1P1KP1P/1R3B1R w - - 5 14,g6g8,white,g6g8,649,673,24
Bn2kb2/p1n2ppr/1p1pN3/2p4p/3P4/1bP1PP2/PPQB2Rq/RN3K2 b - - 1 18,h2h1,black,h2h1,287,300,13
r1b3nr/1p1k2pp/2n1p3/p1pp4/3PPBpN/1PP3bq/P1Q5/RN1K3B w - - 4 20,f4g3,white,f4g3,-599,-637,-38
rnb3nr/p2p1p2/1kp4p/qp6/1P3pP1/2b4B/2PPP1RP/RQ2K1N1 w - - 2 20,b4a5,white,b4a5,537,510,-27
1n2qb1r/1pp1kppp/r2p4/pP2p3/P5nP/4QBP1/R1PP1P2/1NB1K1NR w K - 1 12,f3g4,white,f3g4,658,667,9
rn1q1bnr/p2kpp2/3p2pp/2p2b2/1p2P1PP/PP5Q/2PPBP2/RNB1K1NR w KQ - 0 9,g4f5,white,g4f5,574,565,-9
2r1k2r/nb1p1pp1/3b1q1p/pppNp3/P3Pn1N/7P/1PPPQ1P1/1RB2BKR b - - 5 19,f4e2,black,f4e2,730,725,-5
1n5r/1pqkp3/1r3bBp/P1BpPppQ/2P4N/P2P1PP1/R6P/1N3KR1 w - - 1 23,c5b6,white,c5b6,828,889,61
r1b2kn1/p1pr4/8/1pqpPP1p/Pn2P2P/2P2P2/RP1bQ1R1/1NBK1BN1 w - - 1 26,e5e6,white,c1d2,534,509,-25
rn1k4/1bNpp2r/5p2/pp4p1/1Pp2Pn1/NRPq2p1/P2PB2P/2BQK2R w K - 4 22,e2d3,white,e2d3,-18,0,18
rnb1kb1r/4n1pp/pp6/2pp1p2/1P1P1p1q/4P3/P1P1K1PP/RNB1QBNR b kq - 0 13,h4f6,black,h4f6,199,205,6
rnb1k2r/pp1pb1p1/3qpp2/3B4/2pBKPP1/P1PP3p/1P5P/RN3QNR w kq - 2 21,d3c4,white,d3c4,-158,-154,4
r1b2k2/pp1nppb1/2p2nP1/2P4r/1q1p1P1P/P2P4/R1K1P3/1NBQ1BNR b - - 1 17,h5c5,black,h5c5,99996,99997,1
rnbqkbr1/3ppn1p/ppp2p2/5p2/P1P5/5NPB/RP1PPP1P/2BQK2R b Kq - 3 9,e7e6,black,d7d5,426,403,-23
1nb1k3/n1pN1pp1/r3p3/R4P1r/1pP1PqP1/1N1P3p/1P2K2P/2B2BR1 b - - 2 25,f4h2,black,f4h2,648,687,39
rn1q1b1r/p1p1pp1p/4k3/1p1p1np1/4NP2/3P2PP/PPP1PK2/R1BQ2NR w - - 0 10,e4g5,white,e4g5,416,417,1
r1bq1k1r/p3n2p/4p1p1/1ppp4/PPP2PnP/5P2/6P1/1RBQKBNR w - - 0 18,f3g4,white,f3g4,401,409,8
1n3kr1/3r2bp/p1p1pppn/1p1PP3/2P3P1/P2K2QP/3P4/RNB2BNR b - - 0 18,f6e5,black,b5c4,-705,-713,-8
rnb3nr/pp1pqkb1/4p2p/2p2p2/P5Pp/2PPPP2/RP6/1NBQKBNR w K - 0 10,g4f5,white,b2b4,62,74,12
r2q2nr/p1ppkp2/1p1b3p/2nbpPp1/2B3Q1/NP6/PBPP2PP/R2K2NR w - - 3 14,c4d5,white,c4d5,239,230,-9
r1b1kbn1/4n1p1/pp2pp1r/2p5/1P1B2p1/N2P1P2/P1P1PQP1/2R1KBNq b q - 7 21,c5d4,black,c5d4,651,660,9
rnb1kb1r/1p1ppp1n/p5pp/2pq4/2P1PP2/1QN4P/PP1P2P1/R1B1KBNR w KQkq - 1 11,c3d5,white,c3d5,823,819,-4
rnb1kb1r/pp1ppp1p/2p4n/6p1/3P1PP1/N3B3/qPP1PK1P/1R1Q1BNR b kq - 2 8,h6g4,black,h6g4,406,415,9
rnbqk1nr/2pp2b1/p3p1pp/1p2Np2/2NP4/2Q2P2/PPP1P1PP/R1B1KB1R w KQkq - 0 9,e5g6,white,e5g6,-14,-20,-6
2rk4/pRqnp2r/6Qp/2PP1p2/2Nb1p2/4P1PN/P6P/2B1K2R w K - 0 26,g6g8,white,g6g8,99997,99998,1
rn2kb1r/1bpp1p1p/4pnN1/p5p1/Pp3q2/2N1P1P1/1PPP1P1P/1RBQKB1R b Kkq - 4 10,f4f3,black,f4f3,337,330,-7
rnbqk2r/pp1ppp2/5npb/2p4p/P7/3P4/RPPKPPPP/1NB1QBNR w kq - 4 6,d2d1,white,d2d1,-135,-139,-4
rnbqkbr1/1p2ppp1/pnpp4/8/1PP3P1/N6N/P2PPPB1/R1BQK2R b KQq - 4 10,c8g4,black,c8g4,46,46,0
rnbq1rk1/3ppp1p/p1p2b1n/1P6/1P1BP1P1/NQ1B3N/P2P1PP1/R3K1R1 w Q - 10 16,e4e5,white,e4e5,383,386,3
r1b2b1r/p3k2p/1Nn4n/1pppPp1P/R3P1Q1/1P1B3N/1P4P1/2BK2R1 b - - 0 24,h6g4,black,h6g4,-344,-391,-47
rnbqkb1r/p3p2p/2p2np1/3p1p2/1pP2P2/4P1PQ/PPBP3P/RNB1K1NR w KQkq - 0 9,d2d4,white,h3f1,-143,-138,5
r1bq1b1r/pppkpppp/8/n2p4/6n1/2N1P2P/PPPP1PPR/R1BKQBN1 w - - 6 8,h3g4,white,h3g4,445,436,-9
2b1k2b/2qpp3/p4p2/2pr4/R2Pn1B1/2P1n3/1P2KP1P/2BQ3R w - - 2 24,c1e3,white,c1e3,195,202,7
1nb2kn1/r3pp2/pp5r/2pp2p1/1P2q1B1/P4QPN/2PP1P1P/R1B2K1R w - - 2 17,f3e4,white,f3e4,300,312,12
1r1qkbnr/3p1p1p/ppb5/2BPp1P1/P7/7N/1PPQPKPP/RN3BR1 b k - 2 17,f8c5,black,f8c5,-170,-145,25
r4b1r/pn1qpk1p/2p4n/1p1pPpp1/1P1P1P2/P1N5/R1P2KPP/1NB2Q1R w - - 0 20,f4g5,white,f4g5,260,266,6
rn1q1k1r/2pbp2p/1P4p1/R2pbp1n/3PP3/5PPP/1PPKB3/1NBQ2NR b - - 0 12,a8a5,black,a8a5,212,231,19
rn2bb1r/1p2p1pp/1Qpqk3/P1np1p2/3P3P/P1P2PR1/4P1P1/RNBK1BN1 b - - 1 17,b8d7,black,d6g3,136,121,-15
r4bnr/pp4pR/n1p1kp2/q3P2b/2PP4/1P2PNP1/P2B4/RN2KB2 w Q - 1 19,f1h3,white,h7h8,93,104,11
1n1qkb2/r1p1pp1r/b2p2pp/1p1P1n2/p7/2P2P1P/PP2PKPR/RNBQ1BN1 w - - 4 12,e2e4,white,e2e4,131,126,-5
r1bk1bnr/pp1pp1p1/q5Q1/2p4p/8/PPnBP2P/2PP1PP1/RNB1K1NR b KQ - 6 11,a6g6,black,a6g6,-265,-236,29
3q2nr/r2nb2p/1k6/1ppPp3/4PP1p/6PQ/RP2b2R/2B1KBN1 w - - 3 22,h3e6,white,h3e6,280,370,90
r1bqk2r/p1ppp1bp/1pn1Nn2/3P4/8/1P4p1/P1PBPP1P/RN1QKBR1 b Qkq - 0 9,g3f2,black,g3f2,268,264,-4
1n1q1bnr/prpkppp1/8/1p1pP3/3P2b1/N1P2N2/P2B1PPP/R2K1B1R w - - 5 14,e5e6,white,a1b1,-604,-620,-16
rnb2k1r/pppp1p1p/4pq2/3P2p1/P1P3P1/2b5/1P1PK2P/RNBQ1BNR b - - 2 13,c3d4,black,c3d4,-200,-183,17
r1bq2r1/p2kb1p1/3p1Q1p/2p1pP2/P2n4/2P1P3/1P1PK1PP/RNB2BNR w - - 3 15,c3d4,white,c3d4,-344,-340,4
1rbqkb2/p1pp2rp/2n1p1p1/1p3pN1/3P1PB1/3K4/PBPN2PP/R4Q1R b - - 2 18,f5g4,black,f5g4,299,308,9
rnb3nr/p2p4/1p1b1qkp/1pP1Ppp1/8/P7/1P2PPPP/1RBQKB1R b K - 1 13,d6e5,black,d6e5,453,402,-51
rn3k2/p1p1np1r/1p3N1p/3qP1p1/1Pp4P/P2Q1pPb/R3BP2/2B1KR2 w - - 1 23,d3h7,white,d3h7,99996,99997,1
r1bqkbnr/1pp4p/2n3p1/p2p1P2/1P2p3/B4P1N/P1PPP2P/RN1QKB1R b Qkq - 0 10,d8h4,black,c8f5,368,388,20
rnbqkbr1/pp1p1p2/1Np2np1/4p2p/6PP/4P3/PPPP1P2/R1BQKBNR w KQq - 3 9,b6a8,white,b6a8,163,115,-48
r1qk1b2/pb1p1p1r/n1p1p2P/1pP2n2/PQ6/7N/1P1PPPBP/RNB1K1R1 b Q - 3 20,a6b4,black,a6b4,512,508,-4
r2qkb1r/1pp1pppp/2b4n/p2p4/PP1N3P/R2P4/1BPP1PP1/1N1QKB1R w Kkq - 2 10,d4c6,white,d4c6,379,385,6
r2qkbn1/ppp1ppp1/3p3r/7p/1n1P4/1QP2N1b/PP2PPPP/RNB1KBR1 w Qq - 2 7,g2h3,white,g2h3,700,707,7
rnb2b1Q/3kp1p1/p2p1p1n/1p3q1p/PPpP1P1P/4P1P1/2P2K1R/RN3BN1 b - - 0 13,h6g4,black,h6g4,168,185,17
3qk1nr/rbpp1ppp/ppn1p3/8/Pb4PP/2R1PP2/2PP4/1NBQKBNR b Kk - 0 8,b4c3,black,b4c3,291,275,-16
1n5r/rp1bkp2/q3pp2/3pP2p/1b1P3P/2N1Q1P1/PPP1N2n/R1BK1R2 b - - 5 21,h2f1,black,h2f1,313,291,-22
rnbqk1nr/p2p2p1/B1p4p/2b1p3/4pN2/1PN5/P1PP1PPP/1RBQK2R b Kkq - 3 9,g8f6,black,g8f6,27,57,30
1nb1kb2/1p1pp3/r2q1Qpr/p1p4p/P3P2P/5P2/RPP1B1P1/1NB2KNR w - - 1 15,f6d6,white,f6d6,577,571,-6
rnb3n1/p1pp1pp1/1R2pkr1/2b4p/P2PP3/2N2P1N/1PP2Q1P/2B1KB1R w K - 3 16,c3d5,white,c3d5,99999,100000,1
rnb1kb1r/pp1p1ppp/Bqp1p3/3n4/1PPN4/4P3/P2P1PPP/RNBQK2R w KQkq - 1 8,c4d5,white,c4d5,-67,-73,-6
r1bq4/p2pkppr/n6n/1Np3Np/1b2P1PP/P3PK2/1PP2P2/1RB1QBR1 w - - 3 16,a3b4,white,a3b4,471,468,-3
r2qkb2/3pp2r/n5pp/ppp5/1P1P1pnP/P1P2P2/R1KN1PP1/B1Q2B1R b q - 1 14,g4f2,black,g4f2,-5,-57,-52
Qn2kbnr/p2pq1p1/b1p2p2/1p2p2p/8/P3P3/1PPP1PPP/RNBK1BNR b k - 3 8,e7d8,black,e7d6,-424,-479,-55
r3kbnr/ppp1pppp/2np4/8/2b1P1P1/4KP1P/PPQP2B1/RNB3NR b kq - 0 10,d6d5,black,d6d5,-514,-493,21
rn2kbn1/ppp1pp1r/B2pq2p/6p1/3P2bN/2N1P3/PPPQ1P1P/1RB1RK2 w q - 2 13,a6b7,white,a6b7,138,92,-46
r4bnr/3ppk1p/bq3p2/pBP1nPp1/1Q1PP3/P1P3P1/5N1P/R1B1K1NR b KQ - 0 21,a5b4,black,a5b4,-175,-203,-28
r3nb1r/p1pqkppp/2B5/4pb2/5P2/2P1PN2/PP1P2PP/RNB1KR2 w Q - 0 15,c6d7,white,c6d7,377,376,-1
rnbk3r/pp1qbp1n/4p1pP/2pp4/P7/NP5P/2PPPP2/1RBQKBR1 b - - 0 12,b8c6,black,b8c6,468,453,-15
2b1kr2/1r4p1/pPnppp1p/P1P5/6Pb/2NP1NP1/Q1q1P1R1/R1B1KB2 b Q - 2 25,c2c3,black,c2c3,-571,-549,22
rnb3nr/2bQ2pp/p1p3k1/1p3q2/1P4P1/P3P2B/2P1P2P/RNB1K1R1 w - - 1 21,g4f5,white,g4f5,99995,99996,1
r1bq1knr/1ppp1ppp/p1n5/4p3/1bP1P1P1/P2B3N/1P1P1P1P/RNBQK2R b KQ - 4 6,b4c5,black,b4c5,231,206,-25
2rqkrn1/pn1p4/b1p2p2/1N2p3/RP2P2p/3R4/1PPPBPp1/2B1K1N1 w - - 0 21,a4a6,white,a4a6,-507,-503,4
rn2k1nr/ppp1q2p/4bp1b/3p2p1/4pPP1/NP1P1N2/P1PQP1BP/R1B1K2R b KQkq - 6 11,e4f3,black,e4f3,324,304,-20
rn5r/3kbpN1/bqN1p3/3P1n2/5Ppp/6PP/PPPB4/R3K2R b KQ - 3 25,b6b2,black,b8c6,733,742,9
rnbqkb2/1pp1pp1r/B5pp/3pn3/3N2P1/PPN1P3/2PP1P1P/1RBQK1R1 w q - 1 11,a6e2,white,a6e2,93,121,28
rnbqkbnr/1pp1p2p/p7/3p1p2/1P1P1p1P/N4N2/P1P1P1P1/R1BQKB1R b Kkq - 0 9,g8f6,black,d8d6,168,163,-5
1rbq1bnr/1pNk2pp/B3p3/5Q2/2pPp3/P1P1P3/1P3PPP/1RBK3R b - - 0 16,e6f5,black,e6f5,667,675,8
rnbqkb1r/p2p1pp1/1p2pn2/2p4p/5N2/1P6/P1PPPPPP/R1BQKB1R b KQkq - 1 6,c8b7,black,b8c6,535,536,1
4kbn1/rppqp2r/4bp2/p2Q2pp/2P5/5P1N/PP1PP1PP/1RB1KBNR w K - 0 12,d5d7,white,d5d7,486,495,9
rnb1kbnr/pp1ppppp/8/2p5/P5P1/2P1P3/RP1P1P1P/1NBQKqNR w Kkq - 0 6,e1f1,white,e1f1,545,516,-29
r1b1kb1r/pppp2pp/2nN1p2/8/n2P3R/P1P1pPP1/1Pq1P3/1RQ1KBN1 b kq - 12 18,f8d6,black,f8d6,7,2,-5
r1b1k2r/1pp2p2/3bpq2/p3n1pp/R2P1P2/1PPNP1PP/1P6/1NB1KB1R w Kkq - 1 15,d4e5,white,d4e5,-89,-74,15
rnbqkbn1/2p1p1pr/7p/1p1p1p2/pP1P4/P1P5/R3PPPP/1NBQKBNR w Kq - 0 8,e2e4,white,e2e4,260,290,30
2b2bnr/q2p4/npP1k1p1/p3p2p/4P1P1/8/PPPN1P1R/RNBQ1K2 w - - 1 19,d2f3,white,d2f3,353,375,22
rnbq1b1r/1ppp2pp/p3k3/4pp2/4P1nP/N1PB2P1/PP1P1P2/R1BQK1NR w KQ - 0 9,e4f5,white,e4f5,439,460,21
r2qk1nr/2ppN2p/b4p1b/pp4p1/1n3N1P/2P5/P2PPPPR/R1BQKB2 w Qkq - 1 10,e7g8,white,e7g8,301,337,36
rnbqk2r/ppppbp2/1B4pp/4p3/1P2n1P1/2PPPP1P/P7/RN1QKBNR w KQq - 1 11,d3e4,white,d3e4,-123,-122,1
rnbqkb1r/p2pp2p/5n2/1Pp2p2/P4Pp1/R5P1/1P1PP2P/1NBQKBNR w Kkq - 2 7,e2e4,white,f1g2,52,58,6
rnk4r/pppn1N1p/7b/N1q5/2ppP1bP/1P4P1/P1Q1BP2/2R1K2R b - - 0 23,c5a5,black,c5a5,500,500,0
3qk3/1rpb2pr/P3pp2/b3n1N1/P7/2N2QP1/2PPP1BP/2B3Kn w - - 0 23,f3b7,white,f3b7,0,0,0
2q1kb1r/1b2pp1p/r1npn3/pQpNP1p1/Pp1N3P/8/1PPPBPP1/R1BK3R b k - 4 17,e6d4,black,e6d4,398,430,32
2bq2r1/5kb1/rpp3p1/pn1p4/1P1P4/P3K1PP/2PN1P1R/RNB2B2 w - - 1 24,f1b5,white,c2c3,-670,-647,23
r2k2nr/2np3p/1p2pp1b/p1P3P1/P3N2P/BPPbP3/6P1/1R1QK1NR w - - 1 19,d1d3,white,d1d3,882,875,-7
1n2kb1r/1bq2pn1/p1ppp2N/2r3p1/P6P/1P1PPB2/5PPN/R1B1K2R b k - 2 22,h8h6,black,h8h6,639,602,-37
2bqkbnr/rp2p2p/2p2p2/p2p1Pp1/8/BP1n2KP/P1PPP1PR/RN1Q1BN1 w k - 2 10,c2d3,white,c2d3,-220,-200,20
r1b2bnr/2p4p/2k2pp1/pp1p4/1P1P1qP1/P1NQPp1P/RP1N3R/2B1K2B b - - 2 23,f4h2,black,f4h2,-180,-195,-15
1n1k1b2/4pppr/rpq4n/pB1p3p/P4B1N/2PP3P/RP3P1R/1N1Q1K2 w - - 13 21,b5c6,white,b5c6,788,772,-16
2r3n1/p3bk2/1npp1p2/6pr/Q2pP3/N4PK1/P2BN2P/4R2R b - - 1 24,b6a4,black,b6a4,222,218,-4
r1b1kbr1/p2q4/3p2p1/2pnP1Pp/PnB1p3/3R3P/2PPN3/1NBQ1K1R b q - 1 18,e4d3,black,e4d3,430,467,37
2bqkbnr/1r1pp1pp/pp6/P1p2p2/P4P2/B3R3/2PPP1PP/1N1QKBNR w Kk - 0 11,a5b6,white,a5b6,415,398,-17
1r1k3q/p1pb1pbr/n2ppnQ1/1p3N2/3P1P2/2N1P1PP/PPP5/R1BK1BR1 b - - 2 18,f7g6,black,f7g6,655,638,-17
r2qkn1r/2p1b3/pp5n/5pp1/PP1Pp3/B4bPN/2P1NPR1/3RK3 w kq - 1 22,g2g1,white,d4d5,-860,-926,-66
rnb1q2r/2ppB3/p3p2Q/1P1k1p1p/3P2P1/RPP2N2/4PP1P/1N2KB1R w K - 0 16,c3c4,white,c3c4,99998,99999,1
3qkbnr/1p3ppp/r1p1b3/p2pp3/PnPPPB1P/RQ4P1/1P3P2/1N2KB1R w Kk - 2 15,e4d5,white,c4d5,-363,-393,-30
2rq1b1r/pp1pkppp/n3pn2/2p5/8/P4N2/1PPPPPPP/R1BQKB1R w KQ - 0 7,d2d3,white,g2g3,95,86,-9
rnb1kb1r/p3p2p/5pp1/1pq1n3/P1P4P/2RQ4/NP1BPPP1/4KBNR w Kkq - 2 14,d3d5,white,d3d5,178,184,6
rn1q3r/p3k1pp/b1pp3P/1p2Np2/P3P1R1/b1PB3P/1P1P1P2/1NBQK3 w - - 1 15,g4g7,white,g4g7,953,1069,116
rnbqkb1r/p4pp1/1pp4p/1N1pp2n/2P5/P2KPP1P/1P1P2P1/1RBQ1BNR b kq - 0 12,d5c4,black,c6b5,636,623,-13
1rbq1bnr/1ppp2pp/4k2B/p3Pn2/4Qp2/5PPB/PPPKP2P/RN4NR b - - 0 11,g8h6,black,g8h6,144,220,76
r1bqkb2/ppnnp1pr/1Npp3p/5p2/4P3/1P3B2/P1PP1PPP/1RBQK1NR w Kq - 1 10,f3h5,white,b6a8,490,493,3
r1b1kbr1/4pp2/1p3npp/p1qp4/1PPP1B2/N3KP1P/PQ4P1/R4BNR w q - 2 20,b4c5,white,b4c5,797,798,1
1rbqkbnr/4p3/pp3p2/2pp1PpN/4P2Q/1P6/P2P1KPP/nNB2B1R w k - 0 15,h5f6,white,h5f6,-370,-369,1
r2q1bnr/p1ppk1p1/b1n2p2/3P3p/2P3P1/5N2/PP2PP1P/RNB1KB1R w KQ - 0 11,d5c6,white,d5c6,-458,-425,33
rnbqkb1r/1p3ppp/2pppn2/p7/P7/3P3N/NPP1PPPP/R1BQKB1R w KQkq - 2 6,e2e4,white,e2e4,-75,-75,0
r1bqk2r/ppp1p2p/2np4/P3bppn/Q1P5/4P3/RP1P1PPP/1NBK1BNR w kq - 10 10,d2d4,white,d2d4,211,213,2
1rbk4/1pN2pb1/3q1Ppn/n1ppp2P/4Q3/P1PPP2p/1P5P/R1B1KBNR w KQ - 1 19,e4d5,white,e4d5,558,572,14
r1bq1bn1/1ppkp3/p1npQ2r/6Pp/8/4P1P1/PPPP1PB1/RNB1K1NR b KQ - 2 8,h6e6,black,h6e6,465,424,-41
r5n1/p1p2pp1/1P1k4/n2pp1p1/6b1/P1PPPP1r/3NN1B1/R3KR1q w - - 1 24,f1h1,white,f1h1,-136,-151,-15
2bqkb1r/r1pp3n/p1n2ppp/1p6/P4NP1/1PP5/1B1P1P1P/RN1QKB1R b KQk - 1 12,d8e7,black,d8e7,-8,-5,3
1rbk2r1/1q2bp1p/p3p1pn/2p1p1P1/nPP2P1P/N1QPP3/R2BK3/2R5 w - - 1 24,c3b3,white,c3b3,-421,-444,-23
rnbqkbnr/p1ppp3/1p6/5ppp/P7/NP6/2PPPPPP/R1BQKBNR w KQkq - 0 6,c1b2,white,c1b2,42,51,9
r3kbnr/pb1pq3/1p2p2p/4nP2/Q6p/2P1NP2/P2PPK1R/R1B2BN1 b kq - 1 15,g8f6,black,g8f6,-61,-52,9
r1bqkb2/p1ppp3/n3P1pr/6Pp/1p3pB1/NP1P2P1/P1PK3P/R1BQ2NR b q - 1 13,h5g4,black,b4a3,-327,-350,-23
r1b2b1r/1pppnp2/5P1q/npk5/2N1p2p/3P3P/PRP1PKRP/3Q1BB1 w - - 4 19,f2e1,white,f2e1,487,496,9
2bqkbn1/rpp1pp1r/n7/p2p2pp/2P5/P2BPP2/1P1P2PP/RNBQK1NR w KQ - 4 8,d3h7,white,d3h7,441,437,-4
r1b1k1nr/p2n4/1PN1p2p/6p1/5p1P/RPP5/2P1PPPR/2B1KBN1 w k - 0 19,h4g5,white,h4g5,662,668,6
rnbqkb1r/ppp2p1p/3p1n2/4p1p1/6P1/1P6/P1PPPP1P/1RBQKBNR w Kkq - 0 7,h2h4,white,h2h4,-434,-435,-1
1r2k2r/1bppp1bp/p4p2/B1n3p1/2P2P2/P4B1P/1P2P3/RN1QK2R w k - 1 17,f3b7,white,f3b7,649,650,1
r1bqkbnr/p2p1ppp/2p5/2P3NP/1p5R/4p3/1PQB2P1/RN2KB2 w Qkq - 2 16,h4e4,white,h4e4,245,256,11
1nbqk1r1/3npp2/2p4p/p2p4/1r1PQ3/P3PNbP/R2KNPB1/2B4R w - - 0 24,e4h7,white,e4h7,-43,-42,1
3qk1n1/3bp1br/r1p4p/1PppPQp1/p1nP3P/2B2PPN/8/RN1K1B1R w - - 1 24,f5h7,white,f5h7,421,418,-3
rnbqk1n1/P1p4r/1p4p1/2P1pp1p/5PP1/4P2P/3PBK1R/bNB3N1 b - - 0 22,a8a7,black,a8a7,797,793,-4
r3kb1r/1pp1ppp1/p2q1n2/3pPb1p/1n6/3P1P2/PPPN2PP/1RBQKBNR b Kkq - 5 10,d6e5,black,d6e5,396,387,-9
rn1q1kr1/3p1p2/b6n/pp6/3P2PP/bPN1P2R/2PK1P2/R4BN1 b - - 2 17,a3b2,black,a3b4,742,730,-12
2q1kbnr/prp3pp/8/n2Bp3/b7/P1PPPPP1/1P1NN2P/R1B1K2R b k - 1 19,c7c6,black,c7c6,621,601,-20
rn3bkr/p2p2pp/b4p2/1p1ppPN1/6n1/PP4PR/RBP1P1P1/1N1QKB2 b - - 7 14,a6b7,black,a6b7,-553,-551,2
1n4nr/2pbkp1p/r2p2p1/2b1p2N/p1p1P2P/PP3PK1/R2NB1P1/2BQR3 w - - 0 20,b3b4,white,e2c4,555,561,6
1r2qbnr/1Bpkp1Q1/pp3pp1/4B3/2b5/P7/1P1N1PPn/R3K1NR b KQ - 3 22,f8g7,black,f8g7,517,509,-8
rn1qkbnr/p1pp2B1/b4pp1/1pP1p3/P3P1P1/N2P3P/1PQ1BP2/R3K1NR b KQk - 1 12,f8g7,black,f8g7,114,125,11
r1b1k2r/pppnb1pp/3p4/2nP1pN1/3p4/N3PP1P/PP4P1/R1B2KR1 w kq - 0 18,a3b5,white,e3d4,-515,-514,1
1nb2bnr/2pp1kpp/rp6/p3pP2/PP5q/R1P5/1B1PPP1P/1NQ1KBNR b K - 4 8,c8b7,black,c8b7,79,87,8
1q2kbnr/2p3p1/4pp2/r2p3p/5P2/p1P1B2Q/PPK1P1PP/RN3BNR w k - 5 17,h3e6,white,h3e6,406,423,17
1rbqkbnr/2p1p1pp/pp1p4/4np2/1PP5/3N4/P2PPPPP/RNBQKBR1 b Qk - 0 8,e5c4,black,e5c4,197,191,-6
rn1kr3/pb4Bp/2pp4/2PP4/1p4nb/1P1PQpR1/P5B1/RN2K1N1 b Q - 1 25,h4g3,black,h4g3,568,577,9
r1b1kbnr/2pqp1pp/ppn4B/3p4/P4p2/3P2PP/1PPQPP2/RN2KBNR b kq - 4 10,g8h6,black,g8h6,431,408,-23
r1b1qb1r/1p1p1ppp/2n2n2/p1P1pk2/5B1P/PQN2P2/1PP1P1P1/R3KBNR w KQ - 9 11,g2g4,white,g2g4,99992,99993,1
2bqk2r/1ppp4/r3p2b/p1P3pp/P1QP4/4B1PP/1P3n2/1R3KN1 b - - 0 23,f2e4,black,f2e4,637,625,-12
1nbqkb1r/1p1p1p1p/r3p2n/p1p3p1/2PP4/N3PN2/PPQ2PPP/R1B1KB1R w KQk - 4 7,a3b5,white,h2h3,201,206,5
r1bqkb1r/2pppp2/2n4n/2QP2pp/N4B2/5PP1/2n1PN1P/4KB1R w K - 0 17,c5c2,white,c5c2,-515,-510,5
rnb1k1nr/p2pp3/2p3pb/1p3p1p/1P2q1P1/2PP4/P3NPBP/RQ1K2NR b kq - 0 13,e4g2,black,e4g2,757,728,-29
r3kbnr/p1pbp3/1pq4p/2Pn1pp1/Q3PPP1/2NPp3/PP2N1KP/R4B1R w - - 4 24,a4c6,white,a4c6,108,94,-14
rnbqkbr1/2pppppp/8/p4B2/1p2P1nP/2NP2PN/PPP2P2/R1BQK2R w KQq - 0 9,d1g4,white,d1g4,241,258,17
rnbq3r/p1Nkpp1p/1pp3pn/8/2N3P1/PP1P4/1BP1PP1P/R2QKBR1 b Q - 6 12,d7c7,black,d7c7,-506,-521,-15
1rb1k1n1/3pr3/1pp3pp/1B3pN1/p2p3P/b3P3/4KPPR/n1B3N1 w - - 2 20,c1a3,white,c1a3,-661,-664,-3
rnb2knb/3p3r/1pp2qpN/p3p3/1P3P1P/P1PP4/1B2PKP1/RN1Q1BR1 w - - 2 17,h6g8,white,h6g8,-222,-268,-46
rn2k2r/p4p2/bp2P1pp/P7/1bpn1p1N/2N3P1/2PK3P/R1B1QB1R w q - 4 20,e1e5,white,d2d1,429,451,22
r1b1k1r1/1p1pq1p1/1Pn2p1p/p3pP2/PbP1PP2/8/3P3P/R1BQKBNR w KQq - 1 14,g1e2,white,g1e2,-5,-9,-4
rnbq3r/ppp1nk1p/8/2N1ppp1/2pPP3/3Q1PK1/PPP3PP/R1B3NR b - - 3 10,c4d3,black,c4d3,732,709,-23
1n2kbnr/2p1p3/r4ppp/pp6/3PpPQq/4N3/PPPK2PP/RNB2B1R w k - 0 13,g4h4,white,g4h4,894,858,-36
1nb2b1r/4k1p1/rp1p4/P2Ppp1p/2p3n1/1PP1PP2/QBK3PP/RN4NR b - - 1 17,g4e3,black,g4e3,-295,-334,-39
r1b1k1nr/pppp1pp1/2n2b2/P3p2p/8/RP1P1P2/2P1P1PP/1NQ1KBNR b Kkq - 0 9,d7d5,black,g8e7,-508,-483,25
r2nkbnr/pp6/q4p1p/P1pppb2/2P1PpQ1/BP1P4/4NKPP/RN3B1R w - - 0 18,g4h5,white,g4f5,302,287,-15
rn4n1/2k1bp2/1p1p4/p5B1/1P4qQ/2N2P1p/2bKP2P/5BrR w - - 4 25,f3g4,white,f3g4,140,171,31
rnb1kb1r/ppppn1p1/8/4qpNp/PPPP1P2/7P/4P1P1/R1BQKBNR w KQkq - 1 11,d4e5,white,f4e5,764,754,-10
1rbqkbnr/1p1n4/2p2p2/p2P3p/6Pp/BP3N2/P2PPPB1/RN1QK2R b KQk - 1 10,h5g4,black,h5g4,94,73,-21
rn1k4/p1pp1ppr/b1n1B3/1p5p/1b1BP2P/3P1PP1/P1PN4/R2QK1NR w KQ - 1 16,e6d5,white,d4b2,621,596,-25
4k1nr/rqbp2p1/1p3p2/2p1p2p/B1bnPP1P/N5KN/PP4P1/R1B2QR1 b k - 1 22,c4f1,black,c4f1,835,814,-21
r1b2b1k/ppq5/r5n1/npPBpppp/2Q1PP1P/P1NP2P1/1B5R/2R1K1N1 w - - 5 25,c3b5,white,c3b5,201,206,5
r1bq1bnr/p1p1p1pp/3k1p2/1p1p4/1P1P2N1/2PnPP2/PB1K2PP/R3Q1NR w - - 0 18,d2d3,white,d2d3,-32,-32,0
1r2kb1r/pbp2pp1/Bp1pp3/B6p/3n2P1/NP2P2q/PQ3P1R/1R1K2N1 w - - 2 19,h2h3,white,h2h3,676,658,-18
B1k2bn1/p1n1p1p1/1p5r/2p2P1p/2N5/1P1q2P1/PRP2K1P/2Bq2NR w - - 2 22,c2d3,white,c2d3,-390,-381,9
rnb1kb1r/3p1pp1/p1pqpn1p/8/p7/7N/PPPPPKPP/1RB1QBR1 b kq - 3 11,f6g4,black,f6g4,694,680,-14
rnb1kbnr/2qpp2p/5B2/ppp5/P2PpP2/8/1PP3PP/RN1QKBNR b KQkq - 1 7,g8f6,black,g8f6,389,357,-32
rnbqk2r/1pppbp1p/p3p1pn/8/2P4P/N2BP1P1/PP1P1P2/R1BQK1NR b KQkq - 0 6,d7d5,black,d7d5,84,68,-16
rn1qkbnr/4pppp/4b3/p1p5/P7/3PP3/1PP1QPPP/RNB2KNR b kq - 0 7,g7g6,black,g7g6,278,296,18
1rbqkb1r/1p1pp1pp/n1p5/pB3Kpn/3PP3/5Q2/PPP2PPP/R1B3NR b k - 3 11,d7d5,black,d7d6,99996,99997,1
r3kb1r/pp2pp1p/n3b2n/P1pp2p1/5PP1/Q1PP3N/1PKP3P/RNB2BR1 w k - 7 14,f1e2,white,f4f5,686,679,-7
r1bq1bnr/3pp1kp/n5p1/ppp2P2/P3NP1P/2PP3N/1P2P3/1RBQKB1R w K - 1 14,e4g3,white,a4b5,336,310,-26
rnbq1bnr/p1pkpp2/1p6/3p2pp/3P1P1P/NP6/P1P1PKP1/R1BQ1BNR b - - 0 6,g5g4,black,g5f4,87,56,-31
1r2k2r/3b2qp/Np3pp1/2pp4/2PP1P2/1PN1p3/4P1PP/1R1QKBR1 w - - 1 26,a6b8,white,d1d3,571,560,-11
rnBqkbnr/p1p4p/1p1p4/5p2/4Pp2/7N/PPPP2PP/R1BQK2R b KQkq - 0 8,d8c8,black,d8c8,96,99,3
4kbn1/5r2/pr3pb1/1pB3p1/2P1pPP1/1P1q4/P1PN1K1P/2R2B1R b - - 2 24,d3d2,black,d3d2,99991,99992,1
r1b1kbn1/1q1pp2r/2p3p1/p2PPpR1/PnN4P/1Rp2N2/3BKPBP/6Q1 b q - 3 25,c3d2,black,c3d2,217,232,15
1rb1k1nr/p4p1p/3pp1p1/1p2N3/Pb1PP1PP/3pK3/P1PNQP2/R1B3R1 w k - 1 21,e5d3,white,e5d3,737,732,-5
rn1qkbr1/pppbpppp/3p4/5B2/1Pn5/P3P2N/2PP1PPP/RNBQ1K1R b q - 5 8,d7f5,black,d7f5,473,477,4
1nbqkbnr/1p1p2p1/2p2p2/p7/3PN1P1/1P3r2/P1P1P2P/R1BQKBNR w Kk - 1 14,g1f3,white,e2f3,533,509,-24
r1q1kb1r/3p4/1P2p3/pb3pBp/P3n2P/2P1PN2/Q2N1PP1/R3KB1R b KQk - 4 20,b5f1,black,b5f1,-448,-447,1
1nbq2nr/rpp1p3/2Np2k1/P4pbp/1P5P/B7/2PPPPpR/R1Q1KB2 w - - 0 19,c6d8,white,c6d8,189,213,24
rn2kb1r/p1p1ppp1/3pbq1n/P3P2p/7P/N7/RP1P2P1/2BQK1NR w Kkq - 2 13,e5f6,white,e5f6,322,366,44
rnbqkb2/1pppp1pr/p4p2/4Bn1p/1P3P2/N2PP3/P1P3PP/R2QKBNR b KQq - 4 7,f6e5,black,f6e5,339,351,12
2b1kbr1/rpqn2p1/pQpp1p1p/4p3/PNP3n1/8/1P1PPPPP/R1B1KBNR b KQ - 4 14,d7b6,black,c7b6,766,769,3
r1bqkb1r/pp1pp1pp/2pn1p1n/8/3P4/1P3N1P/P1P1PPP1/RNBQKB1R b kq - 3 8,e7e5,black,e7e5,21,19,-2
rn1k1bn1/2p4r/3P2p1/pp4pp/1q5P/R1P2PP1/3BP3/1NK2B1R b - - 0 19,b4d6,black,b4d6,676,655,-21
rnb1kb1r/pp1ppp1p/2p2n2/1q4p1/P1P2P2/RP6/1B1PP1PP/1N1QKBNR w Kkq - 2 7,a4b5,white,a4b5,743,715,-28
rnbqkb1r/4p1pp/7n/1ppP1p2/p3p1P1/NQP2P1N/PP5P/R1B1KB1R w KQkq - 0 10,b3b5,white,b3b5,251,259,8
rn1k2nr/1b2p2p/ppBp2pb/2p2p2/QPP3P1/P3P3/3P1P1P/RNB1K1NR b KQ - 0 14,b7c6,black,b7c6,-304,-287,17
1rbqk2r/p3ppbp/1p5n/1Bpp2p1/PP2PP1P/8/2PPQ1P1/RNB1K1NR b KQk - 2 9,e8f8,black,e8f8,-235,-249,-14
r1q1kbnr/p1p1pp1p/np1p4/6p1/bPPP3P/P3KPP1/3BP3/RN3BNR w k - 1 13,h4g5,white,h4g5,-629,-619,10
r1bqkb1r/1pppppp1/p1n4p/3P2P1/2P1Q3/7P/PP1KP3/RNB2BNR b kq - 0 10,c6a5,black,c6a5,-322,-338,-16
r1bqkb2/3n1ppr/p7/2P1P2p/p2pP1P1/3P1Q2/2P3PR/RNB1KBN1 b Qq - 0 14,d7e5,black,d7e5,-146,-162,-16
rnq1kbr1/p1ppn2p/1p2p3/4P1p1/2Q2p1P/2PP1PP1/PPN1b2R/R1B1K3 b Qq - 0 17,e2f3,black,e2f3,590,610,20
rnbqk2r/3p1ppp/1p2pn2/p1b5/2pPP2P/2N5/PPP1KPP1/R1BQ1BNR w kq - 2 9,d4c5,white,d4c5,342,353,11
r1bqk3/1ppn1p1r/5npb/pN1ppP1p/QP6/2P4P/PB1PPKPR/R4BN1 b q - 3 11,f6e4,black,f6e4,603,602,-1
r1bk1r2/3nn3/p1p2pp1/7p/P3p2P/1Pp3NB/3PP1KR/RN1Q4 w - - 0 26,g3e4,white,b1c3,671,682,11
r1bqk1nr/pppp2p1/7p/4pp2/PbB1n1Q1/3PP2N/1PPN1PPP/R1B2K1R b - - 4 10,f5g4,black,f5g4,720,680,-40
r1bqkbr1/ppnppppp/2p4n/8/5P2/P6P/1PPPP1P1/RNBQKBNR w Qq - 3 6,g1f3,white,g1f3,19,1,-18
rnbqk1nr/1p1pppb1/p7/2p4p/8/2N1P2P/PPPP1P2/R1BQKBNR b KQkq - 1 7,b8c6,black,b8c6,35,37,2
rn1qkbnr/1pp1pp1p/p2pb3/4P3/5PQ1/2NP3P/PPP3P1/R1B1KBNR b KQkq - 2 8,e6g4,black,e6g4,402,389,-13
r2k3r/pb4bp/1p4pn/1np1Q1P1/1PP1p3/P2P1q2/4P2P/2KR1BNR w - - 0 25,d3e4,white,d3e4,439,473,34
rnb1k2r/3p1p1p/2pb2pn/1p2p3/1p1B2P1/3P1PK1/P1P1P1B1/RNQ3q1 b q - 3 16,e5d4,black,e5d4,1313,1345,32
rnb1kb1r/1pppqp1p/p3p2n/6pP/4P3/PPN2P2/2PP2P1/R1BQKBNR w KQkq - 1 8,d2d4,white,d2d4,137,129,-8
rnb1kr2/p1p5/4p3/1pPN2pp/3bnPp1/1Q1PP2P/1P2N1P1/q1B1KB1R w Kq b6 0 24,d5c7,white,d5c7,151,133,-18
1nbqkb2/rpppppp1/5n1r/p7/6pP/2N2P2/PPPPP3/R1BQKBNR w KQ - 0 7,e2e4,white,f3g4,60,69,9
1nb1kb1r/r3pppp/2p4n/pp1p4/1q6/2N2PPP/PPPBPKB1/R4QNR w k - 2 11,e2e4,white,e2e4,-215,-213,2
r1bq1bnr/1p1p1k1p/n3pp2/p1p5/PPP2P2/4P1pN/1BQP4/RN2KB1R b KQ - 0 13,a6b4,black,a6b4,108,109,1
2bq1b1r/2pk2p1/r1n5/p1n1pp1p/P2PPP2/1R1Q2PN/1P3K1P/1NB4R b - - 7 25,c5d3,black,c5d3,799,802,3
4kb1r/2pb2pp/r7/1pnn1pQ1/p5PP/P2q4/1P1P2K1/RNB3R1 w - - 2 25,b1c3,white,g4f5,-864,-1059,-195
r1b1kb2/ppp1qN1r/3p3p/nN3pp1/1P1Pp2P/P2P4/2PB1PP1/RQ2KB1R w KQq - 3 18,f7d6,white,f7d6,410,463,53
1rbqk1r1/2pnp1bp/p1B2p2/Q3p3/P4PP1/2P2K2/1P1P4/1NB3NR b - - 0 23,e7e6,black,e7e6,268,250,-18
rnb1kb1r/1p4p1/2pppp2/p4n2/2P1PQ1p/N4P2/PP2K1PP/R1B2BNR b kq - 1 13,e6e5,black,e6e5,-573,-559,14
2b1qk1r/rpppn3/2n4p/p4pp1/PP1P1p1b/N4K2/3BP1P1/1R2QBNR b - - 0 21,c6d4,black,c6d4,99999,100000,1
rnb1kbnr/5q2/1p3p1p/p1pp4/PP5P/3P2P1/2PBPK2/1R1Q1BNR w q - 0 16,b4a5,white,b4a5,-184,-174,10
1rb1kb1r/pp1pp2p/n7/2q2p2/1p2P1p1/3P1N2/PBPQ1PPP/RN2KB1R w KQk - 0 11,f3h4,white,f3h4,465,422,-43
1nb1k1nr/1p1p1pp1/r1p1p3/4P1qp/P1B3PP/5P2/P1PP4/RNQ1K1NR b KQk - 2 13,g5e5,black,g5e5,311,326,15
5bnr/1p1bk1p1/rPnppp2/q1p4p/p2N2P1/P1PPP3/2QBKPBP/RN5R w - - 1 15,d4c6,white,d4c6,-48,-57,-9
r2q1k1r/1b1p4/B1n1p3/p4pp1/2PpP1np/bP3N1P/P1QB1PP1/RN1R2K1 w - - 1 16,a6b7,white,a6b7,361,382,21
4rbnr/1pknp1pp/p3N3/3p1p2/1q1B1P2/3P4/P1P1PKPP/RN1Q1B1R b - - 0 14,c7b8,black,c7b8,-396,-409,-13
r4bnr/1pqkppp1/2pp3p/p2P4/QP3P2/B1nBP2P/P5P1/2RbK1NR b K - 1 14,d1a4,black,d1a4,684,670,-14
rn1qkbnr/2p1pp1p/pp1p4/3B1bp1/6P1/2PP4/PP2PP1P/RNBQK1NR w KQkq - 2 6,g4f5,white,g4f5,526,527,1
N1b5/3pP2N/p2k1bpp/2p1qp2/2P2P2/R4nKn/1P1BP1PP/1N3BR1 b - - 0 23,f6h4,black,f6h4,-278,-320,-42
r1bqkb1r/p2pp3/n1p2p1n/1pP3pp/1Q1P2N1/8/PP2PPPP/RNB1KBR1 w Qkq - 0 10,g4f6,white,g4f6,-361,-332,29
r1b2br1/pp1pk1pp/n6n/N3ppqP/1Pp1P3/6P1/P1PP1P1R/R1BQKBN1 w Q - 1 10,d2d4,white,d2d4,311,305,-6
1rb1k1r1/1p1p2p1/p1p5/b2np1p1/4P2P/Pq4P1/2PPBP2/RNB1K2R w - - 0 20,c2b3,white,c2b3,-25,-25,0
r2k3r/1b5p/p2ppp2/n1b3p1/qpP1NPBn/PP2P1QN/1B1K2PP/R4R2 b - - 3 23,a5b3,black,a5b3,275,300,25
rnbqk2r/ppppbpp1/5n2/2P1p3/6Pp/P7/RP1PPP1P/1NBQKBNR w Kkq - 2 6,d2d4,white,g4g5,-160,-163,-3
rnb1kb1r/ppp1p1pp/7B/q2p1p2/1P1P4/P3P3/R1P2PPP/1N1QKBNR w Kkq - 1 7,b4a5,white,b4a5,783,787,4
r4bnr/p3k2p/bpnpppp1/1B3QP1/3PP3/NPBK1P2/P1P1q3/1R4NR w - - 1 21,g1e2,white,g1e2,586,519,-67
r3kbnr/p1p1p1p1/n2q1p2/1P1p1b1p/p2P1P1P/N3B3/2P1P1P1/R2QKBNR w KQkq - 2 9,b5a6,white,b5a6,197,200,3
r2qkbnr/ppp1pppp/2np4/1B3b2/2PP4/4PN1P/PP3PP1/RNBQK1R1 w Qkq - 1 8,d4d5,white,d4d5,237,254,17
r3k3/ppQ4p/P4nr1/4pp2/2Pp3b/B2PP2b/P4PPP/RN1K1B1R w - - 1 19,c7e7,white,c7e7,99999,100000,1
r2k2r1/1pBbb1p1/pnp1pn2/N2p1PPp/3P2qP/6R1/P1P1N3/R2QKB2 b Q - 7 22,d8c7,black,d8c7,-76,-80,-4
r1b1kbr1/1pqpp1pp/8/3Qnp2/p1P2P2/N3B1P1/P2KP2P/R4BNR w q - 3 15,d5e5,white,d5e5,505,449,-56
2bq2nr/n1pkpQ2/rp6/2P1bPpp/8/P4P1P/B2P2P1/RNB2KNR w - - 0 19,f7d5,white,f7d5,407,408,1
rnbqkb1r/pp1p1p1p/2p5/1P1np1p1/5PP1/P6P/2PPP3/RNBQKBNR w KQkq - 0 7,f4e5,white,f4e5,-2,-6,-4
rnb1kbnr/1p1p1p2/p3pqpp/2p4P/1PP5/6P1/P1QPPP2/RNB1KBNR b KQkq - 0 7,f8g7,black,f8g7,190,222,32
rn1qk1Br/p2b4/2p2b2/3p4/PP2p1p1/N4N1P/2PPP3/1RBQKB1R b Kkq - 2 15,f6h4,black,f6h4,99998,99999,1
r3kbnr/p1pqpppp/3p4/nP6/6P1/4PN1P/bPPP1P2/RNBQKBR1 w Qkq - 1 8,a1a2,white,a1a2,660,647,-13
1nb1kb1r/7p/r1pp1pp1/8/QPPP1Pn1/3R3N/1B1KP2P/5B1R w - - 1 21,a4b3,white,a4b3,553,559,6
r2qk3/1p1bp3/2np2Nn/P1p1P1pp/P1P2pPP/5Q2/R2P1PB1/1NB1K2R w K - 1 22,h4g5,white,h4g5,572,536,-36
r2k1bnr/ppp5/q1P5/1P2pppp/3n1PP1/4N3/PB1KP2P/Rb2QBNR b - - 0 16,a6a5,black,a6a5,356,363,7
rnbq1bnr/2pkpp1p/1p1p2p1/p1P5/3P4/4BP1N/PPN1P1PP/1R1QKB1R b K - 1 9,b6c5,black,b6c5,-1,-12,-11
N3kbn1/prp1Br2/n2pb3/1p1B4/P5PN/7P/4PP1R/n3K3 b - - 0 24,e6d5,black,e6d5,806,833,27
6nr/4k2p/3pp3/2r1Pp2/3P1b1p/8/PP1NKPbB/4RB1R b - - 6 25,g2h1,black,g2h1,-158,-177,-19
r1b2k1r/pp1n1p1p/1q3np1/1P1pp3/1bpP2PP/4K3/P1P1PP2/RN1Q1BNR b - - 0 15,f6g4,black,f6g4,99994,99995,1
r1bqk2r/2pnn2p/4p1p1/pp1P1p2/3P3P/1P6/P1PN1PP1/R1BQKBNR w KQkq - 0 12,a2a4,white,d5e6,547,539,-8
r1q3nr/1pp2p2/p3bkp1/2P4p/n2Pp1PP/b3K1R1/PP2Q1N1/R1B2BN1 w - - 1 22,e3f2,white,e3f2,233,214,-19
rnbqk2r/1p1pnp2/p1p1p3/6pp/QbP1PP2/3K3P/PP1P2P1/RNB2BNR w kq - 0 8,a4b4,white,a4b4,234,232,-2
2b1kb1r/rp2n3/1qnppp2/p1P3p1/PP2PPp1/7P/2P3B1/RNBQ1KNR w k - 1 15,c5b6,white,c5b6,618,622,4
1nbq1bnr/3pp1pp/1p2kp2/p1p3P1/P2RP2P/2R5/1PrPNP2/1NBQKB2 w - - 0 13,e2f4,white,d1c2,455,432,-23
5Qb1/rppkn1b1/2np3p/5P2/p1P1p3/5B1p/PP1PKPqN/RNB2R2 w - - 0 26,f3g2,white,f3g2,284,252,-32
rnbqkbr1/1pppppp1/7p/8/p6P/PPNP1n2/2PKPP2/R1BQ1BNR w q - 1 9,g1f3,white,g1f3,251,243,-8
2b1kb2/r1qn1prp/Q2pp3/2p3p1/1PP1P1P1/P7/3PK1BP/R5NR b - - 0 24,c8a6,black,c8a6,783,766,-17
2b2q2/1n1k4/rpp1p2p/pP1p1p2/3B2P1/P2P3p/2P2P1P/RN1QKR2 b Q - 3 25,a6a8,black,c6b5,-484,-460,24
rn1qk1nr/p1p3pp/1p1b4/3ppp2/6bP/1PN2P2/P1PPP1PR/R1BQKBN1 w Qkq - 2 8,e2e4,white,e2e4,13,26,13
rn1q1bnr/p2k3p/1Qpp1p2/4p1p1/Ppb1P3/1P1P3N/2N2PPP/R1B1KB1R w K - 0 14,b6d8,white,b6d8,380,344,-36
rnb3nr/p1Np1k2/1pp2ppp/2b1p3/2P1PPqN/P2P4/1P1BQ1PP/1R2KB1R w K - 3 16,e2g4,white,e2g4,822,819,-3
r1b2bnr/p1p2kp1/3Ppq1B/1p3p1p/1P4P1/2NP1N1P/1PP2P2/R2QKB1R b KQ - 2 13,g7h6,black,g7h6,-240,-255,-15
2nq2n1/prpbkr2/1p1p1N1b/1P3P1p/8/P2P3P/4P1P1/RNBQKB1R b Q - 0 20,e7f6,black,e7f6,-37,-65,-28
r2qkb1r/3n4/2ppp2p/pp1b1pN1/P3nPp1/2P1P2P/1B1PK1P1/R2Q1BR1 b kq - 1 25,h6g5,black,h6g5,666,667,1
rnb1k2r/1p2pnb1/p1pp4/2P2pp1/5P2/3KP1Np/PP1P3P/RNB4R b kq - 3 19,g5f4,black,g5f4,612,618,6
r1bqkb1r/ppp2ppp/P2p1n2/1n2p3/2P5/7N/1P1PPPPP/RNBQKB1R b Kkq - 0 7,b5d4,black,b5d4,5,8,3
r2R4/1b1p1k1p/p7/1p2P1P1/1np1p1p1/B1P5/P2QPKB1/RN4N1 b - - 0 23,b4d3,black,a8d8,-828,-859,-31
1nb2r2/3q2p1/1pp2k1n/1Qrpp1N1/3B1p1p/3PP1PP/PP2KP2/RN3BR1 b - - 1 25,c5b5,black,c5b5,463,450,-13
rn2k1nr/4qpp1/p2b3p/2p1p3/bpp1P1P1/PP6/3PQP1P/RNB1KBNR w KQkq - 0 13,b3a4,white,b3a4,134,135,1
rB2r2k/Q1nbpp1p/1p5b/1Npp2p1/P1P3P1/3nKP1B/1P2P2P/RN5R w - - 0 21,a7c7,white,e3d3,563,572,9
1nq2b1r/rpp1k3/P1bp4/2nB1p1p/P2PpPP1/N1P1P2p/3QK2P/R1B3R1 b - - 0 21,c5d3,black,c5d3,367,348,-19
rnbqkb2/ppppp2p/r7/1n3p1P/5pP1/N1PPR3/PP2K3/1RB2QNB b q - 5 17,b5a3,black,b5c3,242,260,18
2b1kb1r/Npp4p/r2ppppn/p7/P1Pn1q2/3P4/1P2P1PP/1RBQKBNR b Kk - 2 12,f4e5,black,f4e5,169,183,14
r1b1k2r/2pp1pp1/3Q4/pp2pnqp/1bB1P3/3P3P/PPPN1PP1/R1B1K1NR b KQkq - 6 12,f5d6,black,f5d6,626,656,30
1rb2bnr/1pNnk2p/pq2pp1B/2p3p1/P2p4/1P1P3P/2P1PPP1/R1QK1BNR b - - 1 12,g8h6,black,g8h6,628,603,-25
r6q/1p2k3/p1p1ppQ1/2Pp2b1/1P6/P2KP3/R4PPP/2Bb1B1R w - - 4 25,d3d2,white,d3d2,332,305,-27
rnbq1knr/N1pp1p1p/1p6/6p1/P1P1p3/1P2b1P1/1B1PPP1P/R2QKBNR w KQ - 0 9,a7c8,white,f2e3,572,531,-41
r1bqk2r/1pp1n1b1/p1n1p1p1/5p1p/2PP1PP1/N2P3P/PP1QBK2/R1B3NR w kq - 0 12,g4h5,white,g4h5,-146,-140,6
1rbq4/p2pkpbr/1pp1np2/7p/1P6/2P2P1P/P2PP3/RNB1KB1R w KQ - 0 18,b4b5,white,e2e4,-699,-716,-17
rn1qkb1r/p3ppp1/1p5p/8/P1Pp2b1/2P2Qn1/1P2K1PP/RNB2BNR w q - 1 14,h2g3,white,h2g3,-422,-411,11
rnbq1bnr/p2kp1p1/2p5/1Q1p1p1p/1P2P3/N1pP2PN/P4P1P/R1B1KB1R w KQ - 1 11,b5a4,white,b5a4,169,173,4
1rb2kr1/pp1pbpp1/1q5p/1N2p2P/1n3P2/2PP3R/PP2NKP1/R1B4Q w - - 1 18,b5d4,white,b5d4,-193,-154,39
rn2kbnr/p2q1pp1/1ppp3p/4p3/P1P5/2Q5/RP1PPPPP/1NBK1B1R b kq - 1 8,a7a5,black,g8f6,117,122,5
1n1q1bnr/3kp1pp/r2p4/ppp2p2/PP1P4/3B3P/2PNKPb1/RNBQ3R b - - 2 11,a5b4,black,a5b4,106,99,-7
rnb1k1nr/3p2pp/3b4/ppp1pp1R/P3PPP1/N2P4/1PP1K3/R1BQ1BN1 b kq - 1 10,b8c6,black,b8c6,-683,-674,9
r3k1nr/pp1bNp1p/n5p1/1Ppp4/4pP2/P1PP1q2/RQ2P1PP/2B1KBNR w Kkq - 5 16,e2f3,white,e2f3,792,744,-48
rn2k2b/pb3p2/1ppp1npr/1N5p/P3PPq1/1P1P4/2PQB1PP/R1B1K1R1 w Qq - 11 20,b5d6,white,b5d6,512,518,6
1nb1kbnr/r2qp1pp/Bp1p1p2/2p1P3/8/PP3P2/R1PPQ1PP/1NB2KNR w - - 1 12,a6b5,white,a6b5,250,240,-10
rnb1kbnr/1pp1ppp1/8/pq1p4/3PNP1p/8/PPP1P1PP/R1BQKBNR w Kkq - 3 7,e4c3,white,e4c3,20,17,-3
2bqkb2/r1p2ppr/pp1p3p/2P2N1n/1P1np1P1/P3P3/N2Q1PBP/1RB1K1R1 b - - 0 18,d4f5,black,d4f5,-72,-63,9
4kbnr/1pp3p1/rQnp1p2/6NP/1q2p3/PPNP1P2/4P2P/2BK1B1R w - - 3 25,b6b4,white,b6b4,83,82,-1
rn2kb1r/pb1p1p1p/1q4p1/1N2p3/P1p2PnP/1P5B/2PPP3/R1BQ1KNR b kq - 0 10,b6f2,black,b6f2,99999,100000,1
rnQ2b2/4p1k1/p3r3/1pp1N1pp/3Pp1n1/P3P3/1P3PBP/RKB4R w - - 0 23,c8e6,white,c8e6,1098,1183,85
rnb1kb1r/p2ppp1p/6pn/2p5/2p4P/1Q3P1R/qP1PP1P1/RNBK1BN1 w kq - 0 8,b3a2,white,b3a2,598,540,-58
r1bq1rk1/p2pppbp/Q1p3pn/1p6/7P/1nPP1N1R/P3PPP1/RNB1KB2 w Q - 2 12,a2b3,white,a2b3,-430,-428,2
2rqkbnr/1pp2ppp/2n5/3pp3/P4P2/2P5/1P1PP1PP/R1BQKBNR w KQ - 1 8,e2e3,white,e2e3,178,168,-10
2bqkbnr/rpppp1p1/7p/p4pn1/2P3P1/1PN4N/P2PP1BP/R1BQ1K1R w k - 0 9,g4f5,white,g4f5,101,104,3
rnbk3r/1pp1pp1p/p4npb/3p2P1/N2P4/qP2K3/PBP1PP1P/R2Q1BNR w - - 9 12,b2a3,white,b2a3,580,582,2
r1q1kbr1/p1p2pp1/npbpp3/6Pp/2P1n3/1P2P2P/P2B1P2/RN1QKBNR w q - 2 15,g5g6,white,g5g6,-253,-263,-10
4kb2/1rpqppr1/b2p4/Pp4P1/1B1N1PP1/2PP1B2/P3K2R/RN6 b - - 0 24,d6d5,black,d6d5,-45,-67,-22
r1bNk2r/p1p1p1b1/Qpn1q3/3P1p2/1P1P1npp/N3P1P1/P4P1P/R1B1KB1R w Kq - 0 19,d8e6,white,d8e6,563,559,-4
1nrqk1nr/p1pp1ppp/2b1B3/1p6/1b3P2/1P2P1P1/P1PPK2P/RNBQ2NR b k - 0 9,d7e6,black,d7e6,442,437,-5
2bqk2r/r1p2p1p/p1n4b/1p1pp1pn/1PB1N2P/P2PP3/2P2PPN/R1BQK2R b KQk - 1 13,g5g4,black,g5g4,128,129,1
rnbqkb1r/p4ppp/3p1n2/1pp5/2P1p1P1/2Q5/PP1PPP1P/RNB1KBNR w KQkq - 0 8,g4g5,white,g4g5,-66,-53,13
2bk1bn1/4pppr/7p/2rp4/2pPPP2/P6P/1b4PR/2NK1B2 b - - 0 21,b2d4,black,b2d4,858,850,-8
r1b1kr2/1p2q1pp/3ppp2/p1P1N3/P2P1Pn1/b5PP/nP2P3/2BQKBR1 b q - 0 17,a3b4,black,a3b4,659,640,-19
rn2kb1r/ppp1qppn/7B/3pP1PN/P3b3/1P3P1P/2P1PK2/RN1Q1B1R w kq - 0 15,h5g7,white,h5g7,116,131,15
r2qkb2/2N1pppr/np1p1n2/6Bp/1p1P1N1P/2P2b2/P2KPPP1/1R1Q1B1R b q - 0 13,d8c7,black,d8c7,104,95,-9
rn1qkbnr/pp2p1pp/2p2p2/3p1b2/PP5P/N7/2PPPPP1/R1BQKBNR w KQkq - 1 6,c2c3,white,e2e3,-58,-63,-5
2rqkbnr/p1p1pp2/1p4p1/1P2n2p/2RNpP1P/1QP5/P2P2P1/R1B1KB2 b Q - 2 22,e5c4,black,e5c4,169,180,11
1rbq1bn1/ppp1ppp1/n6r/4k2p/3p2P1/1P1PB2P/P1P1PP2/RNQ1KBNR w KQ - 3 10,g1f3,white,g1f3,337,349,12
rnb1kr2/3pn1B1/pP2p1p1/q1Q4p/P1P1Pp2/R2P2P1/5P1P/1N1K1BNR b q - 0 17,a5c5,black,a5c5,382,379,-3
1rbqkbnr/2p1pppp/1pn5/p2p4/PP3P2/2PP4/R3P1PP/1NBQKBNR b Kk - 2 6,a5b4,black,a5b4,188,180,-8
r2q1bnr/1b1npk1p/pNp2p2/3p4/3P1Pp1/7N/PPPKP1PP/R1BQ1BR1 w - - 2 16,b6a8,white,b6a8,105,113,8
r1bqk2r/pppppp1p/B5p1/n5b1/3PP2n/2P2PP1/PPQ4P/RNB2KNR b kq - 10 12,g5c1,black,g5c1,78,68,-10
Q1b1k1nr/2nqpp2/2p3pb/1p1Pp2p/2B4P/8/PPPB1PP1/RN1K2NR b k - 0 11,c7a8,black,c7a8,522,516,-6
r2B3r/p1q1b3/2n1kN2/1p1pp2p/3P2bp/1P4PB/P1P2P2/1R2K2R w K - 0 24,d8c7,white,d8c7,-466,-458,8
r1k4r/pq3pbn/b1n2N1p/6pP/p1ppP1P1/1P5B/R1P1KP2/2B2QNR w - - 4 23,a2a4,white,a2a4,-517,-541,-24
rnb1k2r/2bp1p2/p6p/1p1P1PP1/1QP1p3/4P1nB/8/BRNK2NR b kq - 1 22,g3h1,black,g3h1,-583,-616,-33
rn2kbnr/4ppp1/b1pp3p/pp2PN1Q/2PN3P/8/PP1P1Pq1/R1B1KB1R b KQkq - 1 11,g2h1,black,g2h1,326,318,-8
r1bqkb1r/pppppp2/2n4p/6pP/2nP4/PP3N2/2P1PPPR/RNBQKB2 w Qkq - 0 8,b3c4,white,b3c4,328,340,12
r1b1kb2/2pqn3/p6p/1pP1p3/P3r1p1/1P1PPp2/2R2PPP/1N1KBBNR b q - 1 24,f3g2,black,b5a4,618,598,-20
rn1q1k1r/p1pp4/3P3p/2bb1pp1/RPB2P2/1PP2N1P/2K3P1/1NB3R1 b - - 6 24,d5e4,black,d5e4,470,472,2
1rbk1b1r/4ppq1/p1np4/1pP3pp/6PN/PPP1n1Q1/R4P1P/1N2KB1R b K - 4 19,e3f1,black,e3f1,628,628,0
1r1q1bnr/pb3ppp/3p4/P1p2k2/Np3P1P/1P6/n1PPQ1P1/1NB1K2R w - - 0 20,g2g4,white,g2g4,885,99987,99102
1rbqkbn1/ppp1pp1r/2n3pp/3p4/PP3B2/3P3N/2P1PPPP/RN1QKBR1 b Q - 0 8,e7e5,black,e7e5,216,223,7
r1b1k2r/pppn1ppp/4p2n/5P2/Pb1p4/N1PP2P1/4P1P1/R1BQKBNR b KQkq - 5 11,d4c3,black,d4c3,-499,-494,5
1nbk2n1/r1pp1pr1/p1PQ1q2/1p6/1B2P1P1/N3PP1N/PPK3Bb/R6R b - - 0 23,h2d6,black,h2d6,529,516,-13
N2qb1nr/p1P1p1bp/3pkp2/1Bn3p1/Q3PP2/Pp6/1B1PK1PP/R5NR w - - 3 18,c7d8n,white,c7d8n,99999,100000,1
2n1k2r/r1pN1p1p/pp1pp1p1/5PPQ/1Pq4P/B3K3/P1PP2PR/1R3B2 b k - 0 20,c4a2,black,c4c2,-457,-547,-90
1nbk1br1/2ppn2p/1p3p2/3P4/5B2/8/rPP1N3/R2Q1K2 w - - 2 22,a1a2,white,a1a2,329,327,-2
2b2bnr/r2qkB2/p1pp1p1p/4n1p1/2P1P3/Np1PKP1N/PP2R1PP/R1BQ4 b - - 0 20,e7f7,black,e7f7,369,351,-18
1nbq2r1/1p3kpp/2pb1p1n/p2pP3/5PPP/QrP1P3/PP1BK1B1/RN4NR w - - 3 15,a3b3,white,a3b3,296,282,-14
rn3bkr/p1p2p1p/b4q1n/1p1pPp2/2PN4/P2P2Pp/3Q4/R3KBNR w - - 1 22,e5f6,white,e5f6,877,893,16
rnbq1b2/1pppkpr1/1P2pn2/3PB1pp/p4PP1/N3P3/P1P1K2P/R2Q1BNR b - - 2 15,f6d5,black,f6d5,-97,-105,-8
rnbqkbn1/1p1pp1p1/7r/p1pN1p1p/1P5P/5BP1/P1PPPP2/R1BQK1NR b KQq - 0 8,e7e6,black,e7e6,-3,10,13
r1bn3r/1p2np1p/1k5q/p2pp1p1/P1P1P1P1/1Q1PNP1B/2NRKb1P/2B4R b - - 11 25,b6a7,black,b6a7,-258,-279,-21
2q1kb2/r3p3/np5n/1Pp1PppP/p2p3P/P2P4/2PB1Pb1/RN2K2R b Q - 0 20,c8e6,black,c8e6,766,786,20
r1b2b2/q2nk1r1/1p4pn/p1pp1p1p/1PQpPPPP/P1P5/1B2B2R/RN1K2N1 w - - 7 23,e4d5,white,e4d5,-179,-181,-2
3qkbr1/rb4pp/ppp3n1/B3p3/P2pP1K1/1P1BQ2P/2PPNPP1/R2N3R b - - 0 22,d4e3,black,d4e3,611,588,-23
rnbq1b2/3pkpp1/1p3n1r/p1p1p3/P1P2PPp/1P3N1P/R1QPPK1R/1NB2B2 w - - 2 13,g4g5,white,f4e5,353,339,-14
2b4r/1rppn3/Bp1k2pp/n1b1p1PQ/1P2P1P1/4R3/1P1P3P/1NB1K3 w - - 0 25,b4c5,white,b4c5,526,524,-2
2b2bnr/r4k2/np1pp1pp/1qpP1p1P/pP1Q2P1/B1P1KP2/P3PNB1/R5NR w - - 0 18,h5g6,white,h5g6,311,276,-35
r1bqk2r/p1pp1pp1/n6p/P1b1p2n/p1PN3P/8/1P1PPPP1/1NBQKBR1 w kq - 2 9,g2g4,white,d4f5,-480,-493,-13
rn2k1nr/pp2p2p/3pBppb/4Q3/2p5/2NP2P1/1PP1PP1P/q1B1K1NR b kq - 0 13,a1c1,black,a1c1,808,840,32
rnbqkbr1/pp2pppp/2pp4/8/4nN2/5P2/PPPPP1PP/RNBQKB1R w KQq - 0 6,f3e4,white,f3e4,331,327,-4
N1b2br1/p1pp2pp/4k3/qpn1p3/3P1P2/P1P1n3/RP4PP/2Q3KR b - - 1 24,e5d4,black,e5f4,407,410,3
rnbk4/1pp2pr1/p1q1p3/P1Ppb1pp/5PPN/R3n2P/1B1PP3/1N4KR b - - 3 25,e5b2,black,e5b2,877,890,13
r2qkbnr/ppp1pppp/3p4/5b2/n7/NQP4N/PP1PPPPP/R1B1KB1R b Kkq - 4 6,a4c5,black,a4c5,70,75,5
r3kbnr/p5pp/n7/qpBbpP2/1PP2P2/P2P3P/6PR/RN1QKBN1 b Qkq - 0 12,a6b4,black,a6b4,-246,-282,-36
rnb1k1nr/pppp1pp1/8/4p1qp/P2P3P/4bN2/1PPQPPPR/RNB1KB2 w Qkq - 0 9,h4g5,white,h4g5,547,542,-5
rQbqkb1r/3p3p/p1p1pp1n/2n2PpP/2p3P1/N7/PP1PP3/R1B1KBNR b KQkq - 1 17,a8b8,black,a8b8,811,792,-19
rnb1kbnr/pp1p2pp/q4p2/4p3/8/1N3P2/PPPPP1PP/RNBQKB1R w KQkq - 3 7,e2e4,white,e2e4,283,287,4
rq3bnr/4kpp1/ppn1b2p/2Ppp3/PP6/2B1QP1N/2P1P1PP/RN2KB1R w KQ - 1 11,e3c1,white,b4b5,-125,-138,-13
r1Bn1k2/5p1r/p6n/qp2p1p1/Pb3PPp/2NPP2P/1PPKN3/1RBQ2R1 w - - 1 22,c8f5,white,c8f5,429,425,-4
rnbqkbn1/ppp1p2r/3p1p1p/6p1/1P6/2PPP2P/P4PP1/RNBQKBNR w KQq - 1 6,f1e2,white,f1e2,141,129,-12
r1bN1k1r/1p2b1p1/n4n2/P1ppp2p/P5pP/5P1B/R1PPP3/1NBQK1R1 w - - 1 15,h3g2,white,h3g2,388,385,-3
r1bqk1nr/B1pp1pp1/n2bp2p/pp6/7P/2NP4/PPP1PPPR/R1Q1KBN1 w Qkq - 6 8,a7d4,white,c3b5,-391,-447,-56
2b1qbnr/prppkppp/1pn1p3/7P/3P1P2/P7/1PP1PKP1/RNBQ1BNR w - - 1 8,e2e4,white,e2e4,152,162,10
3qkb1r/4ppp1/2ppb2p/r3nn2/ppPP4/NB2PPP1/4K2P/RQB3NR b k - 3 16,a4b3,black,a4b3,465,462,-3
rnb1qb2/p3p1pr/2p3nk/5p2/P2P1PpP/2PP2P1/R2KN3/3Q1BNR w - - 3 24,g1h3,white,h4h5,-225,-243,-18
rnb1k2r/pp2ppbp/1qpp2Nn/6p1/P1P5/R4P2/1P1PP1PP/1NBQKB1R w Kkq - 3 8,g6h8,white,g6h8,266,259,-7
rnq1k2r/2ppb2p/bp3n2/4pp2/8/P1NP1NP1/RPP1PP1R/3QKB2 b kq - 3 12,d7d5,black,d7d5,319,300,-19
rn3Nn1/2q5/p2b1k1r/1pB1R1pp/2Q5/7N/PPP1PPP1/4KBR1 b - - 0 21,b5c4,black,b5c4,232,267,35
rnb2b2/pp2k1pr/5p1p/Ppp1p3/P1P5/4n2N/3PPPPP/2B1KB1R w K - 0 14,f2e3,white,f2e3,-574,-575,-1
r1bqk2r/p1p1bp2/n1npp1pp/1p5P/3NP1P1/N6B/P1PP1P1R/R1BQK3 b Qkq - 0 12,c6d4,black,c6d4,341,353,12
r1k2bnr/pppqppp1/2n1b2p/3p4/N2P2P1/4P2N/PPPQ1P1P/R1B1KB1R w KQ - 3 8,f2f3,white,f2f3,92,100,8
r1k1n1r1/5ppp/n5b1/1p6/pPP1Pp2/b2P2PP/1R3KQ1/q1B2BNR b - - 0 25,a1c1,black,a1c1,696,655,-41
rnbk1bnr/1q1pp2p/ppp5/5P2/8/3P2pP/PPPKNPPR/RNBQ1B2 b - - 0 11,g3h2,black,g3h2,543,542,-1
rnb1k1nr/pp1p1p1p/B1p3p1/q1bPp3/8/2P1P2N/PP3PPP/RNBQK2R b KQkq - 0 6,b8a6,black,a5a6,274,278,4
rnbqkb1r/3ppp2/5n1p/pppB2p1/4P3/N6N/PPPP1PPP/R1BQ1R1K b kq - 1 7,f6d5,black,f6d5,-66,-74,-8
4rb1r/1ppqppp1/n2kb3/P1n4P/2p2P2/N3P3/P2P3P/2RQKBNR b K - 2 17,c7c6,black,c7c6,231,240,9
rnb2k1r/1ppq2pp/B3pp1n/p1bpP2P/5PP1/P1N5/1PPP1R2/R1BQK1N1 b Q - 0 11,c5f2,black,c5f2,381,416,35
r2kbr2/3nbp2/ppP3p1/4p1qp/2P4P/1B2nPP1/P2P4/RNB1K1NR b - - 0 24,g5g3,black,g5g3,803,814,11
1nb2b1r/r3ppp1/p1p1k3/1pPq2np/4p1P1/1P1B3P/PBNPKP1R/R6Q w - - 2 18,c2d4,white,c2d4,-472,-445,27
3r1bnr/pp3k1p/Q1P2p2/5bB1/PqPNp3/6PP/N4P2/R2K1B1R b - - 0 21,d8d4,black,d8d4,879,958,79
1r1k3r/1b2b3/Q3p1p1/2qp1n1p/5p1P/P1PPPNPR/1B3P2/RN2KB2 w - - 2 25,a6e6,white,a6a4,154,116,-38
1nb3nr/3r1kbp/2B1p3/p4pP1/PPpp4/2NP2PP/R2BN3/2Q2RK1 b - - 0 21,b8c6,black,b8c6,-525,-489,36
1nb2r2/2ppnQpk/1r6/1p2p1P1/pP3P2/P2P4/1P2PK2/RNB2BN1 w - - 3 18,f7f8,white,f7e7,721,724,3
r1b1kbr1/ppn1pppp/2p2n2/Q2pq3/PBPP1PP1/7P/1P2B3/RN1K2NR w - - 7 14,d4e5,white,d4e5,422,422,0
r2n1q1r/pbp1kn2/7b/1p2Pp1p/P1P5/4Pp2/1P2B1PP/RNBK2NR w - - 0 25,g1f3,white,g1f3,-551,-611,-60
1r1k2n1/p4pp1/bp2p3/P2p1np1/4P3/2PPr3/3B1Pq1/RN2K1NB w - - 1 21,d2e3,white,d2e3,-861,-897,-36
r1bk3r/p2ppp1p/n4b1n/1p2P1NP/1P1p1B2/P2q1PP1/R1P3B1/1N1K3R w - - 1 25,c2d3,white,c2d3,111,102,-9
3k1b1r/rp3ppp/B1p5/P1npp3/1Q1P4/N1P1PP1P/P7/R1B1KnNR b - - 0 16,c5d7,black,c5d3,-743,-795,-52
1rb1kbnr/p1pp1p1p/2n1pqp1/1p6/P1P2P2/NQ1PB1PP/1P1KP3/R4BNR w k - 3 12,a4b5,white,a4b5,214,219,5
2r1k1nr/pp2pp1p/3qb1p1/1n1p4/1P1p2PN/P1P1bP2/2Q1P2P/RNB1KB1R w KQk - 1 16,h4g2,white,h4g2,-344,-381,-37
4rb2/ppq1pk1r/2p1b2p/3p1p2/1P1PPpP1/n6N/P2K2BP/R1BRQ3 b - - 11 25,f5g4,black,f5e4,300,273,-27
rn3bnr/p2bpk2/q2p2pp/1p3P2/2p1PP2/PQPP3B/1P5P/RNB1K1NR w - - 0 15,b3d1,white,f5g6,243,239,-4
rnb1k1nr/q2p2p1/p1p4p/1p3p2/2B1p3/bP2PP1N/R1PPN1PP/2BQ1RK1 w kq - 4 13,c1a3,white,c1a3,349,375,26
rn3bn1/1p1kpPpr/p1p5/5bBp/P3B1Q1/3q4/RPP2P1P/5KNR w - - 0 19,c2d3,white,e4d3,908,889,-19
q2kbn1r/2p3bp/4pp1n/1p2N1P1/2BPp2P/p7/PPNK2P1/R1BQ3R w - - 0 23,g5h6,white,g5h6,286,297,11
1k1r2nr/p4ppp/np4Q1/3p1qP1/1bP1p3/P1N5/R2PPR2/2B1K1N1 b - - 1 16,f5g6,black,f5g6,617,591,-26
2kr2r1/pb2q1b1/2p1pp1n/1p1p4/1PPPPp1p/N6P/P3BKPN/B3R1R1 b - - 1 24,d5e4,black,d5c4,714,676,-38
1nb2bnr/3pp1pp/2rk4/ppp1N3/2B1Pp1P/1QNPB1P1/PP3P2/R3K1R1 w Q - 4 17,c3b5,white,c3b5,99998,99999,1
rnbqkr2/2pp2p1/pp1b4/3P1p1p/2B2pP1/N3P3/P1P1K1P1/R1BQ2NR w q - 0 16,g4h5,white,g4h5,195,213,18
r2qk1n1/p1ppn3/b6r/1p4p1/1b2P3/5p1P/PBPP4/RNQ1KBNR w Qq - 2 15,g1f3,white,g1f3,-169,-179,-10
r1b1qb1r/2ppk3/p3p2p/Pp1P1p2/1P1BP1np/R4KPR/2P5/1N2Q1N1 w - - 0 24,d4h8,white,d4h8,119,119,0
rnB2bnr/1pk5/3pp2P/1P6/p1P1p1pP/2Bq4/P3QP2/RN3KNR b - - 5 24,h8h6,black,h8h6,-14,-13,1
2bqkbr1/Q1pp1p2/r1n2n2/p3p3/2P2p1P/2NPP3/PP3PP1/R3KB1R b KQ - 1 15,a6a7,black,a6a7,875,870,-5
r1bqkb1r/p1p1pn1Q/1p6/3p2p1/4pP2/6PB/PPPPK2P/RNB1n1NR b kq f3 0 12,h8h7,black,e4f3,650,603,-47
rnbqkbr1/ppppppp1/7p/8/P3PPP1/1P1B1n2/2PP3P/RNBQK1NR w KQq - 2 7,g1f3,white,d1f3,474,491,17
rqb1k2r/3p2p1/np1bPn1p/2p1Qp2/p1P1PP2/PP4PP/R2N2B1/1NB1K1R1 w - - 1 20,e5f5,white,e5f5,393,441,48
b5nr/2p1kpp1/ppp1p3/P2q1P1p/2P1P3/6PN/1P1P1KB1/R1B4R b - - 0 25,d5d4,black,d5d4,318,307,-11
rn2kbnr/1Bq1p3/pp1pPp2/2p2P1p/2P5/P1N5/1P1PK1PP/R1B3NR b kq - 0 16,c7b7,black,c7b7,576,569,-7
rnb4r/p1ppkp1p/1p2p1pn/2b3P1/8/PPPPB2q/4PP1P/RN2KB1R w KQ - 0 13,e3c5,white,e3c5,-457,-456,1
1r3bnr/p1pb2p1/1p5k/PP1p1p1B/1n1p3q/3PP3/2PQ1PPP/RNB1K1R1 w - - 6 21,a5b6,white,h5f3,-374,-360,14
r2kq1nr/ppp1p1b1/n4p2/1P3P1p/4p1p1/3PB1PP/P1P2P2/R2NKBNR b KQ - 1 19,e8b5,black,a6b4,518,522,4
rnb1kbnr/p5pp/2p5/1p1p1p2/3P1pP1/N1P4P/PP2PP1q/1RB1KBNR b Kkq g3 0 9,h2h1,black,h2h1,823,826,3
1nb1k2r/1pppBppp/r3pn2/P7/6P1/2NP1P2/P1P1P2P/R2QKBNR w KQk - 3 10,e7f6,white,e7f6,861,865,4
r4b1r/pp3k1p/2pp2p1/2Q1pP2/P6q/2PP4/1P2N1R1/R1BK4 w - - 0 25,f5g6,white,f5g6,322,343,21
1rb1k1nr/pppq1ppp/2N5/2bp4/4pnP1/5P1P/PPPPP3/RNBQKB1R w k - 0 11,c6b8,white,c6b8,-7,18,25
r3k3/1npp2pr/b3pp2/1p2q2p/pQ4P1/PPP1PPPR/3P1KB1/RNB3N1 b q - 0 20,b7c5,black,b7c5,-334,-337,-3
2r1kbnr/2pqp3/3p3p/1Pp3P1/P6R/1R1PpPPN/b7/2nQK2B w k - 0 24,b3a3,white,b3c3,-336,-354,-18
rnbqkb1r/ppppp2n/7p/1B3p2/P3Pp1P/8/1PPP2P1/RNBQK1NR b KQkq - 1 7,h7f6,black,h7f6,-48,-50,-2
1rbq1rn1/3pk1b1/n7/ppp1Pp1p/P1P2PpP/4PR2/QP1BK1PR/1N3BN1 w - - 0 22,c4b5,white,c4b5,-218,-262,-44
r1b4r/ppP1kN2/3p1ppp/2p1p2n/2PnP1P1/2B1K2B/5P1P/5QR1 b - - 1 25,h5f4,black,h5f4,-355,-373,-18
r1bqkb1r/pppp1p1n/n3p1p1/7Q/8/PP1PP3/2PKBPPP/RNB3NR w kq - 0 9,h5e5,white,h5e5,101,104,3
r1b1k1r1/2np1p1Q/1pq1p2b/2p5/p2Pn1P1/N1P2N2/PP2PP2/1RB1KB1R w q - 1 21,h7g8,white,h7g8,759,727,-32
3k2r1/r2Nb1pp/ppB1b3/2p1p2P/P1npnPQ1/3P4/1PP1P2R/R1BK2N1 w - - 1 26,g4e6,white,g4e6,917,926,9
rnq1kb1r/p1p2N1p/1p1ppnp1/3N4/1P6/2PP3P/P2KPP2/R1BQ1B1R b - - 0 11,e8f7,black,e8f7,-189,-172,17
rnbk1b2/4p1p1/pp3n1r/2pp3p/2P2P1P/1PB1P3/3P2P1/qN2KBNR w K - 0 13,c3a1,white,c3a1,-513,-504,9
r3qbnr/2p3pp/3kbp2/pP1p4/n1Pp3N/4BP2/RP1NP1PP/1Q2KB1R b K - 1 18,d4e3,black,d4e3,267,275,8
1rbq2r1/2nkp2p/pppp3b/N4Np1/6n1/2P2PP1/PP1PP1BP/R1BQK1R1 b Q - 1 15,b6a5,black,b6a5,-279,-290,-11
2bqkb1r/n1pppppp/1p4Q1/r7/p2P2n1/2N4P/PPP1PPP1/1RB1KBNR w Kk - 10 10,g6g4,white,g6g4,367,359,-8
rn3bnr/pb1pkp1p/1p2p2p/3p4/P1QP1P2/RPP3q1/4P1BR/3K4 w - - 1 21,c4c7,white,c4c7,-728,-728,0
3qk1nr/3pn3/r2b4/pppBp2p/1P1P3p/P1P1P1P1/1B3K2/RN1b3R w k - 2 22,d5e4,white,h1d1,-811,-872,-61
1nb2b1k/rp1p2p1/p6n/1rpPp2p/P1P1PP2/2q3P1/1P5P/1RBK1BNR b - - 5 22,c3d4,black,c3d4,693,698,5
rnbq1br1/p1pkp2Q/1p1p4/6pp/1PP5/N2P2n1/P3NPPP/1RB1KB1R b K - 3 21,g8g7,black,g8g7,186,199,13
rnbqkb1r/p1p1pppp/8/1p1N4/P1PP4/5Nn1/1P2PPPP/R1BQKB1R b KQkq - 0 6,g3h1,black,g3h1,-103,-90,13
1n1q2kr/1ppb1p1p/r3p3/p2p2Pn/2PPP1P1/b6P/3BK1B1/RN3QNR b - - 0 15,h5g3,black,h5g3,550,535,-15
r2q2nr/Q3pkb1/n1p3b1/3p1ppp/PpP5/1P1P1P2/4P1PP/RNBNKB1R w K - 0 17,a7f2,white,a7f2,-427,-403,24
r1bq1bnr/p2kp3/n2p1pp1/1R6/1P2PP1p/1P4PN/2p2K1P/1NB1QB1R b - - 1 16,c2b1q,black,c2b1q,596,589,-7
r1bq2nr/ppp1k1pp/8/4pp2/2Bp4/NQ4P1/PPPP1n1P/R1B1K1NR b KQ - 1 11,f2h1,black,f2h1,104,99,-5
r1bq3r/1pppkppp/pb2pn2/n5B1/2P1P1P1/N2P1P1P/PP2B3/R2QK1NR b KQ - 4 10,h7h6,black,a5c6,-51,-56,-5
1rb1q1n1/p1pp1pkr/1pn4b/6p1/4p3/1PP3Pp/P2PPPN1/RN2KB1R w Q - 0 18,g2e3,white,g2e3,-863,-884,-21
bn1q1bnr/r1pkp2p/6p1/pp6/NPpP2p1/1Q2BP2/P3P2P/2R1KBNR w K - 0 17,b3b2,white,b3b2,-217,-239,-22
1q1k2nr/r1p3b1/b1n2p1p/ppNp4/P5pP/1P1pPPP1/R1P3KR/1QB2BN1 w - - 0 24,c5e6,white,c5e6,254,287,33
rnb4r/p2k1pp1/1ppppn2/1BP4P/4P3/5P2/P2b1K1P/RNB3NR b - - 0 15,d2c1,black,d2c1,671,661,-10
rq2k1r1/pbpp1npp/4p3/1p2np2/1b1P2PP/P2Q3N/RPPNPP2/2B1KB1R w Kq - 2 16,d4e5,white,d4e5,67,61,-6
rnq1k1nr/3pp1b1/7p/1ppP1p2/1p3N2/P1P2Pp1/1B2P1PP/Rb2KB1R b KQkq - 1 19,b4c3,black,g7c3,819,739,-80
r1b2bnr/p1p1q3/npPpkp1p/4p1p1/P6P/1RNP1P2/1P2PKP1/2B1QBNR w - - 4 14,d3d4,white,e2e4,232,222,-10
2bqkb1r/4pp1p/1p2N3/Pp1p2p1/2pP4/5P2/2PKP2n/RNBQ1B1R w k - 0 19,e6d8,white,e6d8,739,752,13
1rbqkb1r/2pppp2/p1n1N3/1p4pP/3P3P/2P3n1/PP2PP2/RNBQKB1R w Qk - 0 13,e6d8,white,e6d8,580,542,-38
2b1qk1r/p5pp/n1p1ppn1/3p4/1P1PP3/1K2BP2/BP4PP/R3N1QR w - - 1 22,b3c3,white,b3c3,434,432,-2
r1b3n1/2pq2pr/1p2p1Bk/p2p4/2NB3P/1P1nP1PN/P1PP1P2/R2Q3K b - - 0 22,h6g6,black,h6g6,-309,-313,-4
rn3rk1/1b1p1p1p/p1pP1Pp1/8/2q1PP2/QP1p3P/P3N1B1/1NKR3R w - - 8 23,b3c4,white,b3c4,663,665,2
6nr/rp1n1b1p/p1pBkp1b/8/PPP1P1PP/3P4/3NQ2R/1R2KBN1 w - - 7 22,c4c5,white,c4c5,1027,1002,-25
1nbk1bRr/r3p3/2p2p1p/5p2/2P5/N2P4/PP2PBP1/R2Q1BK1 w - - 4 24,g8h8,white,g8h8,943,978,35
rnbqkb1r/1pQpnp1p/6p1/p7/4p2P/4P3/PPPP1PP1/RNB1KBNR w KQkq - 0 6,c7e5,white,c7e5,252,243,-9
r1b1k1r1/pppp1p2/2Q3p1/3np1qp/4P3/3P1PK1/PPP1B1PP/R1BN2NR w - - 3 15,c1g5,white,c1g5,791,794,3
rnb1kbr1/3p1ppp/p7/1p1np3/1PP5/5NqP/1B1PPP2/RN1QKB1R w KQq - 1 12,f2g3,white,f2g3,612,623,11
1nb3nr/r1p3bp/p3p1p1/1p1p1pk1/1P2P3/N1P4P/P2PBP1K/R1BQ2NR b - - 3 20,d5e4,black,d5e4,-693,-660,33
rn1k2n1/pp1qpp2/3p2p1/2p1Q2r/1PP3bp/N3B2N/PR2PPPP/4KB1R w K - 8 15,e5c3,white,e5c3,306,321,15
r2k4/p1p2ppr/b3pP2/np6/Pbp4P/R2P4/1PQ4P/2BK1B1R w - - 1 23,d3c4,white,d3c4,558,544,-14
r2bk1r1/1p3pBn/n1p1p1p1/p2pP3/PP1P4/2P2P1b/R3N1PP/1N1QK2R b Kq - 2 24,h3g2,black,h3g2,-402,-390,12
r1b2k1r/p1pqp1b1/1p1p1p1n/1B4pp/6Q1/NP1PP3/PBP2PPP/1R2K1NR w K - 6 11,g4d7,white,g4d7,678,683,5
rnbq1bnr/1p1ppNkp/p4pp1/2p5/8/1P1P4/P1PQPPPP/RNBK1B1R b - - 5 7,g7f7,black,g7f7,419,415,-4
rnbqkbn1/pppppp2/7r/7p/P1B1P2p/R7/1PPP1PPR/1NBQK1N1 b q - 3 6,d7d5,black,d7d5,-96,-89,7
rn1qkb1r/2pRp3/5pp1/p1P4b/1P4np/6PP/3P2B1/1NBQK1NR b Kq - 0 19,d8d7,black,d8d7,311,377,66
r2qkbnr/4p3/1p1pb3/2p2ppp/pP2P2P/N2P1P2/PB4PR/RQ2KBN1 w Qkq - 5 16,b2h8,white,b2h8,472,467,-5
r1b1k2r/pp1p4/4pp2/2q2n1p/P1P2PP1/P1n1P2B/3K3N/RNB4R b - - 0 24,c5e3,black,c5e3,99996,99997,1
r1bq1bnr/p1pnpp2/2k3pp/1p2P3/3p4/P1NP1P1P/1PP1Q1P1/1RB1KBNR b K - 0 9,c6b7,black,d7c5,-235,-253,-18
2rqb2r/p1p1p1bp/1p2k3/2P3pP/nPN1PP2/6PR/P2B4/Rn2KB2 b - - 0 20,b1d2,black,g7a1,662,691,29
2r2rn1/N2k1p2/1B6/2p3p1/P1PbP1P1/1p1P1P1R/8/R2Q1KN1 w - - 1 26,a1b1,white,a1b1,819,839,20
rnbq1bnr/3k1pp1/pppp4/4pP1p/2KP4/P7/1PPNP1PP/R1BQ1BNR b - - 2 9,d6d5,black,e5d4,204,227,23
rn4r1/p1pkpp2/b5Qp/3qp3/P1p2P2/4n2P/3BK1B1/RN5R w - - 1 26,g2d5,white,g2d5,140,129,-11
rnb1kbn1/pp1p1p1r/2p2q1p/4p3/8/4P1P1/PPP4P/RNBQKBNR w q - 1 9,c2c4,white,c2c4,-134,-120,14
r2qk2r/2p1bpp1/2n1b2n/1N1ppP1p/1p2P1PP/2PP1N2/P3K3/R1BQ1B1R w kq - 1 16,f5e6,white,f5e6,123,100,-23
r1b2kn1/p7/npppP1pr/1Q3pP1/P7/b1P1N3/1P1PP3/R1B1KBNR b KQ - 1 18,h6h1,black,h6h1,-577,-595,-18
rnb1kbnr/1p2qp2/4N3/p2pp1pp/PPp4P/2N2P2/1BPPP1P1/RQ1K1BR1 w kq - 2 16,c3d5,white,c3d5,388,381,-7
rn1qkbnr/4p3/ppp2ppp/3p4/P1PP1P1P/RQ5b/1P1NPBP1/1N2KB1R w kq - 2 15,b3h3,white,b3h3,497,487,-10
2b2bn1/4k1q1/1Q2prpr/2Pp3p/PRp1NNPP/3Ppn2/4K1B1/2BR4 b - - 3 25,e7e8,black,f3d4,-267,-287,-20
1nb3n1/q2p1r2/3b1pp1/1ppNpk1p/p7/2PPPNPP/P4P1R/RQB1KB2 w - - 1 25,d3d4,white,f3g5,703,824,121
r3k1nr/p1p3b1/P2p1p1p/5Pp1/P1KpP3/R5P1/N2B3P/2N2BR1 b - - 0 24,g8e7,black,g8e7,-553,-588,-35
r4b1r/p1p2n1p/bp1kppp1/nP3PN1/2BpPqP1/N2P4/P1P5/R1BK1Q2 b - - 4 21,f4f1,black,f4f1,926,925,-1
rnb1kb2/p2pp3/1qp4r/1p1n2p1/PPPPP2p/1QR3pP/3BBPK1/1N4NR b q - 0 20,b5a4,black,b6d4,203,209,6
rn2kb1r/p2ppp2/b1p3p1/1P5p/Q1pn1q1P/B2P2P1/P3P2R/RN2KBN1 b Qkq - 1 12,f4g3,black,f4g3,579,593,14
1n1r2nr/p2bkpBp/3qp2b/1pP3p1/Q1p1P3/N3KP2/P2PBNPP/1R4R1 b - - 19 21,d6f4,black,d6f4,99998,99999,1
1nq1k1r1/rp2bpp1/p2p3p/P1p2P1P/2P1p3/RP1BPR2/3NPP2/1NBQ1K2 b - - 0 18,e4f3,black,e4f3,-497,-496,1
r2q1bnr/p1p1pk2/b1n3pp/1p1p1p2/1P4PP/2NPPP2/P1P1Q3/1RB1KBNR b K - 1 9,d5d4,black,d5d4,26,30,4
rnq2r2/5pbp/p1p1k2n/1p1Npbp1/P1PP1P1Q/1PN1P3/6PP/1RB2BKR b - - 4 19,g5h4,black,g5h4,474,494,20
rnbk2nr/3p4/1b1qpp1p/p4p1P/1pP2P1Q/4P2K/3P2P1/RNN2B1R w - - 5 23,d2d4,white,c1d3,-391,-399,-8
rnb1k1nr/pp1p1ppp/1q1bp3/8/3p2P1/1P2P3/P1PN1P1P/R1BQKBNR w KQkq - 0 6,d2c4,white,d2c4,86,78,-8
r1bqkb1r/p1pp1p1p/2n1pnp1/1p6/3P4/N3B3/PPP1PPPP/R2QKBNR b KQkq - 5 6,b5b4,black,a7a6,97,84,-13
rn3bnr/p5p1/1pp2kb1/2Ppp2P/1Q3p2/1PN1PP2/P1N2KBP/R1B4R w - - 4 21,h5g6,white,c3d5,651,623,-28
rn1k1b1r/1p2p1pp/B4p1n/q7/2N2P2/P6b/1PP2N2/R1BK3R b - - 2 14,a5a6,black,a5a6,776,779,3
rn2qkr1/p2p4/b6n/1pp1ppp1/1P2P3/2PB3N/PBNP1bPP/R4KR1 b - - 1 18,f2g1,black,f2g1,699,664,-35
rn2rkb1/p3n3/P1p3pp/3Ppp2/1Rp1PPP1/P1P3KP/8/1QB2BNR w - - 1 25,d5d6,white,f4e5,718,694,-24
r5n1/q1p1b1kr/2Qp1ppp/1p1np3/b2P3P/P1P2P2/1B2P1P1/RN2KBNR w - - 1 19,c6d5,white,c6d5,166,177,11
r1b1k1nr/1ppp3p/2n3pb/p3pqp1/2N5/2P3PP/PP1PPPBR/R1B1K3 b Qk - 4 12,e5e4,black,g8e7,816,802,-14
1r1q2kr/1b2n3/p2bp3/1PpPnpp1/2QP1PPp/8/P3N2P/RN1KBB1R w - - 0 25,f4e5,white,f4e5,-43,-47,-4
rn1q2nr/pbppkpp1/1p5p/2b1p3/2PP4/P3PN2/1P3PPP/RNBQKB1R w KQ - 1 7,d4c5,white,d4c5,505,506,1
rnbqk2r/pp1ppp1p/6pb/2p5/2N1n3/2P2PPP/PP1PP3/R1BQKBNR b KQkq - 0 6,d8c7,black,d8c7,439,445,6
rn1k1br1/pppq3p/3p1ppn/7P/1P2PB2/P1P2Q1N/2B2PP1/RN3K1R w - - 8 17,c2b3,white,c2b3,548,565,17
r1bqkb1r/2pp2pp/1pn5/p1N2p2/3p1n2/PP5N/1BP1PPPP/1R1QKB1R w Kkq - 2 10,h3f4,white,h3f4,-38,-20,18
rn1q2nr/3pkp2/bpp3p1/p1b1P2p/3NP3/1P6/P2PN1PP/R1BQ1KR1 b - - 0 23,c5d4,black,c5d4,624,631,7
5b1r/rbpk1Npp/4pP1n/pp6/6PP/PP1P1P2/n1P1B3/1RBQK1NR w K - 1 17,c1h6,white,f6g7,780,815,35
2b1kbnr/rpp4p/3pp1q1/pN1Nn1p1/P1P1p3/RP3PP1/3P2BP/2BQ1K1R w k - 0 18,d5c7,white,d5c7,290,287,-3
rnb2knr/p2p2p1/1p6/1Np2p1p/P1Pbp1P1/1Q1P2qP/1P2PP2/R2KBBNR b - - 3 12,d4f2,black,d4f2,241,267,26
1nbk4/r4pbr/pPq1pP2/3p2pp/1P1Pn2P/8/P3PBP1/RN2KBNR w KQ - 1 19,b1d2,white,b1d2,-543,-540,3
1rb3nr/q2pbk2/n6p/pp2pPpP/P1p1K1P1/R1N1R2B/1PPP1PN1/2BQ4 b - - 9 20,c8b7,black,c8b7,99995,99997,2
3r1br1/pb1k1pp1/2p1Nn2/3pq3/Pnp3pB/2PPPP2/6KP/RQ3B1R b - - 7 23,g4f3,black,g4f3,588,621,33
r1b1k1n1/3pb2r/1q3pp1/pppPp2p/4P1PP/5N2/P1NB1P2/1RQ1KB1R w Kq - 0 15,b1b5,white,g4h5,488,455,-33
1nbNk1nr/1r2b3/pp1P1ppp/1N6/2p5/P4PPP/1PPP2B1/R1BQK2R b KQk - 0 14,e8d8,black,e7d8,-726,-699,27
rn2k1nr/pb1pbp2/4p2p/1Qp3p1/2pPPB2/2N3qP/PP3P1R/3RKB2 b kq - 3 13,g3f4,black,g3f4,447,505,58
3qkbn1/r1p4r/2bp1p1p/np1NpP2/4P3/QPPP2P1/3K2BP/1RB4R b - - 1 24,c6d5,black,d8a8,268,274,6
1r1q1bn1/1bpkp3/p5p1/3pnPP1/1Pp3B1/P2P4/2N1PP2/R1QK2Nr w - - 0 17,c1e3,white,c1e3,-547,-547,0
rnbq1bnr/2p1p1pp/pp6/1B1p1pN1/1kQP1P2/1P2P3/P1P3PP/R1B1K2R b KQ - 1 14,d5c4,black,d5c4,-586,-611,-25
rnbk1bnr/1p1p2p1/2p2p1p/p3pQ2/P2q1P2/4P1NP/NPPP2P1/1RBK1B1R b - - 1 13,d4d6,black,d4a4,26,24,-2
rn1qk1nr/p2ppp1p/1p6/1bp5/1P5p/B1NBPP1R/P1PP2P1/R2QK1N1 w Qkq - 5 11,c3b5,white,d3b5,614,575,-39
r3k2r/1pp1qp2/6pn/p2pp1b1/1n2PB2/P2P1QPP/N1PK2B1/6NR w - - 1 21,g1e2,white,h3h4,-370,-361,9
r5nr/pb1n1pb1/1p1pk3/1Pp1p1Pp/2PBP3/N6R/P2P1PP1/RQ1K1BN1 w - - 1 17,d4e3,white,d4e3,764,770,6
rnbqkb2/1pppp1p1/p4n1r/5p1p/7N/P1PP2P1/1P2PP1P/RNBQKB1R b KQq - 0 6,h6h8,black,h6h8,-230,-222,8
r2qk1nr/pbppn3/1p2p2b/5ppp/2PN3P/P3P1P1/1P1PQP2/RNB1KBR1 b Qkq - 2 10,g5g4,black,g5g4,179,171,-8
rn2k2N/p1p5/1p2b2p/3ppp2/1PPq2r1/3P1P2/NB1K3P/R2Q1B1R b q - 1 21,d4b2,black,d4b2,164,156,-8
rn1q1bnr/p2kpp1p/bppp2p1/6Q1/1P1P4/N1P1P3/P3NPPP/R1B1KB1R b KQ - 10 13,g8f6,black,g8f6,10,0,-10
rnbqkb2/pp2pp2/3p2p1/3n2Qr/3P4/P1P2PPp/1P1BP1BP/RN2K1NR b KQq - 1 13,h3g2,black,h3g2,968,984,16
rnbqk2r/1p1p1p1p/pB2p1p1/2p4n/8/bP1P4/P1P1PPP1/RN1QKBNR b Qkq - 1 8,d8b6,black,d8b6,384,352,-32
rnk4r/p2p1pb1/b3Q2p/1pp1p1P1/PqBPP3/6R1/1PP1N1P1/1NBKn2R b - - 2 22,d7e6,black,d7e6,436,450,14
4qb2/r1pp1prp/p1nk2pn/1p1b4/2PPp3/PPB1K2N/N3PPPP/R2Q1B1R w - - 6 16,c4d5,white,c4d5,426,432,6
r1b1k3/p2p1p2/1p3nP1/4p1Np/1n2P1PP/PBN1b2K/RB1P4/5QR1 b q - 4 24,e3f4,black,e3f4,-782,-815,-33
r1b1kb1r/p1p1qpp1/3p3n/1pn1p1P1/P7/2NPB3/1PP1PPP1/R2QKB1R b KQkq - 2 10,c8b7,black,c8b7,-67,-92,-25
2bR2nr/r1p1pk1p/p1n2pp1/1p5P/2N5/1P2bP2/P1PPP1P1/1RBQKBN1 b - - 0 12,e3f4,black,e3g1,-590,-571,19
r1bk3r/1p1p3p/p1n1pn2/PN3pp1/1b3qP1/3KPP2/1PPP3P/R1B2BNR b - - 0 14,f4e5,black,f4b8,748,750,2
2b1kb1r/q2ppppp/3p1n2/P1r5/p3P2P/3n1P1R/P2P2P1/RNB4K w k - 2 18,b1c3,white,c1a3,-998,-993,5
r1bq3r/pBppkppp/2n4n/4p3/4PPPb/PP6/2PP4/RNBQ1KNR b - - 0 9,c8b7,black,c8b7,84,68,-16
B1b3nr/p1p2q2/2nkp1pp/8/1P1p1P2/P2p2B1/2P3PP/RN1Q1KNR b - - 1 21,c8a6,black,c8a6,-552,-554,-2
b4kr1/3p1p2/1r4Rp/pp5P/PN2P2b/7P/R1PpKPB1/2B4Q w - - 2 25,g6g8,white,c1d2,704,699,-5
r1bk3r/1p3qp1/p6n/P2pn2p/3pp3/NPP2P1P/4P3/R1B1KBNR w Q - 0 21,c3d4,white,c3d4,-574,-564,10
rnbqk3/ppppnp2/4p1pr/7p/1b6/NP3NPB/P1PPPP1P/1RBQK2R w Kq - 4 7,c2c4,white,c2c4,196,197,1
rnbqk2r/2pp1ppp/pp2p2n/2b5/2P5/P4PP1/RP1PP2P/1NBQKBNR b Kkq - 1 6,h6f5,black,h6f5,56,53,-3
1r3b1r/2pk3p/3p1p1p/5P2/ppbPP3/N6N/PPPKB1PP/R6R b - - 2 22,c4e2,black,c4e2,-277,-285,-8
rnbqk1nr/pp1pbpp1/2p4p/P3p3/R2P1P2/1PP1B2N/4P1PP/1N1QKB1R w Kq - 5 12,d4e5,white,d4e5,162,176,14
rn3b1r/1p3p1p/p1p2kpn/3b4/6P1/1PN1PP2/P1PK3P/R1B2BNR w - - 1 18,c1b2,white,c3d5,570,554,-16
r1b1kbnr/pppqp2p/n7/5pp1/3pP1PP/1P1P1P2/P1P1N3/R1BQKB1R b KQkq - 0 9,f5g4,black,f5g4,261,260,-1
2rqkb1r/p1p1pppn/n3b3/3p3p/1PpP3P/4P1P1/PNP1KP2/R1BQ2NR b k d3 0 10,c7c6,black,d8d7,529,506,-23
1nq1k1nr/rp5p/p3p1p1/1Np5/2PNP3/PP3p1P/1B1b1K2/1R3B1R w k - 0 19,b5d6,white,b5d6,299,293,-6
r1bk1bnr/3pp1pp/pp1q4/5p2/P1B1P1PP/RP3P2/2PP4/1NBQK1NR w K - 2 12,g4f5,white,g4f5,541,537,-4
1nnk1br1/r6p/b7/ppppp1p1/P1P3P1/1PNP1PK1/1BQ1P3/R3NB1R w - - 1 25,a4b5,white,a4b5,738,726,-12
r1b1k2r/p1pp1p1p/2n3pb/1p2pn2/5P1q/1PPP2P1/P1Q1P2P/RN2KBNR b KQkq - 0 11,h4e7,black,h4e7,627,639,12
2bqkbnr/rpppp1p1/2n5/p6p/P5p1/3P3P/1PPKPP2/RNBQ1BNR w k - 0 7,h3g4,white,h3g4,-38,-33,5
1rbq2nr/2pnk2p/1p1b2p1/B2ppp2/1P3P2/P2P2PB/1RP1P1KP/1N1Q2NR b - - 1 15,e5f4,black,e5f4,451,384,-67
rnb2bnr/ppppk1p1/7p/4pp2/2q5/P2PP3/1PP1NPPP/RNBQKBR1 b - - 3 7,c4f7,black,c4f7,-18,-22,-4
2bk2n1/4r3/pp2qpBb/1Pp1P1pr/3p4/P7/2PP1NKP/RNBQR3 b - - 12 24,h5h4,black,h5h4,179,199,20
rn3knr/p1ppq2p/bp2p2b/4Ppp1/6P1/1PP2P1B/P2P3P/RNBQK1NR b KQ - 0 9,d7d6,black,d7d6,80,79,-1
2bqkbr1/1pppn1p1/7n/1r2pp1p/p2P3P/PPQ2P2/2PKP1PR/R4BN1 w - - 3 17,e2e3,white,e2e3,-675,-626,49
1nb2bn1/1ppk1pp1/4pqQ1/p1r1r3/P1PpPP1p/1P1P3N/6BP/RN1K3R b - - 5 19,f6g6,black,f6g6,757,750,-7
rn1qkbnr/p1p2pp1/1p1pp3/7p/3P1B2/7N/PPP1PPPP/RN1QKB1R b KQkq - 1 6,d6d5,black,d6d5,-523,-526,-3
1r5r/1p3p1k/B1p3pn/3pN2p/Pq1P2b1/N3P1PP/2P2P2/2KR3R b - - 8 24,b4a3,black,b4a3,686,680,-6
1rb1nb1r/2pq1Bk1/1p1pp1p1/4Pp1p/p4PPP/6R1/PPnK4/RNB3NQ b - - 1 21,c8b7,black,g7f7,488,469,-19
2r2bnr/pb1q1kpp/4pp2/1ppp4/3P2P1/1P2PN2/P1nKNPBP/R1BQ2R1 w - - 0 15,d2c2,white,d2c2,209,215,6
r1bnkbnr/3p1p1q/pp5p/1Pp3p1/2P3P1/P1NPPp1N/5P1P/R1B1KB1R b KQkq - 0 18,f8g7,black,d8e6,713,698,-15
1r3b2/pppb1k1q/nR6/P2pN3/4p3/4K1P1/1PPP1P2/1NBQ1B2 b - - 0 18,f7e7,black,f7e7,-234,-260,-26
rnb1k1r1/3p3p/p4bpn/1Rp1ppNQ/P6P/2N1P1PR/1PPP1P2/2B1KB2 w q - 0 17,h5h6,white,h5h6,839,911,72
rn2bk2/p5r1/1qp2p2/1P1pp2p/PB2P1n1/1P1B2PP/R2KNP1R/1N1Q4 b - - 2 19,c6c5,black,c6c5,-353,-351,2
rnbBk1nr/1pppb1p1/p5q1/4pp1p/3P2P1/P1P2P1P/1PQ1P3/RN2KBNR w KQkq - 5 11,d8c7,white,d8c7,-2,-2,0
rn5r/1b1p1p1p/3kqb1n/pp1P2p1/p1P1p1PP/2N2B2/1P2K3/R5NR b - - 0 25,e4f3,black,e4f3,901,874,-27
r1bqkbnr/2p1p2p/3p2p1/1p3p2/pP2PP2/P1P1K3/3P2PP/nNBQ1BNR w kq - 0 11,f1b5,white,f1b5,-433,-452,-19
rnq1kb1r/pp3p1p/3p3n/2p1p1p1/P4N2/2NP1P2/1PP1PK1P/1RB2Q1R b kq - 0 12,g5f4,black,g5f4,427,412,-15
1rb1kbnr/pp2pppp/2np4/8/1P1pP1qP/1RN5/P1PP1PP1/2BQKBR1 w k - 3 10,f1e2,white,f1e2,-360,-377,-17
r2qkb1r/pp2pppp/nN1p2b1/8/1p2P1n1/B2P1NPB/P1P2PKP/R2Q3R w k - 1 13,b6a8,white,b6a8,262,253,-9
rnbqk1nr/2p1p2p/1p5b/p2ppBp1/5N2/NP3PP1/P1PP3P/R1BQK2R w KQkq - 0 11,f4e6,white,f4e6,100,106,6
r2qk2r/pb1pn1b1/1p2ppp1/1NP4p/5P2/2P4P/PP2P1P1/R1BQKBNR w KQkq - 0 12,b5d6,white,b5d6,560,579,19
r1b1kb1r/p4p1q/2n5/Ppppp1P1/1PP1P2p/3B1P2/3P4/R1BQK1NR w - - 0 23,c4d5,white,c4b5,-182,-203,-21
3rkb1r/2p2p2/1n1pb2p/p3pBp1/1p6/PPP1PPP1/3P1KQP/RNB3NR w k - 2 19,f5e6,white,f5e6,776,752,-24
r1bk3r/2pp1ppp/3b3n/pp4q1/1P1nPpP1/1QPPB2P/P6R/RN1BK1N1 w Q - 0 18,e3d4,white,e3d4,289,265,-24
rn1qkb1r/pb1ppnp1/5p1p/Ppp5/1P2P3/5RPN/2PPBP1P/1NBQK2R w Kkq - 1 11,b4c5,white,b4c5,20,32,12
rnb1kbr1/1p1p1p1p/6p1/p1pPp3/4nN1P/2q3P1/PPP1KPBR/R1BQ4 b q - 3 16,c3c4,black,e5f4,394,393,-1
r2k1bn1/2pqp3/2n2p2/QbP2P1r/3Pp1pp/3BB3/2R2KPP/1N4NR w - - 2 25,a5a8,white,a5a8,553,543,-10
2kr1br1/p1p1pppp/2n5/5b2/1pqp2nP/PQP2P2/RP1PPN2/1NBK1BR1 b - - 3 14,g4f2,black,g4f2,821,847,26
rnbqkbr1/pp1ppp1p/8/2p3pP/5P2/P7/1PPPP3/RNBQKBNR b KQq - 0 6,g5f4,black,g5f4,-131,-146,-15
rn1k3r/p6p/1P1pb1pb/2p1ppPP/1RP3N1/NQ3P1R/P1KPP3/2Bn1B2 w - - 1 23,b6b7,white,c2d1,755,782,27
2r1k1nr/2p4p/1pn1pp2/pN1q1b2/1P2pbp1/2Q2PPP/P1PN4/1RBK1B1R w k - 0 20,g3f4,white,g3f4,101,101,0
1nbqkb1r/rppp2pp/4p2n/p4p2/4P1Q1/3P4/PPP1NPPP/RNB1KB1R w KQk - 0 7,g4g3,white,g4g3,129,133,4
rnb1qbnr/pppkpp2/3p4/6pp/4PP2/PPPP1K1P/R5P1/1NBQ1BNR w - - 2 12,f4g5,white,f4g5,156,175,19
r3kbnr/2pqpN2/n3b2p/p2p4/P7/1PpR1P2/2PPP1PP/2BQKB1R w kq - 0 12,f7h8,white,f7h8,245,257,12
r1bqkr2/1ppp4/p1n4p/2b1pppP/3Pn3/PNP1BN1R/1P2PPP1/1QR1KB2 b q - 2 16,c5a7,black,c5b6,207,207,0
rn1qkbnr/pp3pp1/4b3/2Ppp2p/8/4PPP1/PPP4P/RNBQKBNR w KQkq - 0 6,b2b4,white,c2c4,-123,-112,11
rnb2b1r/1pqk1pp1/p1p2n1p/3pp3/2P1PP2/3P4/PP1K2P1/RNBQ1BNR b - - 3 11,e5f4,black,e5f4,275,275,0
rn1qkbnr/2p1pp1p/1p6/p2p1bp1/1B2N1P1/1P5P/P1PPPP2/R2QKBNR w KQkq - 0 8,g4f5,white,g4f5,-54,-51,3
r1bqk3/2ppbppn/p3p3/npP4p/P3P3/1QNP2rP/1P3PB1/R1B2KNR w q - 0 13,b3c2,white,b3c2,42,42,0
2b1k2r/2pq3p/2p4n/3pBp2/rPP1P3/3P1K2/3bQ1PP/R4B1R b - - 0 23,f5e4,black,f5e4,867,885,18
r1bqkbr1/pppppppp/7n/8/n5P1/BP3N2/P1PPPPBP/RN1QK2R w KQq - 5 6,b3a4,white,b3a4,371,366,-5
r2q1bnr/1bn1pk2/2p2p2/p2Q2pp/2P3NN/7P/1P1PPPP1/R1B1KB1R b KQ - 3 15,c6d5,black,c6d5,682,687,5
2rq1bnr/1p1k3p/4pp2/p1pp2P1/P2P2P1/3P1NR1/4PP2/RNBQKB2 w - - 3 21,d1b3,white,d4c5,624,606,-18
rnbqk2r/1pppbppp/4p2n/p7/1P6/3BP1Q1/P1PP1PPP/RNB1K1NR b KQkq - 5 6,e7f6,black,e7f6,222,211,-11
2bq4/2pp1k1p/rp3p2/1N2b3/4P2P/P2P1Nr1/1P2QK2/nRB4R w - - 2 21,f3e5,white,f3e5,540,553,13
2bq2kr/B2p3p/4pp1p/3Bn3/1pPPP2P/bq6/3K1P2/R3Q1NR w - - 0 22,d4e5,white,d4e5,-330,-367,-37
rnb1kb1r/2p3p1/q7/2Pppp1p/pp1PPP2/3Q2PN/4Kn1P/RNB2B1R w kq - 1 17,d3a6,white,d3a6,-58,-39,19
rnb1kbnr/7p/pp1ppppP/3p1RN1/3q4/1P2P1P1/P1P1KP2/RNBQ1B2 w - - 0 17,e3d4,white,e3d4,489,491,2
1nb1kbnr/1p5p/r1ppp3/3q1pp1/PpN5/R3PP1P/2PP2P1/2BQKBNR w Kk - 2 18,a3a1,white,e3e4,-52,-38,14
1n1qkb1r/r1B1p1pp/p3b3/1p1p1p2/1PPP4/P2nP1P1/7P/RNQK1B1R w k - 1 16,c7d8,white,c7d8,-199,-232,-33
2b3k1/1p1n1pb1/2pr3n/rQqPp2p/N4P1P/6P1/PP1P4/RBBK3R w - - 6 23,a4c5,white,a4c5,-395,-422,-27
2b2bnr/r2n3p/p1p3k1/1p1pPpP1/2PP3p/8/1P1NP1K1/R1BQ1BNR w - - 1 17,d2f3,white,g1f3,765,726,-39
r1bqkbnr/1ppp1p1p/4n1p1/p3p3/7P/2PBPP2/PP1PK1P1/RNBQ2NR b kq - 1 8,g8f6,black,g8f6,199,198,-1
rnbq1b1r/1p2kpp1/2p1n3/p2P3p/3pP1QP/3BB1P1/PP3P1R/RN2K1N1 b Q - 2 13,h5g4,black,h5g4,754,737,-17
rn2k1n1/ppq2p1p/2pbb3/3pp3/P5rp/NPP2PPN/3PP1B1/1RB1QK1R w q - 3 13,f3g4,white,f3g4,205,224,19
r1bqkbnr/p1ppp2p/1p3pp1/8/Q1P5/4PN2/P1nP1PPP/RNBK1B1R b kq - 0 7,c2a1,black,c2a1,321,315,-6
r2qk3/p3r1Q1/1n1p1B1P/1pp4p/1Pn1P3/P4P1N/2PP3P/RN2KB1R w KQq - 3 21,h6h7,white,h6h7,946,958,12
2k2bnr/p1qr2p1/np2b1P1/2P1pp1p/Q1Pp4/P1N1PP2/RP1B3P/4K1NR w K - 1 21,c3b5,white,c3b5,-153,-137,16
r1b1kb1r/p3p2p/np1q1pN1/2pp3P/P1P2Pn1/6P1/1P1PP2R/RNBQKB2 w Qkq - 1 12,g6h8,white,g6h8,-158,-171,-13
rnq1kbr1/1bpnppp1/7p/pp1p4/3P3P/1PP4N/PB1QPPP1/RN2KB1R w KQq - 1 10,e2e4,white,e2e4,81,78,-3
rnb2b1r/2qkpppp/p2p1n2/1p5P/1QP1P1P1/8/P2PNPR1/RNB1KB2 b Q - 4 11,b8c6,black,b8c6,86,80,-6
r1bqkbr1/4pnpp/2np1p2/p4PP1/2p5/p1PP4/1P1NP2P/R1BQKBNR w KQq - 4 13,f1g2,white,f1g2,12,15,3
1q2k2r/3p2pp/B1p4n/Pp3P2/4P3/2bP1N1P/Q4P2/R1K4R b k - 4 25,b8f4,black,b8f4,-298,-282,16
1r2k3/1p2ppbr/7n/6pp/p3bPP1/1P1Q3N/P1NpP2P/R1BK3R w - - 0 23,d3e4,white,d3e4,579,573,-6
1rbq1b2/1p1p2rp/4p1k1/1pp2p2/PP1n1B1p/3K4/2PNPPP1/1R1Q1B1R b - - 3 19,d7d6,black,d7d6,285,296,11
r1bq1b1r/p2pkppp/np6/3np3/2p1P3/3B1Q2/PPPPKPPP/RNB3NR b - - 3 9,c4d3,black,d5f4,506,496,-10
r1b1kbnr/2n2pp1/1p2p2p/p1pP4/1PB1P2q/B4PP1/P2P4/RN1QK1NR w KQkq - 2 11,h1h4,white,h1h4,613,604,-9
1n4nr/r4pb1/2qp2p1/B1pNkb2/2Pp3p/1P1BPPP1/P1QK3P/1NR4R b - - 0 24,f5d3,black,f5d3,-14,-35,-21
4rNr1/n1pb1ppp/5k2/p7/2PPP2n/1P2B1P1/P1N1KP1P/3R1BR1 b - - 1 24,d7g4,black,d7g4,-552,-515,37
2brkb2/1p2pppr/pP5p/3p2P1/4Pq1Q/2N2B1P/P1PP4/R1B2KNR b - - 1 24,f4h4,black,f4h4,329,332,3
3qk2r/rbp1n2p/n3p3/pp1p2N1/PP2P2P/B5P1/1bPQ1P1R/R2NKB2 w - - 1 18,a3b2,white,a3b2,708,686,-22
r1bqkb1r/pp1ppp1p/n4n2/2p1N1p1/2P5/5P1P/PP1PP1P1/RNBQKB1R w KQkq - 1 6,h3h4,white,h3h4,-64,-68,-4
1rb2bnr/pp1p1kpp/n1p2q2/5p2/P4p1P/2N3P1/1PPPP1R1/R1BQKBN1 w Q - 1 9,g1f3,white,g1f3,81,63,-18
1rb3nr/n1pq1kbp/1p2p3/p6p/P1B2P1P/1Pp1P3/2PP2PB/2K2RR1 w - - 0 19,d2c3,white,f4f5,-693,-720,-27
r3kbn1/Qb1np3/1p3ppB/2pP3p/2P4P/Pq1P1P2/1P2K1P1/RN3BNR b q - 0 14,b3b2,black,b3b2,538,520,-18
rnq2b1r/pppkpppp/6Nn/3p4/P2P4/7b/1PP1PPPP/RNBQKB1R w KQ - 5 8,g6f8,white,g6f8,483,481,-2
1r2kb1r/1pqbpppp/2B5/p1pp4/4P1P1/P4Q1R/1PPP1Pn1/RNB2KN1 w k - 1 14,c6d7,white,c6d7,594,602,8
rn1qkb1r/p3pp2/1p5p/2pp4/bP1B4/P3P3/3P1PPP/1NRQKBNR b Kkq - 0 12,a4d1,black,a4d1,276,258,-18
rnbqkbnr/p1p1ppp1/1p5p/1P1p4/5PP1/2N5/PBPPP2P/2RQKBNR w Kq - 2 8,f1g2,white,f1g2,53,50,-3
r2qkbnr/ppp1ppp1/4b2p/3p4/P1P2P2/3n3N/3PP1PP/RNBQKB1R w KQkq - 2 7,e2d3,white,e2d3,232,219,-13
r1b4r/2pknp2/np3b2/1NP1p3/1P1p1PPR/1pB1P1P1/P3BK2/R5N1 b - - 1 23,h8h4,black,d4c3,308,333,25
1rbq1r2/pppk1pbp/3p2p1/1P5n/4p2n/B2NP1P1/P1PP1P1P/1R1QKBNR w K - 12 15,d3b4,white,d3b4,232,233,1
r1bq2n1/2pp1ppr/np1b1k2/3p2p1/p1P5/N2K4/PP1BPPPP/1R2QB1R b - - 5 13,f6e7,black,f6e7,454,439,-15
rnb2b1r/p6p/1pp1k2n/3p1pp1/6NP/3P4/PPP1PPP1/RNQ1KB1R b K - 3 17,h6g4,black,h6g4,-422,-459,-37
1r1qkbn1/p1p2p1r/2npb3/6pp/B5P1/5P2/PPPP1K1P/RNBQ2NR b - - 3 10,e6d7,black,e6d7,128,120,-8
rn2kbn1/p1q1pp2/1ppp4/6N1/PP2b3/N3K2p/2PP1PPP/2BQ3R w q - 0 21,e3e4,white,g5e4,-234,-242,-8
r1b2br1/4pk1p/1Bq2N2/pP1p2p1/P4pnP/1n3P1R/2P1P3/2Q1KBN1 w - - 3 25,b5c6,white,b5c6,-244,-268,-24
1nbqk1nr/rppp1p1p/1Q1b1Bp1/8/P1PPpP2/R6P/4P1PR/1N2KBN1 w - - 5 16,b6d6,white,b6d6,170,177,7
rnb2b2/2pp1k1r/1PB1p2p/p5q1/P2P1p2/RP3N1P/3K1PP1/1NQ4R b - - 8 24,b8c6,black,b8c6,-283,-246,37
1r1qkr2/Np3pbp/n1pp1npB/4p3/P5b1/1PQP2PP/2P1PP2/R3KBNR b KQ - 2 11,f6d5,black,g7h6,176,175,-1
1rbqkb1r/ppp1p1pp/3p1p1n/8/3P4/PPP2P1N/nB1QP1PP/RN2KB1R b KQk - 3 8,c8h3,black,c8h3,-362,-365,-3
rnb1kb1r/ppp1p2p/2N2pp1/Qq1p4/6n1/2P2N2/PP1PPPPP/R1B1KB1R w KQkq - 4 12,a5b5,white,a5b5,535,562,27
r1bqkb1r/ppp1p1p1/n4n1p/3p1p2/P7/1P4PP/2PPPPB1/RNBQ1KNR b kq - 0 6,e7e5,black,e7e5,137,121,-16
1rb1kb2/pp1pp3/n5p1/1qp1p1P1/1PP2Pn1/4P2r/P2PK1QP/RNB4R b - - 1 18,b5c4,black,b5c4,746,736,-10
rn4nr/pbpkp2p/1q5b/1p3ppQ/2NPpP2/P1P1K1P1/1P1BB2P/R5NR w - - 0 14,c4b6,white,c4b6,496,502,6
r1bqkbnr/1pppppp1/2n4p/p7/2P1P3/P7/RP1P1PPP/1NBQKBNR b Kq - 1 6,e7e5,black,e7e5,35,38,3
r1bk4/3n4/1Np3p1/p2Q1pNr/1b1P1Pn1/3P4/PPPKB2q/R1B5 w - - 2 26,c2c3,white,c2c3,-654,-682,-28
1n2b2r/2r1pk2/Q1p3pb/P2p2Pp/R1PP1pnP/2N2P2/1PK1P3/2B2BNR w - - 1 20,a6b6,white,a6b6,713,747,34
r1bqk1nr/Pppppp2/8/2n3p1/N3N3/P2PP2p/2PbKP2/R2Q1B1R b kq - 3 18,c5a4,black,c5a4,349,345,-4
2rk1br1/p2qpppp/4Pn2/1ppp3P/P5n1/1P2P3/RBPPN1P1/1N1QKB1R b K - 2 13,d7e6,black,d7e6,-343,-342,1
1nb1qb1r/1p2p1pp/2k4n/2pp1p2/1p1PPPPP/8/rBPK1N2/RN1Q1B1R w - - 1 13,e4d5,white,e4d5,418,428,10
rnbqk1n1/p1pp1pp1/1p1b3r/7p/4P3/2N1P1P1/PPPQ1PBP/R1B1K1NR b KQq - 4 9,b8c6,black,c8b7,-233,-214,19
Nrqk1b1r/p1pp3p/n1b2pp1/2P1pn2/1p3PPP/P2PB2B/1P2P2R/1R1QK1N1 b - - 1 17,f5e3,black,f5e3,660,656,-4
1r3bnr/pbn1p3/2pk3p/Pp1p2p1/3P1P2/1PK2NBR/2PNP3/1R2Q2B b - - 0 25,g5g4,black,g5g4,-642,-655,-13
rn3b2/pb1k1N1r/1n2p3/P1pBq3/1pP4p/RP1PP1PP/3N1P1Q/2B1K2R w K - 1 20,f7e5,white,f7e5,812,804,-8
r1bk2nr/pp3p2/n2p2p1/3Bp1Pp/1b6/4PPP1/PPPP3N/RNBQK2R b KQ - 0 11,g8e7,black,h5h4,-648,-668,-20
2r1kr2/pB4bp/4pP2/1p1pnq2/1PpP3P/2P1P1QR/PB1NK1P1/R5N1 b - - 0 23,f5d3,black,g7f6,-515,-572,-57
rnb1k1qr/7p/p4pp1/1pppp1P1/1Q5R/N1P2PP1/PP1PP1B1/R1B1K1N1 w Q - 4 18,b4c5,white,b4c5,647,665,18
r1b1kbn1/pp1pp2r/6p1/2p1qp1p/1nPPPP2/N2B1Q2/PP1B2PP/R3K2R b q - 1 12,b4d3,black,b4d3,412,449,37
r1bqk3/2ppbrpp/2n1p2n/p1P2pP1/Qp3P1P/3PP3/PP1B3K/RN3BNR b q - 1 15,h6g4,black,h6g4,175,182,7
rn1k4/pbq5/7p/1p1p4/P3P2n/1P2bP1P/2PNP3/RQ1K1BNR w - - 0 23,b1b2,white,b1b2,131,102,-29
2bqkbnr/3np3/p5p1/1pp2prP/P7/2PP1N2/1PQ1BP1P/3RK1NR w Kk - 0 17,f3g5,white,f3g5,312,312,0
rn1knb2/pb1pq3/7r/1Pp1pppp/P7/NQ4PP/1P1PPP2/1RB1KB1R w K - 3 17,h1g1,white,h1g1,-323,-335,-12
rn2kb1r/6p1/p1pppp2/P4PPp/1p1q3P/QP2nB2/4PN2/RNB1K2R w q - 3 25,c1e3,white,c1e3,348,336,-12
r1q1k1nr/p1p1pp1p/4bbP1/1P1pn3/5PP1/1PN5/1BPPP2R/R2QKBN1 b kq - 0 15,e5g4,black,e5g4,-205,-206,-1
1n2kb1r/3rBppp/1p1P4/pQ6/2b5/NP2P1PN/P3nP1P/R3K2R w k - 2 24,a3c4,white,a3c4,837,857,20
2b2b2/3pkpp1/rpn1pn1r/pNp3Q1/4P2P/2R2PP1/PPPP4/1RB2KN1 w - - 1 16,e4e5,white,e4e5,608,589,-19
rnbq1k1r/pppp3p/3bpppn/8/2B1P3/1P3P2/P1PP1QPP/RNB1K1NR w KQ - 2 7,b1c3,white,b1c3,165,154,-11
r1bq1b1r/pp1p1pp1/4k2p/2P4n/P2n1P2/NPP1B1PP/4P3/R3KBNR b KQ - 2 14,d4b3,black,d4b3,593,602,9
r1b1kb1r/p2pp3/n1q2n2/6pp/2p1Pp2/PPpP3N/1BQN1PPP/R1K2BR1 w q - 3 17,c2c3,white,c2c3,54,69,15
3q1kn1/r1p2p2/n1B3p1/p2p3p/1P3PbB/2PP3P/P7/R3KNNR b KQ - 0 21,d8h4,black,d8h4,798,818,20
rnb1kbr1/ppq1p2p/2pp1p2/1B4pn/4P1PN/NP1P4/P1PQ1P1P/R1B2RK1 w q - 3 13,b5c4,white,b5c4,-181,-200,-19
1r2n3/ppk3br/n3b2p/2Pppp2/P3P2P/R1P2P2/3PB3/1NBK2R1 w - - 1 24,d2d4,white,d2d4,-296,-339,-43
r1bqkr2/p1p1ppb1/3p3n/Pp3Pp1/1nPP3p/1N4PB/4PB1P/RQ2K1NR w KQq - 0 18,c4b5,white,c4b5,-126,-137,-11
rnbr4/1pppk1p1/p2n1p2/b5N1/2P2KPp/1q1pP3/1P1P3P/RNB1Q2R w - - 6 26,e1h4,white,e1h4,-441,-485,-44
rn2k1nr/2pp3p/1p3q1B/Pp1Nppp1/6P1/3P1P2/2PP2KP/R2Q1BNR b kq - 0 15,f6h6,black,f6h6,-453,-443,10
3n2nr/1bp1k2p/4p1p1/1P1P1pNP/8/1pNP2P1/2P1R3/R1bQ1K2 b - - 1 23,c1g5,black,c1g5,-464,-465,-1
rnbqkbnr/2ppp3/pp4p1/7p/2P1p3/2N3PB/PP1P1P1P/R1BQK1NR w KQkq - 0 8,h3g2,white,h3g2,221,219,-2
rnbk1b2/3p1p1Q/Pqp5/4p3/2p1nP2/2PP3P/P1K3P1/R4BNR b - - 1 20,b6f2,black,b6f2,622,783,161
r3k1r1/1p3p1n/n1P1p3/p1b3pp/2pN2P1/4PQ2/1R1P1P1P/2B1KBNR w Kq - 2 17,b2b7,white,c6b7,930,934,4
1rb2b2/ppn2k2/2p3pp/2PpBP2/4PP2/1P1K3P/P3B3/R3Q1NR b - - 0 25,d5e4,black,d5e4,-724,-791,-67
1nbqkbn1/2pppp2/r5p1/p7/PpN2PPp/2r5/1PPPPN1P/1RBQKB1R w K - 0 11,d2c3,white,d2c3,473,445,-28
1rb1k1nr/1pp1qp2/3pp1P1/p3P2N/1Q4P1/bP1P1P2/P2P4/R1BK1BR1 w - - 4 24,b4a3,white,b4a3,489,504,15
rnq2bnr/1k2ppp1/1p1p3p/p1p3N1/1PP1PP1P/P4P2/R1QP4/2B1KB1R b K - 4 14,h6g5,black,h6g5,271,263,-8
2b1kqr1/p2rn2p/p4p2/2ppn3/4P1P1/QP2BP1B/P1P2K1P/1R4NR w - - 6 24,g4g5,white,g4g5,76,76,0
1n1qk2r/2p2p1p/r5pn/1p3Bb1/pP1Pp1QN/B1P2pP1/P6P/RN3R1K b k - 3 20,h6g4,black,h6g4,582,572,-10
r1bq1k1r/p1ppb1pp/4p1Pn/8/7P/pP2P3/RNPP4/2B1KBNR b K - 0 18,c8b7,black,c8b7,690,685,-5
rn2kb1r/p2p3p/b1n5/1p2P1p1/1Ppq4/P1B2P1P/2P1P3/3RKBNR b Kkq - 1 20,d4c3,black,d4c3,964,966,2
rnb1kbnr/p1q2ppp/4p3/1ppp4/N1P2B2/P2P4/1P2PPPP/R2QKBNR b KQkq - 3 6,c7f4,black,c7f4,426,424,-2
r1bqkbn1/ppp1ppp1/5n1r/3p3p/5PP1/N3P2P/PPPP1K2/R1BQNB1R w - - 1 9,g4g5,white,g4g5,42,57,15
r2qkbnr/p1p1p1pp/1p3p2/n4b2/P1pP4/5P2/RP1NP1PP/2BQKBNR w Kkq - 0 9,e2e4,white,e2e4,43,34,-9
r1b1q2r/pp1pbBk1/1p3npB/1n2pp1p/2P3P1/2N4P/P1Q1PP2/4K1NR b K - 5 20,g7f7,black,g7f7,457,492,35
R1q3nr/2b2p2/2n2k2/4p1pp/1P1PQN2/8/2K1PPPP/1NB2B1R b - - 2 23,c8a8,black,c8a8,-355,-324,31
4r1n1/p1p2kb1/5pr1/1p3Ppp/1nP5/P3P2B/RP1PN3/1NBK3R b - - 2 24,b4a2,black,b4a2,-269,-280,-11
1rbqkbnr/1p1p1pp1/6B1/2p1p1np/1pP2PQ1/4P2N/P2PK1PP/RNB1R3 w k - 0 13,g4g5,white,g4g5,-26,-36,-10
r1b1k1nr/2ppbpp1/2n1p3/pP2q2p/3PNP2/4P1P1/PPQ1N2P/R1B1KBR1 w Qkq - 4 12,d4e5,white,d4e5,746,736,-10
rn1qkbnr/p1p1pp1p/2b5/3p2p1/Pp6/2P2N1P/NPQPPPP1/R1B1KB1R b KQkq - 3 7,b4c3,black,b4c3,-136,-147,-11
1nq2bnr/1r4p1/1p1pk2p/pB2pp1P/4P3/5PP1/PPPP4/R1BNK1NR b KQ - 1 14,g8f6,black,e6f7,428,412,-16
r1b2bn1/pp2pk1r/n2p2p1/1qp2p1Q/1PP1P3/P5PN/N2P1P1P/R1B1KB1R b KQ - 8 13,h7h5,black,h7h5,-101,-101,0
2bqnb1r/1pppk1p1/r1n5/p3pp1p/1P2PQ2/B1NP4/P4PPP/RN2KB1R b KQ - 1 12,e5f4,black,e5f4,558,543,-15
r3k2r/B1pbb1pN/n6P/1P2p3/q2pP3/5p1P/P2PBPR1/1R1QK3 w kq - 0 26,h6g7,white,h6g7,323,318,-5
rn1q1b1r/pb2pp1p/2kp4/1pp3p1/1P1PP2P/2N2Q2/P1PB1PP1/R3KBNR b KQ - 2 11,c5d4,black,c5d4,-589,-602,-13
rnbk1bnr/1p4pp/8/1p1pp3/3Ppq2/1p5P/PBP3R1/2RK1BN1 b - - 3 24,f4f1,black,f4f1,1158,1209,51
r1b1k1nr/pp1p1pp1/n1pbp2p/1q2P3/P4P2/3P4/1PPN1QPP/R1B1KBNR w KQkq - 1 9,a4b5,white,a4b5,758,766,8
rnb2k2/3B1np1/3b4/pp4q1/1pN5/P2PBp1P/2P2N2/1R1QK1R1 w - - 1 22,g1g5,white,e3g5,652,660,8
rnbq2n1/pp1k3r/2p1pppp/P7/3P4/4bPP1/RPPNP2P/2BQK1NR w K - 4 12,a2a3,white,a2a3,-221,-234,-13
1nbqkb1r/rp1pp1p1/7p/1ppn1p2/3P1PPP/B1N5/P1PQPK2/2R2BNR b k - 3 11,a7a3,black,a7a3,338,337,-1
r1bqkbn1/p1pp1p2/np4pr/4p2p/N7/3PP1QN/PPP2PPP/R1B1KB1R b KQq - 1 7,d7d6,black,d7d6,48,24,-24
r3kb1r/pp5p/nPqB1ppn/3p4/2p3b1/P5PP/2PPPPBR/RN1QK1N1 w Qkq - 3 12,d6f8,white,d6f8,349,425,76
rnb1k2r/pppqp2p/6p1/4Ppb1/1PP5/N2B2n1/P2P1PPP/R1B1K1NR w KQkq - 0 12,h2g3,white,h2g3,-556,-546,10
rnb1kb1r/pp1ppppp/1n6/2p3P1/8/P1Q1qP2/1PP1P2P/R3KBNR b KQkq - 0 9,e3g5,black,e3c3,735,771,36
1n1B2nr/rp3kpp/p7/PNbpp1P1/2PpP1b1/R4NP1/1P3P1R/3QK3 w - - 2 21,f3e5,white,f3e5,836,842,6
rnb1kbnr/1p1p2pp/p3pp2/1qp1N3/2P1P3/PP4P1/R2P1P1P/1NBQKBR1 b kq - 2 9,b5b6,black,b5b6,-286,-272,14
rnbqkb1r/pppp3p/4pp2/1N3Pp1/PP6/4P3/2PP1P1P/R1BQKBNR b KQkq - 0 8,h7h5,black,h7h5,-419,-426,-7
2r4r/p1p2p1p/2k2P1Q/2b1pp2/1pNp4/2P5/PP1KP1bP/RNB2B1R w - - 0 24,f1g2,white,f1g2,869,864,-5
r1bkq3/1pnp1pr1/5R2/p3pp1p/PP2PP2/1Q1P3N/1RN3BP/2B1K3 w - - 0 26,c2e3,white,c2e3,588,597,9
Qn5r/1b1kn1p1/1ppppB2/2P5/1PP3Pp/N6P/P3PK1R/2R2BN1 w - - 0 21,a8b7,white,a8b7,1395,99995,98600
r1b1k2r/p1q1n1bp/5pp1/n1pP3Q/2NPpP2/8/PPP1K1PP/1RB3NR w kq - 0 22,d5d6,white,d5d6,-525,-541,-16
r1bq4/4krBp/n2p1np1/ppp1pP2/1b4PP/2NP4/PPP1QPR1/RN1K1B2 b - - 0 18,f7g7,black,f7g7,91,99,8
r3k2r/2pb3P/nBq2n2/pp1pPpp1/6RP/b1PP4/PP2PK2/RN2QBN1 b kq - 1 19,f6g4,black,f6g4,542,534,-8
rnbq3r/4bppp/p4k1n/2pp1p2/pPPP3P/4P3/P4PPR/RNBK1B2 b - - 1 20,h6g4,black,c5b4,821,795,-26
rq2k3/p2b1pr1/3P2pn/Pp4Pp/1n1Pp2P/bp3N2/1BP2PR1/3QKB1R w q - 4 24,g5h6,white,g5h6,-262,-311,-49
r3k2r/1ppn4/P4q1n/4NP1p/3PpP1b/P1N1p3/1B4QP/1R1K1B1R w - - 5 24,a6b7,white,a6b7,581,591,10
r1bk3r/7p/n2p1n1b/1ppPpp2/4Pp2/P1PB1P1N/3N2PP/R3K2R b K - 1 21,c5c4,black,c5c4,519,526,7
r1bqkbnr/ppp1p2p/3p2p1/4np2/8/P7/1PPPPPPP/RNBQKBNR w Kkq - 0 6,d2d4,white,d2d4,-61,-60,1
2rk1r2/p1p1b3/1Nnp1np1/4p3/1P5p/2P1P2P/P1Q1BK2/R1B3NR b - - 0 21,c7b6,black,c6b4,-484,-547,-63
rnb1kbn1/p1pqppp1/1p1p3r/7p/1P1P1P2/8/PBPKP1PP/RN1Q1BNR w q - 4 6,g1f3,white,e2e4,15,-24,-39
4kb2/rpp1pp1r/2n2n2/p3q1pp/P2P1PP1/2P2K2/1P1BP2P/RN3BNR w - - 0 15,f4e5,white,f4e5,437,434,-3
3k1b1r/r1p1p1Bp/npbpP3/p4pQ1/P2P1P2/1PP4P/R2nK1P1/6NR w - - 5 22,a2d2,white,a2d2,642,650,8
rq2k1nr/p1ppp3/n7/5ppp/pP3PP1/Q1b1B2N/R1PNK2P/5BR1 b kq - 0 16,c3b4,black,c3d2,-243,-258,-15
rn2k1r1/1n3ppp/p7/2bN4/1pp2P1P/4P2b/3PBKPR/RNB5 w q - 6 26,h2h3,white,h2h3,425,395,-30
rn2q3/4kpbr/1p2N1p1/4P2p/pP1K1n2/B3P2b/P1P2PPP/RN2QB1R b - - 0 21,f4e6,black,f4e6,297,315,18
rnb1k1nr/1pp2ppp/3pp3/p4qP1/Pb6/2PP3N/1P2PPBP/RNBQK2R w KQkq - 3 8,e2e4,white,c3b4,319,315,-4
1rbqkbn1/1pp1pppr/n7/p2p3p/3P1N2/P2QPP2/1PP3PP/RNB1KB1R b KQ - 0 7,h7h8,black,h7h6,-140,-141,-1
rnb2b1r/3k1pp1/p2pqP2/1p1pP2p/1PN2P2/P6P/R1PP4/2BQK1NR b K - 1 16,d5c4,black,d5c4,386,384,-2
2b1k1nr/3p3p/n3p1pb/1PB5/r2PPp1P/Pp3PP1/3RN3/q2QKBNR b Kk - 0 23,a1d1,black,a1d1,178,166,-12
rnb3kr/ppp1b2p/2qp2pn/P7/1PP1p1p1/N3P2P/1BQPNP2/R3KB1R w KQ - 0 13,c2c3,white,c2c3,606,657,51
1r2kb1r/1p2p1p1/n1p4p/p3p2n/1Qq1Pp1P/N7/PP3PPN/1RK4R w k - 0 22,b4c4,white,b4c4,551,518,-33
5bnr/rp2nkp1/p3b2p/P2pqp2/2pP4/1PK3PN/1BP1PPBP/RN5R b - - 2 19,e7c6,black,e5b8,674,660,-14
rn1q2nr/pbpp1p1p/3kp1p1/1p6/1P3P2/N1P2N2/P2PP1PP/R1BQKB1R w KQ - 1 9,e2e4,white,e2e3,584,574,-10
rnbqkb1r/pppp3p/4pnp1/4Pp1Q/8/P2B4/1PPP1PPP/RNB1K1NR b KQq - 0 7,f6h5,black,f6h5,677,685,8
r3kb1r/pbp1qp1p/3ppn2/np4p1/1N4P1/BP3P2/P1PPP2P/1R1QKBNR w Kkq - 6 11,h2h4,white,h2h4,-129,-129,0
r1bqkb1r/pp3pp1/n2p3p/P1p1p1n1/4P1QP/6P1/1PPPKP2/RNB2BNR b kq - 0 9,c8g4,black,c8g4,715,713,-2
rn1k1bn1/ppp3pr/1N3p1p/4p3/3P4/P1P1q2P/1P1B1PP1/RN1K1B1R w - - 1 12,d2e3,white,d2e3,159,147,-12
rn2kb1r/p2b2pp/4p2n/1pp2p2/PPBpPPq1/N6P/2PP2P1/R1BQK1NR w KQkq - 0 11,h3g4,white,h3g4,526,527,1
r1bqr3/pp2k1b1/5pp1/2p1p2p/1P4B1/P2PBP1P/4KRP1/1N1Q2NR w - - 1 19,g4c8,white,g4c8,517,498,-19
r1bqkb1r/p1pppppp/2n2n2/1p6/2P5/5PPN/PP1PP2P/RNBQKB1R b KQkq - 4 6,b5c4,black,b5c4,174,171,-3
1n1q4/2pp1Qpr/3P1p1n/p1r1p1kp/4P1P1/N6P/PBPKbP2/R5NR b - - 4 23,h6f7,black,h6f7,451,464,13
rkq2br1/p5p1/P2p1p1p/1p2p1N1/P4Pb1/2Q3P1/RBP1P2P/1N2KBR1 w - - 2 21,g5f3,white,c3c8,629,609,-20
r1b1kbr1/pp1pn1p1/1qp1p1Pp/4np2/P2P1P2/1P6/2PQP1BP/RNB1K1NR w KQq - 1 10,f4e5,white,f4e5,411,411,0
rnb1kb1r/ppp1np1q/6p1/4p2p/1P1PP2P/P1P5/4NPP1/RNB1K2R b KQ - 0 13,f8h6,black,h8g8,776,758,-18
1nbq1bnr/2ppk2p/r5p1/p3p3/Pp3p1P/N1PPPP2/1P2B1P1/R1BQK1NR w KQ - 0 10,a3c4,white,a3c2,194,186,-8
r1bqkb2/p1ppppr1/1p3n2/2n4p/P1P1Pp2/N2P2P1/1P2KP1P/R1BQ1B1R b q - 3 11,e7e5,black,e7e5,459,465,6
1rb1kb2/2q1pp1r/5n2/1pppP1Pp/pPnP4/P1NK2P1/1BP2PB1/R3Q1NR w - d6 0 21,e5f6,white,e5f6,168,160,-8
1rb3nb/3p1p1r/n4k1p/pB2p1p1/P2pP1P1/2N2P2/q1P1K2P/1RBQ2NR w - - 6 17,c3a2,white,c3a2,717,712,-5
rnbqkbn1/pppppp2/3r4/6p1/P5pP/2P2P2/1P1PPK2/RNBQ1BNR w q - 0 9,h4g5,white,h4g5,75,50,-25
bn1qkbnr/r3ppp1/ppP4p/3p4/P3N3/4PN2/1PP1QPPP/R1B1KB1R w KQk - 2 10,e4g3,white,e4g3,-4,-3,1
2kr1b1r/pp1bn3/4pp2/2p4p/n1P1P1PR/P2PK3/R7/1N2QBN1 b - - 0 25,f8h6,black,f8h6,-217,-202,15
r1bqkb1r/2ppp2p/np5n/p7/PP1P1ppP/3Q2P1/N1P1PPBR/1RB1K1N1 b q - 3 12,a8a7,black,a8a7,-194,-179,15
rnbqk2r/1pppppbp/p7/7Q/P2N2p1/1P4P1/2BP1P1P/RNB1KR2 w Qk - 0 11,c1b2,white,c1b2,243,269,26
r2qkb1r/1p2pp2/4bn1n/p1pp2p1/PP2P2p/3P1PPN/R1P4P/1NBQKBR1 b kq - 0 12,d5e4,black,d5e4,374,357,-17
3qkb2/rbppp2n/1pn2p1r/pN4p1/PP1PP1P1/2PQ3P/5P1R/R3KBN1 b Q - 0 17,a7a8,black,b7a6,248,228,-20
r1b3nr/p1qpkp2/nppbN2p/8/5P1P/1P1BPp2/P1PP2P1/R1BQR1K1 b - - 0 16,f3f2,black,f3f2,430,418,-12
rnq1k2r/2ppp2p/pp3ppb/3B4/3P3P/4nQ2/PPP1PP2/RNB1K1NR w kq - 1 14,c1e3,white,c1e3,664,670,6
2kr1b1r/1p2pp2/2pqbn1p/pB1p3p/1N3PPR/PP1PP3/2P5/R1BQK1N1 b Q - 0 19,a5b4,black,c6b5,279,278,-1
rn1q1b2/1p1kpprp/2p1b1pB/p2p4/NP1nP3/3K1P2/P1P1Q1PP/RN3B1R b - - 1 12,d4e2,black,d4e2,644,685,41
2b1r3/p2p1kp1/2n1pPB1/8/PbpN1pPp/5P2/PBPP1K1P/R3Q1NR b - - 2 23,f7g6,black,f7g6,-894,-914,-20
rnbqkbnr/p2pp2p/8/Bp1p2N1/3P1p2/8/PPP1PPPP/R2QKB1R w KQkq - 0 8,a5d8,white,a5d8,483,529,46
rn1q1bnr/1p2k1p1/2p1b2p/p1Kp1p2/4pP2/1PB3P1/P1PPP2P/RN1Q1BNR w - - 2 12,c3a5,white,c3a5,-799,-748,51
rnb1k2r/5p1p/1b2pP2/pp2q2p/NP1p2P1/P2P4/2P1P3/RNBQK2R w KQkq - 2 21,a4b6,white,a4b6,0,0,0
1nb1kbnr/r1qp1pp1/1p5p/1p2pP2/PPp4P/B1P5/R2PP1PR/3QKBN1 b k - 0 13,e5e4,black,g8f6,555,544,-11
4r1n1/pb1pkpp1/2Pb4/1K2pQ2/6Pr/1P3R1N/1P1BP1BP/RN2q3 b - - 6 23,b7c6,black,b7c6,162,185,23
rn1qk2r/pbpp1p1p/7n/1p2p1p1/1b1P1P2/N3P2P/PPPB2PR/R2QKBN1 b Qkq - 2 7,g5f4,black,g5f4,98,114,16
rn2k1nr/1ppb2p1/1N6/2b1ppNp/pP1p1P1P/B2P3R/P1P1P1P1/R2QKB2 b Qkq - 2 13,c5b6,black,c5b6,-497,-496,1
r1b4r/6p1/ppp2k2/7p/3pP3/N1Pn1PP1/PP1K3P/R5bR b - - 1 22,d3e5,black,d3e5,499,542,43
1nbqkbnr/1r1pp1pp/8/ppp2p2/PP2P3/2P5/1B1PKPPP/RNQ2BNR b k - 3 7,f5e4,black,f5e4,149,151,2
rnbqkb1r/2pp1p1p/5n2/p2Pp1p1/4P1PN/7B/RPP2P1P/1NBQK2R b Kkq - 0 11,g5h4,black,g5h4,250,250,0
1nb1kbnr/r1pp1ppp/p3p3/1p2q3/2PP2P1/Q1N1PP1N/PP2K2P/R1B2B1R b k - 5 10,f8a3,black,f8a3,-32,-37,-5
r3k3/2nbN2r/1p2B1pp/p1p2p2/P3Pp2/2pP4/2PQ1NPP/1R2KR2 w - - 4 25,d2c3,white,e6d7,761,724,-37
rnbqk3/1p4pr/2p1p2p/p2n1p2/N3P3/1Q4PP/PPPP1P2/R1B1K1NR b KQq - 0 14,f5e4,black,f5e4,-73,-90,-17
r1b1k1nr/pppp1np1/4pq1p/5p2/P4P2/bP5P/2PPP1BR/RNBQK1N1 w Qkq - 5 10,a1a3,white,a1a3,200,189,-11
r1bq2k1/1pppp3/p1n2r1p/2P2p1P/2PP2pN/N3P1PR/PB2P2Q/R3KB2 b Q - 0 17,d7d5,black,d7d5,-422,-427,-5
1n1qkb1r/r3p1pn/p4pbB/1p2R3/1P1P3P/N3pP2/P3K1P1/R3QBN1 w k - 5 19,e1g3,white,e1g3,-226,-250,-24
2b1kbnr/3q1pp1/rppp4/p3p2p/PQP3P1/1n2KP2/RP1BP2P/1N3BNR w k - 1 13,b4b3,white,b4b3,-113,-83,30
r7/ppp1n1br/2n1k1pq/8/1NPpP1P1/7b/1PQ2P1P/R2K2NR w - - 0 23,b4d5,white,b4d5,-488,-475,13
1nb1kbnr/rp1ppppp/1q6/p1p5/2N5/3PB2N/PPPKPPPP/1R1Q1B1R b k - 3 9,b6c6,black,b6c6,81,70,-11
r6r/ppq4p/1npk2bn/1B1p1pp1/Pb1P3P/R1P1PPP1/1P6/1NB1KR2 w - - 3 24,c3b4,white,c3b4,-714,-709,5
rnq1kb1r/p1p1p1p1/b1P4p/1p1p1p2/5PPn/4P2N/PP1P3P/RNBQ1K1R b kq - 0 12,g7g5,black,f5g4,617,616,-1
rnbqkbnr/2pp4/1p2ppp1/p6p/3PP3/2P4N/PP3PPP/RNBQKB1R w KQkq - 0 7,h3f4,white,f1d3,161,168,7
rnb4r/pp2q2p/3ppk1n/3P1pp1/P1p1PP1P/P2R4/2P1N1P1/RNBQK3 w Q - 1 15,f4g5,white,h4g5,332,345,13
1rbk1br1/pppp1pp1/2n4p/2P1p3/P3n2q/8/1P1PPPP1/RNBQKBNR w KQ - 0 10,h1h4,white,h1h4,567,537,-30
r1b1kb1r/p2p1p1p/4p1p1/n3q3/B1pPP2n/P4NP1/1PPK1P1P/RNBQ3R w kq - 3 15,f3e5,white,f3e5,690,726,36
r1bqkr2/p2p1p2/Bp2Q3/n3p1p1/1Pp4n/2P1P3/P1NP1PP1/R3K1NR b KQq - 1 18,f7e6,black,f7e6,561,545,-16
r2qkb1r/p1p1pppp/n6n/1P1B1b2/5NP1/7P/PP1PPP2/RNBQK2R w KQkq - 1 9,b5a6,white,b5a6,597,601,4
2bqkb1r/1pp1pp1n/3p4/7p/pP2P2P/P1P2B2/R2QK2B/1NR5 b k - 1 24,e7e5,black,e7e5,-208,-215,-7
r1bqkb1r/4p2P/1pn2n2/p1pp4/5p2/NPPP1P1N/P3P1P1/R1BQKB1R b KQkq - 3 12,e7e5,black,e7e5,62,88,26
r3kb1r/3b1ppp/p1n1p2n/qpp1p3/1P2P3/3PB3/N1P2PP1/R2QKB1R w KQkq - 2 12,b4a5,white,b4a5,463,469,6
rn2kbnr/p1p3pp/b2qpp2/1p6/2p1P1P1/2N2P1B/PP1P1K1P/R1BQ2NR w kq - 1 10,d2d4,white,d2d4,-256,-253,3
rnb4r/ppp3pp/5k1n/5P2/1b1pp3/P1NQ4/RBP1NP1P/3K1BqR w - - 2 18,c3e4,white,c3e4,797,810,13
rn3b1r/pb1ppp1p/1k4p1/1p3n1Q/P1pPPP2/BP3q1P/N3R1K1/3R4 w - - 2 26,h5f3,white,h5f3,-352,-344,8
r1bqk2r/1ppp1p2/p4n1p/P1b1N1p1/3P3P/R1P1PP2/1PQ1B1P1/1NB1K1R1 b kq - 1 13,c5a3,black,c5a3,-436,-424,12
1nb2knr/rpp2pp1/p3p3/b2p3p/6P1/3KP1N1/PPPP1P1P/R1BQ1B1R b - - 7 12,h5h4,black,e6e5,-436,-454,-18
1n5q/rppkn3/5B1b/3Nppp1/PP2P2p/6PP/2PPP1B1/R1Q1K1NR w K - 1 25,f6h8,white,f6h8,886,946,60
r3kb1r/1ppbpNpp/p3q2B/3p3P/P2P1P1P/2n1P2R/1PP1B3/1N1QK3 w kq - 2 16,b1c3,white,b1c3,-344,-378,-34
r1bk1br1/p3pQ1B/1p6/2pp2pn/P1PP1PP1/B1n1P2N/7P/RN2K2R b KQ - 0 18,c3b1,black,c3e2,-788,-864,-76
rnb1k2r/p1ppBp1p/1p4p1/q1N4n/4p1P1/1P2P2P/P1PP1P2/RN1QKB1R w KQkq - 0 12,g4h5,white,g4h5,436,447,11
r1b1k1nr/pp1pp1b1/n3qp1p/6p1/PPp2PPP/2N1RN2/2PPP1B1/1RBQK3 w kq - 2 14,e3e6,white,e3e6,502,484,-18
rnbqkbnr/2p1p1p1/5p1p/pp1p4/1P5P/P5PN/2PPPP2/RNBQKB1R w KQkq - 0 6,h3f4,white,h3f4,99,96,-3
r2qkb2/1ppbppp1/p2p3n/3N3P/P1n3r1/RP6/Q2PPPBP/2B1K1NR w Kq - 3 13,b3c4,white,b3c4,-8,-5,3
1rb1k2r/n1qp4/1p1Q2pp/p3Pp2/P1p1PpPP/NPP5/1R2K3/2B2BNR b k - 1 22,c7d6,black,c7d6,-535,-522,13
r1k2b1r/p2nqp1p/1p5n/P3p1p1/5N2/1pPP2Q1/3K1PPR/1R3B2 w - - 0 23,g3f3,white,g3f3,-341,-363,-22
4k1nr/q2bPpp1/r1p4p/6P1/3PpN1P/pn2PP2/1B4B1/RNQ1K2R b Qk - 0 21,b3c1,black,b3c1,405,400,-5
rnbqkbn1/p3pppr/3p4/1pp4p/P4P2/2N5/1PPPPNPP/R1BQKB1R b KQq - 0 6,b5b4,black,b5b4,-74,-67,7
rnbqkb1r/1p1pnp2/7p/2p1p3/1pP1Pp2/P7/R2P2PP/1NBQKBNR b Kkq - 3 9,e7c6,black,e7g6,347,343,-4
rnbq1bn1/1p3k2/p1pp2p1/4p2r/1PP3B1/B2PP2N/P4P1P/RN2K2R w KQ - 0 14,g4h5,white,g4h5,-585,-566,19
3r1bnr/p3p3/1qb2pkP/1p1p4/P2p3P/Q1P1B3/1P2P1PR/RN2KBN1 b Q - 0 18,d4e3,black,d4e3,214,233,19
r1b2bnr/pp1k4/2p5/P2p1ppp/qPPnpPPP/3RP2B/3K1B2/1N1Q2NR w - - 0 24,d1a4,white,d1a4,416,404,-12
rnk1bb2/2p3pr/1pq1p3/p3PP1p/2P1Q1B1/PP6/3B1P1P/RN2K1NR b KQ - 1 23,c6e4,black,c6e4,727,716,-11
r2k1bn1/ppq1p2r/4b1pp/P1p2B2/1n4P1/NPp1PP2/3P1K1P/RQB3NR w - - 2 17,f5e6,white,f5e6,431,480,49
1nb1kbnr/rp1pppBp/p6q/2p5/2P3P1/1P6/P2PPP1P/RN1QKBNR w KQk - 1 6,g7h6,white,g7h6,595,588,-7
rnb3nr/pp2p1k1/q5pp/3p1pNP/2p5/RPP3PB/3PPP2/1N1QK1R1 b - - 0 18,a6d6,black,a6d6,176,170,-6
r1bqkb1r/p1pppppp/8/1p1n4/2N2P2/P2P3P/1PQPP1P1/R1B1KBNR b KQkq - 2 7,b5c4,black,b5c4,-160,-151,9
r1b1kb1r/2p1q1p1/1pn2p1Q/p1P1pn1p/P2Pp3/NP3N2/4KBPP/R4BR1 b - - 3 23,h8h6,black,h8h6,855,835,-20
1nbqk2r/r2p1ppp/2pbp3/pp1P2NP/2P4B/8/PP1NPPP1/1RQ1KB1R w K - 5 14,h5h6,white,g5f7,707,690,-17
rnb1k3/pp1pb2p/2p1r2P/4Pp2/P7/2P5/2RPQKPR/1NB2B2 b q - 2 21,d7d5,black,b7b5,-727,-750,-23
1rb2bnr/1p1nq1p1/2ppppkp/pN6/3P1P1P/1P2B1P1/P1P1P1K1/R3QBNR w - - 3 12,b5c3,white,b5a7,28,39,11
1nbk2n1/r2p1p2/1p1b4/pPp1pPpr/P6P/3P2p1/R1PB1PP1/1N1K1BR1 b - - 0 22,g3f2,black,g3f2,418,422,4
2bqk1nr/r1ppb2p/4p3/p4QP1/PpPn1Pp1/RP6/3PP1BR/1NB1K1N1 w k - 1 14,f5e5,white,f5e5,183,215,32
rnb2b1r/1p1p2kp/p6n/1NPqpp2/P4Pp1/4P3/2PP1K1P/RNB3R1 w - - 0 19,c1b2,white,c1b2,-657,-726,-69
r1bqk1nr/pp1p2pp/n1p2p2/1Nb1P3/1P6/8/P1PPP1PP/R1BQKBNR b KQkq - 1 6,f6e5,black,f6e5,-52,-52,0
rnbqk1nr/p3ppbp/1ppp2Q1/6p1/5P1N/2P5/PP1PP1PP/RNB1KB1R b KQkq - 2 6,h7g6,black,h7g6,742,743,1
r1qk1b1r/2p4p/b3ppp1/p7/Pp1P1PKP/1Pn3PN/R1Q1P3/1nB2BR1 b - - 3 22,e6e5,black,c3a2,680,674,-6
r2k1b1r/2p2p2/np1p1nQ1/4p2p/p2P1N1P/1P2P1Pb/P1P2P2/RNB1KB1R b KQ - 0 18,f7g6,black,f7g6,-414,-424,-10
1r3bnr/1p1bp2p/1k1p1p2/4N1p1/2P1P1PP/Q1p5/P3KP2/RN3BR1 w - - 0 22,e5d7,white,e5d7,898,939,41
r1b1knnr/1pp1pp2/8/pq5p/2P1P3/P1bPKPpN/RBP2QPP/5B1R b kq - 3 15,b5c5,black,b5c5,702,675,-27
rnb2rn1/pp1pk3/2P4p/2P5/4pp2/P1PqpNPP/3RP1B1/2BQK2R b K - 4 19,d3c3,black,d3c3,242,257,15
rnbqkb1r/pp1n2pp/2pp4/4Pp2/7P/2N5/PPPPP1P1/R1BQKBNR w KQkq - 1 7,d2d4,white,e2e4,50,53,3
r1bqkbn1/2p1p2r/1pn3pp/1p1P1p2/5P2/P2PB3/1P2P1PP/1NK1RBNR b q - 1 13,d8d5,black,d8d5,692,704,12
r2qkb1r/p2pp3/bpQ5/2P2p1p/2N2P1P/2P4n/PP2P3/1R2KB2 w - - 0 24,c6g6,white,c6g6,99999,100000,1
N1bq3r/3p4/p1kb1np1/1p2p3/3n4/NP1PP1P1/P1P2P1P/R1B1KB1R w KQ - 1 17,f1g2,white,f1g2,-313,-320,-7
r1bk2nr/1p1pp3/2p2p1b/4n2p/2P4P/8/PP1PPPP1/R1B1KBNR w KQ - 0 11,e2e3,white,e2e3,-280,-281,-1
r1bqkb1r/3npp2/p1pp2pn/7p/R1N4P/1pPP1P2/4PKP1/2BQ1BNR b kq - 2 13,d6d5,black,d6d5,349,331,-18
rn1qk2r/pb1nb3/1pppppp1/1P5p/4Q3/2N1P1PN/P1PPBP1P/R1BK3R b q - 3 14,d7f8,black,d7f8,102,107,5
3k1nn1/3Bb1p1/2pp1r2/rp4qp/4pP2/P1P1P1P1/1PNPN2P/1RBK1R2 b - - 1 25,f8d7,black,f8d7,549,552,3
rn2n1r1/6k1/p1bbP2p/1pp2PN1/1qp5/N3PP1P/PPK3B1/R1B3R1 w - - 1 26,c1d2,white,g5f7,-445,-453,-8
rnb1r3/p2pkp2/1pp4p/1q2p2P/1PPPPpn1/b4P2/Q5P1/RNB1KBR1 b Q - 1 17,b5b4,black,b5b4,75,83,8
r1bqk1nr/p1ppp2p/2n2p1b/1p4p1/2N3P1/5P1P/PPPPP3/R1BQKBNR w KQkq - 0 6,c4e3,white,c4e3,1,-7,-8
r2k1br1/pp2ppp1/B1p4p/2qp4/1P1P1n2/P3P1Pb/R1PB3P/1N1QK1R1 b - - 1 13,c5d6,black,c5d6,-34,-31,3
r1b3nr/2pkbppp/ppnp4/2P5/3pP3/1P5P/P2PKPP1/RNBQ1B1R w - - 1 12,c5d6,white,c5d6,488,483,-5
r3kb1r/nppb1ppp/B2p3n/p3p3/P3PPQq/R4K1P/1PPP2PR/1NB3N1 w q - 2 12,g4h4,white,g4h4,521,505,-16
1q2n1nr/p2k3p/b1p5/1r2bPN1/R1PpP1R1/3P4/1P1N1P1P/2BK1B2 b - - 2 24,b5b6,black,b5b6,279,292,13
rnb1kb1r/pp1p1ppp/2q4n/1Bp1p3/7P/4PP2/PPPPN1P1/RNBQK2R b kq - 0 7,c6b5,black,c6b5,343,356,13
r1bq1b1r/p2k1pp1/n2p1n1p/1pp1p3/3NP2P/1P5Q/P1PP1PP1/RNB1KB1R b KQ - 1 10,d7c7,black,d7e8,-115,-144,-29
r1bqkr2/pppp1ppp/2n1p3/2b5/6n1/N1P2NP1/PP1PPP1P/R1BQKB1R w KQq - 4 7,d2d4,white,d2d4,75,70,-5
2b1k2r/1ppp1pBp/n3pnpq/r3P3/pP4PP/N2P4/P1P2P2/2RQKBNR w Kk - 1 14,g7h6,white,g7h6,775,782,7
r2q1bnr/1p2k3/4p1Bp/pbppp1N1/5PpP/2P1P3/PP1P2PR/RNBK4 b - - 8 18,h6g5,black,h6g5,710,707,-3
1rbk2nr/3pqp2/ppp4Q/6p1/NBP1p1P1/1P1P1P2/1P1KP1BR/1R4N1 w - - 1 21,b4e7,white,b4e7,1003,1046,43
1n2k1nr/r3p1b1/p2p1ppp/P1p2P2/N1p3Q1/7P/1P2K1PR/R1B1NB2 b k - 1 18,e7e5,black,b8c6,-762,-788,-26
r1b5/pp1qnk1r/n4pp1/2ppp2N/1PPPP3/N3bP2/PB4PP/R1Q1KB1R b - - 2 17,e3c1,black,e3c1,537,525,-12
rn1qkbr1/1bp3pp/pp1p3n/4pp2/1P1P4/4BNP1/P1P1PP1P/RQ2KBNR w KQq - 0 9,e3h6,white,e3h6,49,45,-4
r1b1qn1r/2p1kpb1/p5pp/1p1p4/P2P1P2/1BK1nPP1/1PP1QN1P/RN5R b - - 4 18,f8e6,black,f8e6,408,444,36
2b1k2r/r1p1p1b1/p2q1ppp/3p2PP/pnPP1P2/6B1/1P2P1K1/1nRQ1BNR w - - 1 22,c1b1,white,c1b1,-143,-138,5
8/p2k1pbr/bn1p2Qn/1pp5/1PN1p1Pp/2Pq4/P3PPNP/R1BK3R w - - 0 26,e2d3,white,e2d3,-6,1,7
r4b1r/1bq1Bkp1/pp5n/2PP3p/P3pP1P/3P1P1N/4PK1R/R1Q2B2 w - - 0 25,h3g5,white,e7f8,485,463,-22
rn3b1r/pp1k1p1p/2p2n2/4p1pb/1qB5/P1P1P1NN/3PQPPP/RKB4R w - - 0 21,a3b4,white,a3b4,544,533,-11
rnbqkb1r/2p1pppp/1p1p4/Q5N1/5PPP/n2P3B/RPP1P3/2B1K2R b Kkq - 0 12,a3c2,black,a3c2,713,700,-13
rn2kb1r/4p2B/6p1/R1P2p2/3PpP2/6Qq/5NPP/1NB1KR2 b - - 0 22,h3g3,black,h3g3,-432,-454,-22
r1bq1bnr/p1pk1ppp/np2p3/3p4/3P3P/P3PN2/1PP2PP1/RNBQKB1R w KQ - 1 6,f3e5,white,f3e5,661,661,0
rn3bnr/3kp3/3Nbppp/ppp3B1/2pP1P2/P5PB/1P2P2P/RN1QK2R b Q - 1 21,e6h3,black,e6h3,-528,-527,1
1nbrk3/1p2p1b1/rqp1pnB1/Q7/P2p1P2/6PN/1PPP2P1/RNB1K2R b KQ - 2 19,e8f8,black,e8f8,-290,-264,26
r1bqkb1r/p1pppp1p/1p6/6p1/P4Pn1/1P5N/2PBPP1P/RN1QKB1R w KQkq - 0 10,e2e4,white,e2e4,391,374,-17
